_time,namespace_x,pod_name_x,container_name_x,node_name,inventory-cluster-id_x,inventory-rack-id,inventory-server-id_x,cpu_usage_core_nanoseconds,cpu_usage_nanocores,logsfs_available_bytes,logsfs_capacity_bytes,logsfs_used_bytes,memory_major_page_faults,memory_page_faults,memory_rss_bytes,memory_usage_bytes,memory_working_set_bytes,rootfs_available_bytes,rootfs_capacity_bytes,rootfs_used_bytes,pod_key,namespace_y,pod_name_y,container_name_y,inventory-cluster-id_y,inventory-server-id_y,kepler_container_joules_total,kepler_container_microwatts_consumption_total,inventory-cluster-id,inventory-server-id,node_fqdn,vm_id,vm_name,cpuload,disk_free,disk_total,disk_used,disk_used_percentage,mem_free,mem_total,mem_used,mem_used_percentage,status,swap_free,swap_total,swap_used,swap_used_percentage,uptime,placement,plugin,activePower,apparentPower,cumulatedEnergy,current,currentTHD,partialEnergy,peakFactor,powerFactor,reactivePower,latency_ms
2025-09-05 10:38:56,quickpizza,quickpizza-8b95978b5-jgvvs,quickpizza,neuronet-k8s-w2,flux,r4,Neuronet-ClusterTest,148544831000,2172538312,22659010560,33104523264,32727040,0,285565,78041088,82669568,82669568,22659010560,33104523264,32768,quickpizza/quickpizza-8b95978b5-jgvvs,quickpizza,quickpizza-8b95978b5-jgvvs,quickpizza,flux,Neuronet-ClusterTest,9460.5,108142050.0,flux,flux-node1,flux-node1.av.it.pt,301,neuronet-k8s-m2,0.328732834789418,34359738368,34359738368,0,0,496128000,4294967296,3798839296,88.4486198425293,running,0,0,0,0,5488206,right,pdu,91.546,86.553,217130.01031312,0.399,9.0,217130.01031312,1.625,0.996,-0.687,1575.11
2025-09-05 10:39:56,quickpizza,quickpizza-8b95978b5-jgvvs,quickpizza,neuronet-k8s-w2,flux,r4,Neuronet-ClusterTest,269400419000,2252322516,22677766144,33104523264,35307520,0,668155,118259712,124645376,124645376,22677766144,33104523264,32768,quickpizza/quickpizza-8b95978b5-jgvvs,quickpizza,quickpizza-8b95978b5-jgvvs,quickpizza,flux,Neuronet-ClusterTest,16115.196,110911600.0,flux,flux-node5,flux-node5.av.it.pt,304,neuronet-k8s-w2,0.844342667354073,34359738368,34359738368,0,0,1004290048,4294967296,3290677248,76.61705017089844,running,0,0,0,0,5445907,right,pdu,67.275,69.589,164662.00782103,0.295,11.2,164662.00782103,1.578,0.99,-6.305,5841.4
2025-09-05 10:40:56,quickpizza,quickpizza-8b95978b5-jgvvs,quickpizza,neuronet-k8s-w2,flux,r4,Neuronet-ClusterTest,404545819000,1758135896,22674919424,33104523264,36950016,0,1105840,67637248,72368128,72368128,22674919424,33104523264,32768,quickpizza/quickpizza-8b95978b5-jgvvs,quickpizza,quickpizza-8b95978b5-jgvvs,quickpizza,flux,Neuronet-ClusterTest,23386.2,121183400.0,flux,flux-node3,flux-node3.av.it.pt,306,neuronet-k8s-lb,0.0131132730845973,34359738368,34359738368,0,0,414449664,2147483648,1733033984,80.70068359375,running,0,0,0,0,5068298,left,pdu,70.165,74.71,178185.00846333,0.308,11.7,178185.00846333,1.653,0.986,-7.613,3862.71
2025-09-05 10:41:56,quickpizza,quickpizza-8b95978b5-jgvvs,quickpizza,neuronet-k8s-w2,flux,r4,Neuronet-ClusterTest,460082566000,115903139,22671982592,33104523264,38936576,0,1659803,47779840,50475008,50475008,22671982592,33104523264,32768,quickpizza/quickpizza-8b95978b5-jgvvs,quickpizza,quickpizza-8b95978b5-jgvvs,quickpizza,flux,Neuronet-ClusterTest,27029.358,60719299.99999999,flux,flux-node1,flux-node1.av.it.pt,300,neuronet-k8s-m1,0.305417267896703,34359738368,34359738368,0,0,748204032,4294967296,3546763264,82.57951736450195,running,0,0,0,0,5488561,right,pdu,97.096,88.251,217134.01031331,0.423,6.2,217134.01031331,1.59,0.997,-0.524,805.94
2025-09-05 10:42:56,quickpizza,quickpizza-8b95978b5-jgvvs,quickpizza,neuronet-k8s-w2,flux,r4,Neuronet-ClusterTest,499557049000,1424465270,22669344768,33104523264,40976384,0,2098663,55451648,58753024,58753024,22669344768,33104523264,32768,quickpizza/quickpizza-8b95978b5-jgvvs,quickpizza,quickpizza-8b95978b5-jgvvs,quickpizza,flux,Neuronet-ClusterTest,31584.537,75919650.0,flux,flux-node1,flux-node1.av.it.pt,302,neuronet-k8s-m3,0.279073578898378,34359738368,34359738368,0,0,437800960,4294967296,3857166336,89.8066520690918,running,0,0,0,0,5488424,right,pdu,59.463,53.114,129720.00616137,0.263,12.5,129720.00616137,1.678,0.975,-7.156,3250.91
2025-09-05 10:43:56,quickpizza,quickpizza-8b95978b5-jgvvs,quickpizza,neuronet-k8s-w2,flux,r4,Neuronet-ClusterTest,37833629000,2503658124,22691958784,33104523264,20852736,0,35675,88412160,92631040,92631040,22688882688,33104523264,32768,quickpizza/quickpizza-8b95978b5-jgvvs,quickpizza,quickpizza-8b95978b5-jgvvs,quickpizza,flux,Neuronet-ClusterTest,34743.285,52645800.00000005,flux,flux-node3,flux-node3.av.it.pt,311,neuronet-5g-core,0.145493742232351,85899345920,85899345920,0,0,8933908480,17179869184,8245960704,47.9978084564209,running,0,0,0,0,1195524,right,pdu,99.482,95.888,217137.01031345,0.433,7.2,217137.01031345,1.612,0.997,-0.489,2961.9
2025-09-05 10:44:56,quickpizza,quickpizza-8b95978b5-jgvvs,quickpizza,neuronet-k8s-w2,flux,r4,Neuronet-ClusterTest,155681837000,2369199446,22673756160,33104523264,36913152,0,96529,163840000,170688512,170688512,22673756160,33104523264,32768,quickpizza/quickpizza-8b95978b5-jgvvs,quickpizza,quickpizza-8b95978b5-jgvvs,quickpizza,flux,Neuronet-ClusterTest,34743.285,0.0,flux,flux-node3,flux-node3.av.it.pt,306,neuronet-k8s-lb,0.01669731459545,34359738368,34359738368,0,0,411537408,2147483648,1735946240,80.83629608154297,running,0,0,0,0,5068538,right,pdu,95.232,101.13,217139.01031355,0.415,7.9,217139.01031355,1.635,0.997,-0.795,3987.33
2025-09-05 10:45:56,quickpizza,quickpizza-8b95978b5-jgvvs,quickpizza,neuronet-k8s-w2,flux,r4,Neuronet-ClusterTest,308400465000,1764941120,22669463552,33104523264,38567936,0,439461,66994176,72007680,72007680,22669463552,33104523264,32768,quickpizza/quickpizza-8b95978b5-jgvvs,quickpizza,quickpizza-8b95978b5-jgvvs,quickpizza,flux,Neuronet-ClusterTest,34743.285,0.0,flux,flux-node1,flux-node1.av.it.pt,188,neuronet-m2,0.3560200001442,64424509440,64424509440,0,0,401821696,4294967296,3893145600,90.64435958862305,running,0,0,0,0,9746484,right,pdu,97.335,97.557,217141.01031364,0.405,9.6,217141.01031364,1.566,0.997,-0.779,3847.98
2025-09-05 10:46:56,quickpizza,quickpizza-8b95978b5-jgvvs,quickpizza,neuronet-k8s-w2,flux,r4,Neuronet-ClusterTest,357634746000,361608345,22675390464,33104523264,30683136,0,875940,50753536,53616640,53616640,22675390464,33104523264,32768,quickpizza/quickpizza-8b95978b5-jgvvs,quickpizza,quickpizza-8b95978b5-jgvvs,quickpizza,flux,Neuronet-ClusterTest,34743.285,0.0,flux,flux-node5,flux-node5.av.it.pt,305,neuronet-k8s-w3,0.0461457938075772,34359738368,34359738368,0,0,2368802816,4294967296,1926164480,44.84701156616211,running,0,0,0,0,5446310,left,pdu,74.801,76.598,178192.00846367,0.328,16.8,178192.00846367,1.68,0.986,-7.768,810.51
2025-09-05 10:47:56,quickpizza,quickpizza-8b95978b5-jgvvs,quickpizza,neuronet-k8s-w2,flux,r4,Neuronet-ClusterTest,394495962000,1417231124,22673227776,33104523264,32698368,0,1225329,55521280,58593280,58593280,22673227776,33104523264,32768,quickpizza/quickpizza-8b95978b5-jgvvs,quickpizza,quickpizza-8b95978b5-jgvvs,quickpizza,flux,Neuronet-ClusterTest,34743.285,0.0,flux,flux-node4,flux-node4.av.it.pt,179,neuronet-m1,0.397757336357705,64424509440,64424509440,0,0,624566272,4294967296,3670401024,85.45818328857422,running,0,0,0,0,8789579,right,pdu,92.226,90.071,217144.01031379,0.402,7.4,217144.01031379,1.61,0.997,-0.85,3409.33
2025-09-05 10:48:56,quickpizza,quickpizza-8b95978b5-jgvvs,quickpizza,neuronet-k8s-w2,flux,r4,Neuronet-ClusterTest,502872806000,2000617874,22663733248,33104523264,31576064,0,1960066,82698240,88154112,88154112,22663733248,33104523264,32768,quickpizza/quickpizza-8b95978b5-jgvvs,quickpizza,quickpizza-8b95978b5-jgvvs,quickpizza,flux,Neuronet-ClusterTest,34743.285,0.0,flux,flux-node3,flux-node3.av.it.pt,311,neuronet-5g-core,0.144375159426507,85899345920,85899345920,0,0,8928120832,17179869184,8251748352,48.03149700164795,running,0,0,0,0,1195824,left,pdu,71.398,68.881,178195.00846381,0.314,16.6,178195.00846381,1.73,0.976,-7.633,3571.35
2025-09-05 10:49:56,quickpizza,quickpizza-8b95978b5-jgvvs,quickpizza,neuronet-k8s-w2,flux,r4,Neuronet-ClusterTest,639659465000,2076781232,22672539648,33104523264,32071680,0,2569312,81674240,86929408,86929408,22672539648,33104523264,32768,quickpizza/quickpizza-8b95978b5-jgvvs,quickpizza,quickpizza-8b95978b5-jgvvs,quickpizza,flux,Neuronet-ClusterTest,34743.285,0.0,flux,flux-node5,flux-node5.av.it.pt,304,neuronet-k8s-w2,0.621173345713973,34359738368,34359738368,0,0,1042132992,4294967296,3252834304,75.7359504699707,running,0,0,0,0,5446508,right,pdu,68.543,71.517,164673.00782155,0.301,12.6,164673.00782155,1.559,0.991,-6.297,4181.23
2025-09-05 10:50:56,quickpizza,quickpizza-8b95978b5-jgvvs,quickpizza,neuronet-k8s-w2,flux,r4,Neuronet-ClusterTest,739063486000,1675730994,22662733824,33104523264,29708288,0,3259903,72171520,76554240,76554240,22662733824,33104523264,32768,quickpizza/quickpizza-8b95978b5-jgvvs,quickpizza,quickpizza-8b95978b5-jgvvs,quickpizza,flux,Neuronet-ClusterTest,34743.285,0.0,flux,flux-node5,flux-node5.av.it.pt,305,neuronet-k8s-w3,0.192795772950443,34359738368,34359738368,0,0,2364887040,4294967296,1930080256,44.93818283081055,running,0,0,0,0,5446550,right,pdu,63.697,66.504,118994.00565191,0.282,19.2,118994.00565191,1.632,0.985,-7.728,4020.71
2025-09-05 10:51:56,quickpizza,quickpizza-8b95978b5-jgvvs,quickpizza,neuronet-k8s-w2,flux,r4,Neuronet-ClusterTest,816391265000,651967534,22670082048,33104523264,31817728,0,4147573,50970624,54288384,54288384,22670082048,33104523264,32768,quickpizza/quickpizza-8b95978b5-jgvvs,quickpizza,quickpizza-8b95978b5-jgvvs,quickpizza,flux,Neuronet-ClusterTest,34743.285,0.0,flux,flux-node1,flux-node1.av.it.pt,188,neuronet-m2,0.349230107359967,64424509440,64424509440,0,0,430530560,4294967296,3864436736,89.9759292602539,running,0,0,0,0,9746845,right,pdu,50.84,49.743,118995.00565196,0.226,15.7,118999.00565215,1.58,0.976,-8.253,810.34
2025-09-05 10:52:56,quickpizza,quickpizza-8b95978b5-jgvvs,quickpizza,neuronet-k8s-w2,flux,r4,Neuronet-ClusterTest,867459183000,1454446670,22667689984,33104523264,33701888,0,4837773,58261504,61648896,61648896,22667689984,33104523264,32768,quickpizza/quickpizza-8b95978b5-jgvvs,quickpizza,quickpizza-8b95978b5-jgvvs,quickpizza,flux,Neuronet-ClusterTest,34743.285,0.0,flux,flux-node3,flux-node3.av.it.pt,306,neuronet-k8s-lb,0.0153976189858122,34359738368,34359738368,0,0,412962816,2147483648,1734520832,80.7699203491211,running,0,0,0,0,5069018,right,pdu,95.26,86.155,217151.01031412,0.415,6.9,217151.01031412,1.709,0.996,-1.021,4302.19
2025-09-05 10:53:56,quickpizza,quickpizza-8b95978b5-jgvvs,quickpizza,neuronet-k8s-w2,flux,r4,Neuronet-ClusterTest,956164552000,1858364959,22669750272,33104523264,31215616,0,5588206,79241216,83795968,83795968,22669750272,33104523264,32768,quickpizza/quickpizza-8b95978b5-jgvvs,quickpizza,quickpizza-8b95978b5-jgvvs,quickpizza,flux,Neuronet-ClusterTest,34743.285,0.0,flux,flux-node5,flux-node5.av.it.pt,305,neuronet-k8s-w3,0.207773153404429,34359738368,34359738368,0,0,2362150912,4294967296,1932816384,45.00188827514648,running,0,0,0,0,5446730,left,pdu,86.036,80.657,182278.00865774,0.377,9.4,182278.00865774,1.66,0.992,-3.872,4330.88
2025-09-05 10:54:56,quickpizza,quickpizza-8b95978b5-jgvvs,quickpizza,neuronet-k8s-w2,flux,r4,Neuronet-ClusterTest,1083508234000,2006553527,22668447744,33104523264,31342592,0,6368236,106033152,111403008,111403008,22668447744,33104523264,32768,quickpizza/quickpizza-8b95978b5-jgvvs,quickpizza,quickpizza-8b95978b5-jgvvs,quickpizza,flux,Neuronet-ClusterTest,34743.285,0.0,flux,flux-node3,flux-node3.av.it.pt,306,neuronet-k8s-lb,0.0,34359738368,34359738368,0,0,413577216,2147483648,1733906432,80.7413101196289,running,0,0,0,0,5069138,left,pdu,69.847,75.389,178202.00846414,0.307,12.2,178202.00846414,1.758,0.987,-7.764,1575.39
2025-09-05 10:55:56,quickpizza,quickpizza-8b95978b5-jgvvs,quickpizza,neuronet-k8s-w2,flux,r4,Neuronet-ClusterTest,1201658889000,1588710341,22659371008,33104523264,39452672,0,7293299,67678208,72048640,72048640,22659371008,33104523264,32768,quickpizza/quickpizza-8b95978b5-jgvvs,quickpizza,quickpizza-8b95978b5-jgvvs,quickpizza,flux,Neuronet-ClusterTest,34743.285,0.0,flux,flux-node3,flux-node3.av.it.pt,306,neuronet-k8s-lb,0.0158658552946216,34359738368,34359738368,0,0,413769728,2147483648,1733713920,80.73234558105469,running,0,0,0,0,5069199,left,pdu,59.813,59.411,146375.00695244,0.265,17.4,146375.00695244,1.727,0.972,-7.438,1572.7
2025-09-05 10:56:56,quickpizza,quickpizza-8b95978b5-jgvvs,quickpizza,neuronet-k8s-w2,flux,r4,Neuronet-ClusterTest,1261267673000,748087466,22667313152,33104523264,30474240,0,8104496,52518912,56086528,56086528,22667313152,33104523264,32768,quickpizza/quickpizza-8b95978b5-jgvvs,quickpizza,quickpizza-8b95978b5-jgvvs,quickpizza,flux,Neuronet-ClusterTest,34743.285,0.0,flux,flux-node3,flux-node3.av.it.pt,306,neuronet-k8s-lb,0.0304572246431484,34359738368,34359738368,0,0,413769728,2147483648,1733713920,80.73234558105469,running,0,0,0,0,5069259,right,pdu,90.429,95.232,217157.0103144,0.394,7.4,217157.0103144,1.585,0.997,-0.652,1044.33
2025-09-05 10:57:56,quickpizza,quickpizza-8b95978b5-jgvvs,quickpizza,neuronet-k8s-w2,flux,r4,Neuronet-ClusterTest,1310737467000,1422199212,22664757248,33104523264,32350208,0,8773515,60936192,64544768,64544768,22664757248,33104523264,32768,quickpizza/quickpizza-8b95978b5-jgvvs,quickpizza,quickpizza-8b95978b5-jgvvs,quickpizza,flux,Neuronet-ClusterTest,34743.285,0.0,flux,flux-node1,flux-node1.av.it.pt,301,neuronet-k8s-m2,0.296088589058189,34359738368,34359738368,0,0,556064768,4294967296,3738902528,87.05310821533203,running,0,0,0,0,5489346,left,pdu,105.27,105.82,208621.00990897,0.46,10.8,208621.00990897,1.619,0.994,-4.222,3438.3
2025-09-05 10:58:56,quickpizza,quickpizza-8b95978b5-jgvvs,quickpizza,neuronet-k8s-w2,flux,r4,Neuronet-ClusterTest,1413771073000,1792247448,22656491520,33104523264,39948288,0,9703895,82219008,86167552,86167552,22656491520,33104523264,32768,quickpizza/quickpizza-8b95978b5-jgvvs,quickpizza,quickpizza-8b95978b5-jgvvs,quickpizza,flux,Neuronet-ClusterTest,34743.285,0.0,flux,flux-node1,flux-node1.av.it.pt,301,neuronet-k8s-m2,0.328645491897659,34359738368,34359738368,0,0,543010816,4294967296,3751956480,87.3570442199707,running,0,0,0,0,5489406,right,pdu,71.187,67.983,164684.00782207,0.311,10.2,164684.00782207,1.601,0.989,-6.301,2465.05
2025-09-05 10:59:56,quickpizza,quickpizza-8b95978b5-jgvvs,quickpizza,neuronet-k8s-w2,flux,r4,Neuronet-ClusterTest,1527438659000,1896830803,22656978944,33104523264,38686720,0,10486731,86441984,91234304,91234304,22656978944,33104523264,32768,quickpizza/quickpizza-8b95978b5-jgvvs,quickpizza,quickpizza-8b95978b5-jgvvs,quickpizza,flux,Neuronet-ClusterTest,34743.285,0.0,flux,flux-node3,flux-node3.av.it.pt,185,neuronet-lb,0.0119092719497736,34359738368,34359738368,0,0,318402560,2147483648,1829081088,85.17322540283203,running,0,0,0,0,9240715,right,pdu,67.029,74.228,164685.00782212,0.294,12.3,164685.00782212,1.583,0.99,-6.237,2619.02
2025-09-05 11:00:56,quickpizza,quickpizza-8b95978b5-jgvvs,quickpizza,neuronet-k8s-w2,flux,r4,Neuronet-ClusterTest,1637758812000,1639097519,22661849088,33104523264,34283520,0,11361764,75730944,80236544,80236544,22661849088,33104523264,32768,quickpizza/quickpizza-8b95978b5-jgvvs,quickpizza,quickpizza-8b95978b5-jgvvs,quickpizza,flux,Neuronet-ClusterTest,34743.285,0.0,flux,flux-node4,flux-node4.av.it.pt,182,neuronet-w1,0.189224591035624,64424509440,64424509440,0,0,27693924352,34359738368,6665814016,19.40007209777832,running,0,0,0,0,5445181,left,pdu,84.875,92.64,208626.0099092,0.371,9.7,208626.0099092,1.618,0.995,-5.832,3134.12
2025-09-05 11:01:56,quickpizza,quickpizza-8b95978b5-jgvvs,quickpizza,neuronet-k8s-w2,flux,r4,Neuronet-ClusterTest,1702286515000,774352747,22658408448,33104523264,36130816,0,12212232,54345728,57192448,57192448,22658408448,33104523264,32768,quickpizza/quickpizza-8b95978b5-jgvvs,quickpizza,quickpizza-8b95978b5-jgvvs,quickpizza,flux,Neuronet-ClusterTest,34743.285,0.0,flux,flux-node1,flux-node1.av.it.pt,302,neuronet-k8s-m3,0.27984175815055,34359738368,34359738368,0,0,446816256,4294967296,3848151040,89.59674835205078,running,0,0,0,0,5489564,left,pdu,62.306,66.424,146381.00695272,0.275,14.7,146381.00695272,1.635,0.988,-7.458,1046.67
2025-09-05 11:02:56,quickpizza,quickpizza-8b95978b5-jgvvs,quickpizza,neuronet-k8s-w2,flux,r4,Neuronet-ClusterTest,1737991336000,1306467895,22656434176,33104523264,38100992,0,12717302,57909248,61067264,61067264,22656434176,33104523264,32768,quickpizza/quickpizza-8b95978b5-jgvvs,quickpizza,quickpizza-8b95978b5-jgvvs,quickpizza,flux,Neuronet-ClusterTest,34743.285,0.0,flux,flux-node3,flux-node3.av.it.pt,311,neuronet-5g-core,0.163729207279209,85899345920,85899345920,0,0,8930537472,17179869184,8249331712,48.01743030548096,running,0,0,0,0,1196665,left,pdu,56.036,62.214,146382.00695277,0.249,12.7,146382.00695277,1.585,0.986,-7.386,3443.08
2025-09-05 11:03:56,quickpizza,quickpizza-8b95978b5-jgvvs,quickpizza,neuronet-k8s-w2,flux,r4,Neuronet-ClusterTest,1857500521000,1823685906,22659796992,33104523264,34529280,0,13850399,88834048,93200384,93200384,22659796992,33104523264,32768,quickpizza/quickpizza-8b95978b5-jgvvs,quickpizza,quickpizza-8b95978b5-jgvvs,quickpizza,flux,Neuronet-ClusterTest,34743.285,0.0,flux,flux-node5,flux-node5.av.it.pt,305,neuronet-k8s-w3,0.147368154763996,34359738368,34359738368,0,0,2345115648,4294967296,1949851648,45.39852142333984,running,0,0,0,0,5447330,left,pdu,70.539,71.875,178213.00846466,0.312,15.1,178213.00846466,1.672,0.981,-7.621,2460.53
2025-09-05 11:04:56,quickpizza,quickpizza-8b95978b5-jgvvs,quickpizza,neuronet-k8s-w2,flux,r4,Neuronet-ClusterTest,1964090059000,1907818426,22659366912,33104523264,34377728,0,14569520,88453120,93368320,93368320,22659366912,33104523264,32768,quickpizza/quickpizza-8b95978b5-jgvvs,quickpizza,quickpizza-8b95978b5-jgvvs,quickpizza,flux,Neuronet-ClusterTest,34743.285,0.0,flux,flux-node4,flux-node4.av.it.pt,182,neuronet-w1,0.180158851111601,64424509440,64424509440,0,0,27708956672,34359738368,6650781696,19.356322288513184,running,0,0,0,0,5445420,left,pdu,92.302,100.03,208640.00990987,0.402,12.2,208632.00990949,1.556,0.992,-5.176,2886.19
2025-09-05 11:05:56,quickpizza,quickpizza-8b95978b5-jgvvs,quickpizza,neuronet-k8s-w2,flux,r4,Neuronet-ClusterTest,2083029893000,1545331431,22650875904,33104523264,30326784,0,15623669,65372160,69341184,69341184,22650875904,33104523264,32768,quickpizza/quickpizza-8b95978b5-jgvvs,quickpizza,quickpizza-8b95978b5-jgvvs,quickpizza,flux,Neuronet-ClusterTest,34743.285,0.0,flux,flux-node5,flux-node5.av.it.pt,303,neuronet-k8s-w1,0.153612353934714,34359738368,34359738368,0,0,809467904,4294967296,3485499392,81.15310668945312,running,0,0,0,0,5447612,left,pdu,63.542,65.001,146385.00695291,0.282,18.7,146385.00695291,1.658,0.977,-7.529,2432.21
2025-09-05 11:06:56,quickpizza,quickpizza-8b95978b5-jgvvs,quickpizza,neuronet-k8s-w2,flux,r4,Neuronet-ClusterTest,2141605408000,988226713,22659104768,33104523264,32256000,0,16392116,52465664,55672832,55672832,22659104768,33104523264,32768,quickpizza/quickpizza-8b95978b5-jgvvs,quickpizza,quickpizza-8b95978b5-jgvvs,quickpizza,flux,Neuronet-ClusterTest,34743.285,0.0,flux,flux-node1,flux-node1.av.it.pt,300,neuronet-k8s-m1,0.310103392214421,34359738368,34359738368,0,0,740311040,4294967296,3554656256,82.76329040527344,running,0,0,0,0,5490059,left,pdu,68.905,68.444,178216.00846481,0.306,17.0,178216.00846481,1.743,0.979,-7.665,1053.5
2025-09-05 11:07:56,quickpizza,quickpizza-8b95978b5-jgvvs,quickpizza,neuronet-k8s-w2,flux,r4,Neuronet-ClusterTest,2187509828000,1369279642,22657019904,33104523264,34172928,0,17004955,61026304,64176128,64176128,22657019904,33104523264,32768,quickpizza/quickpizza-8b95978b5-jgvvs,quickpizza,quickpizza-8b95978b5-jgvvs,quickpizza,flux,Neuronet-ClusterTest,34743.285,0.0,flux,flux-node3,flux-node3.av.it.pt,306,neuronet-k8s-lb,0.0135289224790258,34359738368,34359738368,0,0,410554368,2147483648,1736929280,80.88207244873047,running,0,0,0,0,5069918,left,pdu,61.324,61.483,146387.00695301,0.267,16.1,146386.00695296,1.663,0.981,-7.541,2367.73
2025-09-05 11:08:56,quickpizza,quickpizza-8b95978b5-jgvvs,quickpizza,neuronet-k8s-w2,flux,r4,Neuronet-ClusterTest,2292821753000,1759749278,22649487360,33104523264,30425088,0,17939490,80560128,85041152,85041152,22649487360,33104523264,32768,quickpizza/quickpizza-8b95978b5-jgvvs,quickpizza,quickpizza-8b95978b5-jgvvs,quickpizza,flux,Neuronet-ClusterTest,34743.285,0.0,flux,flux-node4,flux-node4.av.it.pt,179,neuronet-m1,0.386597955470057,64424509440,64424509440,0,0,637292544,4294967296,3657674752,85.1618766784668,running,0,0,0,0,8790839,right,pdu,90.91,98.695,217176.01031531,0.396,6.7,217176.01031531,1.569,0.997,-0.687,2110.75
2025-09-05 11:09:56,quickpizza,quickpizza-8b95978b5-jgvvs,quickpizza,neuronet-k8s-w2,flux,r4,Neuronet-ClusterTest,2399653030000,1923856234,22649511936,33104523264,40693760,0,18645877,84652032,89726976,89726976,22649511936,33104523264,32768,quickpizza/quickpizza-8b95978b5-jgvvs,quickpizza,quickpizza-8b95978b5-jgvvs,quickpizza,flux,Neuronet-ClusterTest,34743.285,0.0,flux,flux-node5,flux-node5.av.it.pt,183,neuronet-w2,0.639304461224507,64424509440,64424509440,0,0,1806372864,34359738368,32553365504,94.74276304244997,running,0,0,0,0,9748004,right,pdu,66.778,68.277,164697.00782269,0.292,12.9,164697.00782269,1.603,0.99,-6.4,2859.86
2025-09-05 11:10:56,quickpizza,quickpizza-8b95978b5-jgvvs,quickpizza,neuronet-k8s-w2,flux,r4,Neuronet-ClusterTest,2503047192000,1743639025,22651891712,33104523264,37294080,0,19372397,81260544,85868544,85868544,22651891712,33104523264,32768,quickpizza/quickpizza-8b95978b5-jgvvs,quickpizza,quickpizza-8b95978b5-jgvvs,quickpizza,flux,Neuronet-ClusterTest,34743.285,0.0,flux,flux-node5,flux-node5.av.it.pt,184,neuronet-w3,0.297134291622908,64424509440,64424509440,0,0,7315935232,34359738368,27043803136,78.70782613754272,running,0,0,0,0,9748051,right,pdu,49.432,58.235,119011.00565272,0.22,14.0,119011.00565272,1.635,0.979,-7.804,1574.36
2025-09-05 11:11:56,quickpizza,quickpizza-8b95978b5-jgvvs,quickpizza,neuronet-k8s-w2,flux,r4,Neuronet-ClusterTest,2586395561000,199944148,22649020416,33104523264,39272448,0,20369515,55283712,58081280,58081280,22649020416,33104523264,32768,quickpizza/quickpizza-8b95978b5-jgvvs,quickpizza,quickpizza-8b95978b5-jgvvs,quickpizza,flux,Neuronet-ClusterTest,34743.285,0.0,flux,flux-node3,flux-node3.av.it.pt,306,neuronet-k8s-lb,0.0149014912633661,34359738368,34359738368,0,0,410406912,2147483648,1737076736,80.8889389038086,running,0,0,0,0,5070158,right,pdu,98.738,102.83,217181.01031554,0.43,7.5,217181.01031554,1.588,0.997,-0.369,1048.04
2025-09-05 11:12:56,quickpizza,quickpizza-8b95978b5-jgvvs,quickpizza,neuronet-k8s-w2,flux,r4,Neuronet-ClusterTest,2643020842000,1429983540,22646759424,33104523264,41086976,0,21136322,64450560,67981312,67981312,22646759424,33104523264,32768,quickpizza/quickpizza-8b95978b5-jgvvs,quickpizza,quickpizza-8b95978b5-jgvvs,quickpizza,flux,Neuronet-ClusterTest,34743.285,0.0,flux,flux-node5,flux-node5.av.it.pt,305,neuronet-k8s-w3,0.130993403957625,34359738368,34359738368,0,0,2335002624,4294967296,1959964672,45.63398361206055,running,0,0,0,0,5447870,right,pdu,89.69,85.921,217182.01031559,0.391,8.2,217182.01031559,1.654,0.996,-1.037,1581.03
2025-09-05 11:13:56,quickpizza,quickpizza-8b95978b5-jgvvs,quickpizza,neuronet-k8s-w2,flux,r4,Neuronet-ClusterTest,2729860056000,1775907328,22650732544,33104523264,36712448,0,21901456,80494592,84877312,84877312,22650732544,33104523264,32768,quickpizza/quickpizza-8b95978b5-jgvvs,quickpizza,quickpizza-8b95978b5-jgvvs,quickpizza,flux,Neuronet-ClusterTest,34743.285,0.0,flux,flux-node5,flux-node5.av.it.pt,305,neuronet-k8s-w3,0.199725403080833,34359738368,34359738368,0,0,2341814272,4294967296,1953153024,45.47538757324219,running,0,0,0,0,5447930,left,pdu,71.358,74.606,178225.00846523,0.343,14.7,178225.00846523,1.703,0.984,-7.907,6008.28
2025-09-05 11:14:56,quickpizza,quickpizza-8b95978b5-jgvvs,quickpizza,neuronet-k8s-w2,flux,r4,Neuronet-ClusterTest,2861431233000,1888312588,22650810368,33104523264,36016128,0,22804602,93593600,98275328,98275328,22650810368,33104523264,32768,quickpizza/quickpizza-8b95978b5-jgvvs,quickpizza,quickpizza-8b95978b5-jgvvs,quickpizza,flux,Neuronet-ClusterTest,34743.285,0.0,flux,flux-node3,flux-node3.av.it.pt,311,neuronet-5g-core,0.14778290289065,85899345920,85899345920,0,0,8936992768,17179869184,8242876416,47.97985553741455,running,0,0,0,0,1197384,right,pdu,95.196,94.993,217185.01031573,0.415,8.3,217185.01031573,1.611,0.997,-0.791,1575.38
2025-09-05 11:15:56,quickpizza,quickpizza-8b95978b5-jgvvs,quickpizza,neuronet-k8s-w2,flux,r4,Neuronet-ClusterTest,2942886045000,1679221882,22654279680,33104523264,31784960,0,23418737,73822208,78077952,78077952,22654279680,33104523264,32768,quickpizza/quickpizza-8b95978b5-jgvvs,quickpizza,quickpizza-8b95978b5-jgvvs,quickpizza,flux,Neuronet-ClusterTest,34743.285,0.0,flux,flux-node1,flux-node1.av.it.pt,302,neuronet-k8s-m3,0.398381352143292,34359738368,34359738368,0,0,577339392,4294967296,3717627904,86.55776977539062,running,0,0,0,0,5490404,right,pdu,91.232,92.039,217187.01031583,0.397,7.5,217187.01031583,1.621,0.997,-0.922,4223.93
2025-09-05 11:16:56,quickpizza,quickpizza-8b95978b5-jgvvs,quickpizza,neuronet-k8s-w2,flux,r4,Neuronet-ClusterTest,3028076946000,188421171,22651908096,33104523264,33673216,0,24462136,57442304,60260352,60260352,22651789312,33104523264,32768,quickpizza/quickpizza-8b95978b5-jgvvs,quickpizza,quickpizza-8b95978b5-jgvvs,quickpizza,flux,Neuronet-ClusterTest,34743.285,0.0,flux,flux-node5,flux-node5.av.it.pt,304,neuronet-k8s-w2,0.364098406336943,34359738368,34359738368,0,0,1051987968,4294967296,3242979328,75.50649642944336,running,0,0,0,0,5448128,right,pdu,95.888,102.19,217189.01031592,0.418,8.3,217189.01031592,1.633,0.997,-0.683,805.69
2025-09-05 11:17:56,quickpizza,quickpizza-8b95978b5-jgvvs,quickpizza,neuronet-k8s-w2,flux,r4,Neuronet-ClusterTest,3083270578000,1459003130,22650138624,33104523264,35540992,0,25205152,62857216,66846720,66846720,22650138624,33104523264,32768,quickpizza/quickpizza-8b95978b5-jgvvs,quickpizza,quickpizza-8b95978b5-jgvvs,quickpizza,flux,Neuronet-ClusterTest,34743.285,0.0,flux,flux-node3,flux-node3.av.it.pt,306,neuronet-k8s-lb,0.0143339941184252,34359738368,34359738368,0,0,412831744,2147483648,1734651904,80.7760238647461,running,0,0,0,0,5070518,left,pdu,73.958,75.258,178230.00846547,0.325,17.7,178230.00846547,1.648,0.989,-7.641,2425.07
2025-09-05 11:18:56,quickpizza,quickpizza-8b95978b5-jgvvs,quickpizza,neuronet-k8s-w2,flux,r4,Neuronet-ClusterTest,3170259664000,1811489852,22642835456,33104523264,31961088,0,25966456,84025344,88518656,88518656,22642835456,33104523264,32768,quickpizza/quickpizza-8b95978b5-jgvvs,quickpizza,quickpizza-8b95978b5-jgvvs,quickpizza,flux,Neuronet-ClusterTest,34743.285,0.0,flux,flux-node4,flux-node4.av.it.pt,179,neuronet-m1,0.394612337407463,64424509440,64424509440,0,0,583680000,4294967296,3711287296,86.41014099121094,running,0,0,0,0,8791438,left,pdu,73.863,72.189,178231.00846552,0.324,13.5,178231.00846552,1.665,0.979,-7.692,1600.98
2025-09-05 11:19:56,quickpizza,quickpizza-8b95978b5-jgvvs,quickpizza,neuronet-k8s-w2,flux,r4,Neuronet-ClusterTest,3302280289000,1874650370,22643630080,33104523264,41529344,0,26915878,91234304,96153600,96153600,22643630080,33104523264,32768,quickpizza/quickpizza-8b95978b5-jgvvs,quickpizza,quickpizza-8b95978b5-jgvvs,quickpizza,flux,Neuronet-ClusterTest,34743.285,0.0,flux,flux-node3,flux-node3.av.it.pt,185,neuronet-lb,0.0110286767179497,34359738368,34359738368,0,0,315990016,2147483648,1831493632,85.28556823730469,running,0,0,0,0,9241915,left,pdu,86.279,87.948,208655.00991058,0.38,11.6,208655.00991058,1.591,0.99,-5.227,3481.8
2025-09-05 11:20:56,quickpizza,quickpizza-8b95978b5-jgvvs,quickpizza,neuronet-k8s-w2,flux,r4,Neuronet-ClusterTest,3403950706000,1576333719,22646796288,33104523264,37203968,0,27797524,68132864,72351744,72351744,22646796288,33104523264,32768,quickpizza/quickpizza-8b95978b5-jgvvs,quickpizza,quickpizza-8b95978b5-jgvvs,quickpizza,flux,Neuronet-ClusterTest,34743.285,0.0,flux,flux-node1,flux-node1.av.it.pt,188,neuronet-m2,0.304520240805289,64424509440,64424509440,0,0,453722112,4294967296,3841245184,89.43595886230469,running,0,0,0,0,9748584,left,pdu,72.817,80.832,178233.00846561,0.322,16.6,178233.00846561,1.637,0.987,-7.983,5259.3
2025-09-05 11:21:56,quickpizza,quickpizza-8b95978b5-jgvvs,quickpizza,neuronet-k8s-w2,flux,r4,Neuronet-ClusterTest,3463528821000,756724046,22643740672,33104523264,39088128,0,28534625,58327040,61177856,61177856,22643740672,33104523264,32768,quickpizza/quickpizza-8b95978b5-jgvvs,quickpizza,quickpizza-8b95978b5-jgvvs,quickpizza,flux,Neuronet-ClusterTest,34743.285,0.0,flux,flux-node3,flux-node3.av.it.pt,306,neuronet-k8s-lb,0.0154172319364511,34359738368,34359738368,0,0,412356608,2147483648,1735127040,80.79814910888672,running,0,0,0,0,5070758,left,pdu,61.924,63.164,146402.00695372,0.275,17.3,146402.00695372,1.681,0.98,-7.525,809.86
2025-09-05 11:22:56,quickpizza,quickpizza-8b95978b5-jgvvs,quickpizza,neuronet-k8s-w2,flux,r4,Neuronet-ClusterTest,3502051139000,1360060686,22641815552,33104523264,40996864,0,28947545,64421888,67588096,67588096,22641815552,33104523264,32768,quickpizza/quickpizza-8b95978b5-jgvvs,quickpizza,quickpizza-8b95978b5-jgvvs,quickpizza,flux,Neuronet-ClusterTest,34743.285,0.0,flux,flux-node4,flux-node4.av.it.pt,182,neuronet-w1,0.178235121396664,64424509440,64424509440,0,0,27689545728,34359738368,6670192640,19.4128155708313,running,0,0,0,0,5446501,left,pdu,64.627,65.478,178236.00846576,0.284,12.1,178236.00846576,1.629,0.987,-7.867,3389.3
2025-09-05 11:23:56,quickpizza,quickpizza-8b95978b5-jgvvs,quickpizza,neuronet-k8s-w2,flux,r4,Neuronet-ClusterTest,3621504615000,1901374443,22644199424,33104523264,38834176,0,29725340,91877376,97312768,97312768,22644199424,33104523264,32768,quickpizza/quickpizza-8b95978b5-jgvvs,quickpizza,quickpizza-8b95978b5-jgvvs,quickpizza,flux,Neuronet-ClusterTest,34743.285,0.0,flux,flux-node1,flux-node1.av.it.pt,302,neuronet-k8s-m3,0.263768082555683,34359738368,34359738368,0,0,576253952,4294967296,3718713344,86.58304214477539,running,0,0,0,0,5490884,right,pdu,68.897,70.404,164713.00782345,0.301,11.1,164713.00782345,1.573,0.991,-6.313,1831.32
2025-09-05 11:24:56,quickpizza,quickpizza-8b95978b5-jgvvs,quickpizza,neuronet-k8s-w2,flux,r4,Neuronet-ClusterTest,3730890417000,2058601329,22642102272,33104523264,40235008,0,30227179,117190656,123101184,123101184,22642102272,33104523264,32768,quickpizza/quickpizza-8b95978b5-jgvvs,quickpizza,quickpizza-8b95978b5-jgvvs,quickpizza,flux,Neuronet-ClusterTest,34743.285,0.0,flux,flux-node3,flux-node3.av.it.pt,306,neuronet-k8s-lb,0.0157531966302641,34359738368,34359738368,0,0,410550272,2147483648,1736933376,80.88226318359375,running,0,0,0,0,5070938,left,pdu,72.05,71.831,178238.00846585,0.318,11.5,178238.00846585,1.657,0.988,-7.712,3592.79
2025-09-05 11:25:56,quickpizza,quickpizza-8b95978b5-jgvvs,quickpizza,neuronet-k8s-w2,flux,r4,Neuronet-ClusterTest,42829443000,2075351988,22661869568,33104523264,19329024,0,88930,37625856,40316928,40316928,22661869568,33104523264,32768,quickpizza/quickpizza-8b95978b5-jgvvs,quickpizza,quickpizza-8b95978b5-jgvvs,quickpizza,flux,Neuronet-ClusterTest,34743.285,0.0,flux,flux-node4,flux-node4.av.it.pt,182,neuronet-w1,0.183525152635022,64424509440,64424509440,0,0,27708522496,34359738368,6651215872,19.357585906982425,running,0,0,0,0,5446681,right,pdu,66.361,68.961,164715.00782354,0.291,9.6,164715.00782354,1.587,0.987,-6.046,805.58
2025-09-05 11:26:56,quickpizza,quickpizza-8b95978b5-jgvvs,quickpizza,neuronet-k8s-w2,flux,r4,Neuronet-ClusterTest,90434860000,339350101,22659112960,33104523264,21037056,0,340443,38359040,40194048,40194048,22659112960,33104523264,32768,quickpizza/quickpizza-8b95978b5-jgvvs,quickpizza,quickpizza-8b95978b5-jgvvs,quickpizza,flux,Neuronet-ClusterTest,6370.659,49555649.99999999,flux,flux-node3,flux-node3.av.it.pt,306,neuronet-k8s-lb,0.015047354928481,34359738368,34359738368,0,0,412004352,2147483648,1735479296,80.8145523071289,running,0,0,0,0,5071058,right,pdu,69.016,70.034,164716.00782359,0.304,11.1,164716.00782359,1.666,0.985,-6.225,800.12
2025-09-05 11:27:56,quickpizza,quickpizza-8b95978b5-jgvvs,quickpizza,neuronet-k8s-w2,flux,r4,Neuronet-ClusterTest,124153489000,1316479105,22656937984,33104523264,23015424,0,631425,41418752,43773952,43773952,22656937984,33104523264,32768,quickpizza/quickpizza-8b95978b5-jgvvs,quickpizza,quickpizza-8b95978b5-jgvvs,quickpizza,flux,Neuronet-ClusterTest,10529.304,69310750.00000001,flux,flux-node5,flux-node5.av.it.pt,181,neuronet-m3,0.351691595607808,64424509440,64424509440,0,0,580501504,4294967296,3714465792,86.48414611816406,running,0,0,0,0,9749113,right,pdu,70.925,69.796,164718.00782369,0.311,9.9,164718.00782369,1.603,0.989,-6.368,2655.99
2025-09-05 11:28:56,quickpizza,quickpizza-8b95978b5-jgvvs,quickpizza,neuronet-k8s-w2,flux,r4,Neuronet-ClusterTest,248374342000,2111831992,22647058432,33104523264,32645120,0,1389325,95596544,100532224,100532224,22647058432,33104523264,32768,quickpizza/quickpizza-8b95978b5-jgvvs,quickpizza,quickpizza-8b95978b5-jgvvs,quickpizza,flux,Neuronet-ClusterTest,17637.513,118470149.99999996,flux,flux-node3,flux-node3.av.it.pt,185,neuronet-lb,0.0122265958559525,34359738368,34359738368,0,0,316370944,2147483648,1831112704,85.26782989501953,running,0,0,0,0,9242455,right,pdu,69.696,70.336,164719.00782373,0.305,10.1,164719.00782373,1.581,0.99,-6.464,1696.61
2025-09-05 11:29:56,quickpizza,quickpizza-8b95978b5-jgvvs,quickpizza,neuronet-k8s-w2,flux,r4,Neuronet-ClusterTest,346790133000,1985100563,22645174272,33104523264,33779712,0,1903268,73719808,78667776,78667776,22645174272,33104523264,32768,quickpizza/quickpizza-8b95978b5-jgvvs,quickpizza,quickpizza-8b95978b5-jgvvs,quickpizza,flux,Neuronet-ClusterTest,24925.314,121463350.0,flux,flux-node5,flux-node5.av.it.pt,303,neuronet-k8s-w1,0.165856808195753,34359738368,34359738368,0,0,770248704,4294967296,3524718592,82.06624984741211,running,0,0,0,0,5449051,right,pdu,68.237,66.381,164720.00782378,0.299,9.5,164720.00782378,1.614,0.99,-6.48,1872.75
2025-09-05 11:30:56,quickpizza,quickpizza-8b95978b5-jgvvs,quickpizza,neuronet-k8s-w2,flux,r4,Neuronet-ClusterTest,467986447000,1741774996,22645825536,33104523264,32272384,0,2646614,65409024,69312512,69312512,22645825536,33104523264,32768,quickpizza/quickpizza-8b95978b5-jgvvs,quickpizza,quickpizza-8b95978b5-jgvvs,quickpizza,flux,Neuronet-ClusterTest,31841.883,115276150.00000006,flux,flux-node3,flux-node3.av.it.pt,306,neuronet-k8s-lb,0.0166131955112539,34359738368,34359738368,0,0,410464256,2147483648,1737019392,80.88626861572266,running,0,0,0,0,5071298,right,pdu,67.331,69.41,164721.00782383,0.295,10.8,164721.00782383,1.639,0.988,-6.281,3568.36
2025-09-05 11:31:56,quickpizza,quickpizza-8b95978b5-jgvvs,quickpizza,neuronet-k8s-w2,flux,r4,Neuronet-ClusterTest,538203071000,734232223,22643195904,33104523264,34275328,0,3502110,45367296,47996928,47996928,22643195904,33104523264,32768,quickpizza/quickpizza-8b95978b5-jgvvs,quickpizza,quickpizza-8b95978b5-jgvvs,quickpizza,flux,Neuronet-ClusterTest,35817.051,66252799.99999996,flux,flux-node4,flux-node4.av.it.pt,182,neuronet-w1,0.185522339197856,64424509440,64424509440,0,0,27706761216,34359738368,6652977152,19.362711906433105,running,0,0,0,0,5447040,left,pdu,72.062,64.067,178247.00846628,0.32,13.4,178247.00846628,1.732,0.969,-7.39,808.38
2025-09-05 11:32:56,quickpizza,quickpizza-8b95978b5-jgvvs,quickpizza,neuronet-k8s-w2,flux,r4,Neuronet-ClusterTest,591626871000,1490634887,22640758784,33104523264,36192256,0,4215451,56229888,59490304,59490304,22640758784,33104523264,32768,quickpizza/quickpizza-8b95978b5-jgvvs,quickpizza,quickpizza-8b95978b5-jgvvs,quickpizza,flux,Neuronet-ClusterTest,40639.242,80369849.99999999,flux,flux-node5,flux-node5.av.it.pt,303,neuronet-k8s-w1,0.106847909432963,34359738368,34359738368,0,0,794476544,4294967296,3500490752,81.50215148925781,running,0,0,0,0,5449231,left,pdu,100.37,100.81,208675.00991153,0.438,10.2,208675.00991153,1.589,0.995,-4.607,2513.8
2025-09-05 11:33:56,quickpizza,quickpizza-8b95978b5-jgvvs,quickpizza,neuronet-k8s-w2,flux,r4,Neuronet-ClusterTest,683687999000,1885837533,22644297728,33104523264,33767424,0,4982975,72638464,76984320,76984320,22644297728,33104523264,32768,quickpizza/quickpizza-8b95978b5-jgvvs,quickpizza,quickpizza-8b95978b5-jgvvs,quickpizza,flux,Neuronet-ClusterTest,47563.785,115409050.00000007,flux,flux-node3,flux-node3.av.it.pt,311,neuronet-5g-core,0.15041396775131,85899345920,85899345920,0,0,8943214592,17179869184,8236654592,47.94363975524902,running,0,0,0,0,1198524,left,pdu,92.23,92.683,208677.00991163,0.403,10.6,208677.00991163,1.6,0.995,-4.754,2188.81
2025-09-05 11:34:56,quickpizza,quickpizza-8b95978b5-jgvvs,quickpizza,neuronet-k8s-w2,flux,r4,Neuronet-ClusterTest,819254423000,1966305978,22643462144,33104523264,34123776,0,5823370,81137664,85655552,85655552,22643462144,33104523264,32768,quickpizza/quickpizza-8b95978b5-jgvvs,quickpizza,quickpizza-8b95978b5-jgvvs,quickpizza,flux,Neuronet-ClusterTest,54756.27,119874749.9999999,flux,flux-node3,flux-node3.av.it.pt,306,neuronet-k8s-lb,0.0151685905816228,34359738368,34359738368,0,0,411594752,2147483648,1735888896,80.83362579345703,running,0,0,0,0,5071538,left,pdu,78.017,78.626,182334.0086604,0.386,9.0,182334.0086604,1.67,0.992,-3.756,2964.55
2025-09-05 11:35:56,quickpizza,quickpizza-8b95978b5-jgvvs,quickpizza,neuronet-k8s-w2,flux,r4,Neuronet-ClusterTest,927713753000,1640227003,22645125120,33104523264,31236096,0,6687311,60133376,63418368,63418368,22645125120,33104523264,32768,quickpizza/quickpizza-8b95978b5-jgvvs,quickpizza,quickpizza-8b95978b5-jgvvs,quickpizza,flux,Neuronet-ClusterTest,61550.274,113233400.0,flux,flux-node5,flux-node5.av.it.pt,184,neuronet-w3,0.322597646893363,64424509440,64424509440,0,0,7133855744,34359738368,27225882624,79.23774719238281,running,0,0,0,0,9749550,left,pdu,72.889,73.887,178251.00846647,0.32,12.8,178251.00846647,1.676,0.984,-7.72,3646.16
2025-09-05 11:36:56,quickpizza,quickpizza-8b95978b5-jgvvs,quickpizza,neuronet-k8s-w2,flux,r4,Neuronet-ClusterTest,987786376000,234510878,22641840128,33104523264,33193984,0,7498405,48574464,50958336,50958336,22641840128,33104523264,32768,quickpizza/quickpizza-8b95978b5-jgvvs,quickpizza,quickpizza-8b95978b5-jgvvs,quickpizza,flux,Neuronet-ClusterTest,65723.106,69547200.00000003,flux,flux-node1,flux-node1.av.it.pt,188,neuronet-m2,0.334901424499859,64424509440,64424509440,0,0,461291520,4294967296,3833675776,89.25971984863281,running,0,0,0,0,9749544,right,pdu,95.927,96.17,217220.0103174,0.418,6.1,217220.0103174,1.549,0.997,-0.807,810.84
2025-09-05 11:37:56,quickpizza,quickpizza-8b95978b5-jgvvs,quickpizza,neuronet-k8s-w2,flux,r4,Neuronet-ClusterTest,1037635816000,1408728864,22640087040,33104523264,35164160,0,8203771,58990592,62119936,62119936,22640087040,33104523264,32768,quickpizza/quickpizza-8b95978b5-jgvvs,quickpizza,quickpizza-8b95978b5-jgvvs,quickpizza,flux,Neuronet-ClusterTest,70684.923,0.0,flux,flux-node4,flux-node4.av.it.pt,179,neuronet-m1,0.393645833707579,64424509440,64424509440,0,0,547598336,4294967296,3747368960,87.2502326965332,running,0,0,0,0,8792578,right,pdu,46.987,48.144,119035.00565386,0.209,15.1,119035.00565386,1.661,0.975,-7.867,4200.73
2025-09-05 11:38:56,quickpizza,quickpizza-8b95978b5-jgvvs,quickpizza,neuronet-k8s-w2,flux,r4,Neuronet-ClusterTest,1145781088000,1858216470,22643585024,33104523264,31752192,0,9153355,90267648,95367168,95367168,22643585024,33104523264,32768,quickpizza/quickpizza-8b95978b5-jgvvs,quickpizza,quickpizza-8b95978b5-jgvvs,quickpizza,flux,Neuronet-ClusterTest,77573.394,114807850.00000007,flux,flux-node3,flux-node3.av.it.pt,306,neuronet-k8s-lb,0.0134572177943676,34359738368,34359738368,0,0,411234304,2147483648,1736249344,80.85041046142578,running,0,0,0,0,5071778,left,pdu,84.044,87.893,182339.00866064,0.367,9.6,182339.00866064,1.642,0.995,-4.226,1573.21
2025-09-05 11:39:56,quickpizza,quickpizza-8b95978b5-jgvvs,quickpizza,neuronet-k8s-w2,flux,r4,Neuronet-ClusterTest,1265477585000,1833063644,22643888128,33104523264,30744576,0,10007806,74526720,78532608,78532608,22643888128,33104523264,32768,quickpizza/quickpizza-8b95978b5-jgvvs,quickpizza,quickpizza-8b95978b5-jgvvs,quickpizza,flux,Neuronet-ClusterTest,84626.994,117560000.0000001,flux,flux-node1,flux-node1.av.it.pt,301,neuronet-k8s-m2,0.332452580030893,34359738368,34359738368,0,0,544423936,4294967296,3750543360,87.32414245605469,running,0,0,0,0,5491866,right,pdu,72.428,71.791,164731.0078243,0.317,8.9,164731.0078243,1.616,0.991,-6.488,4702.9
2025-09-05 11:40:56,quickpizza,quickpizza-8b95978b5-jgvvs,quickpizza,neuronet-k8s-w2,flux,r4,Neuronet-ClusterTest,1363268088000,1610044533,22635069440,33104523264,38576128,0,10820350,65810432,69427200,69427200,22635069440,33104523264,32768,quickpizza/quickpizza-8b95978b5-jgvvs,quickpizza,quickpizza-8b95978b5-jgvvs,quickpizza,flux,Neuronet-ClusterTest,91367.784,112346499.9999999,flux,flux-node5,flux-node5.av.it.pt,184,neuronet-w3,0.0,64424509440,64424509440,0,0,7323488256,34359738368,27036250112,78.68584394454956,running,0,0,0,0,9749850,right,pdu,64.317,66.901,164733.0078244,0.283,10.6,164733.0078244,1.556,0.99,-6.333,2782.41
2025-09-05 11:41:56,quickpizza,quickpizza-8b95978b5-jgvvs,quickpizza,neuronet-k8s-w2,flux,r4,Neuronet-ClusterTest,1428539064000,187016153,22643937280,33104523264,28749824,0,11728408,47996928,50384896,50384896,22643937280,33104523264,32768,quickpizza/quickpizza-8b95978b5-jgvvs,quickpizza,quickpizza-8b95978b5-jgvvs,quickpizza,flux,Neuronet-ClusterTest,95516.571,69146449.99999994,flux,flux-node5,flux-node5.av.it.pt,305,neuronet-k8s-w3,0.0,34359738368,34359738368,0,0,2295439360,4294967296,1999527936,46.555137634277344,running,0,0,0,0,5449610,right,pdu,68.881,69.637,164734.00782445,0.302,11.1,164734.00782445,1.591,0.99,-6.138,1045.43
2025-09-05 11:42:56,quickpizza,quickpizza-8b95978b5-jgvvs,quickpizza,neuronet-k8s-w2,flux,r4,Neuronet-ClusterTest,1488484481000,1506996460,22641872896,33104523264,30674944,0,12562552,56344576,59551744,59551744,22641872896,33104523264,32768,quickpizza/quickpizza-8b95978b5-jgvvs,quickpizza,quickpizza-8b95978b5-jgvvs,quickpizza,flux,Neuronet-ClusterTest,100477.98,82690149.99999999,flux,flux-node1,flux-node1.av.it.pt,188,neuronet-m2,0.383886629099344,64424509440,64424509440,0,0,550150144,4294967296,3744817152,87.1908187866211,running,0,0,0,0,9749906,left,pdu,90.934,91.439,208691.00991229,0.397,12.9,208691.00991229,1.583,0.994,-5.251,1575.29
2025-09-05 11:43:56,quickpizza,quickpizza-8b95978b5-jgvvs,quickpizza,neuronet-k8s-w2,flux,r4,Neuronet-ClusterTest,50422305000,2295150028,22647922688,33104523264,24760320,0,75049,77316096,81780736,81780736,22647922688,33104523264,32768,quickpizza/quickpizza-8b95978b5-jgvvs,quickpizza,quickpizza-8b95978b5-jgvvs,quickpizza,flux,Neuronet-ClusterTest,103273.17,46586500.00000004,flux,flux-node4,flux-node4.av.it.pt,182,neuronet-w1,0.183084557062794,64424509440,64424509440,0,0,27703463936,34359738368,6656274432,19.372308254241943,running,0,0,0,0,5447762,left,pdu,68.07,72.678,178261.00846694,0.303,15.7,178261.00846694,1.709,0.978,-8.018,3149.82
2025-09-05 11:44:56,quickpizza,quickpizza-8b95978b5-jgvvs,quickpizza,neuronet-k8s-w2,flux,r4,Neuronet-ClusterTest,204770349000,2320064036,22630760448,33104523264,41291776,0,208814,121827328,127926272,127926272,22630760448,33104523264,32768,quickpizza/quickpizza-8b95978b5-jgvvs,quickpizza,quickpizza-8b95978b5-jgvvs,quickpizza,flux,Neuronet-ClusterTest,11687.322,0.0,flux,flux-node5,flux-node5.av.it.pt,184,neuronet-w3,0.426884459406561,64424509440,64424509440,0,0,7325220864,34359738368,27034517504,78.68080139160156,running,0,0,0,0,9750090,left,pdu,73.076,73.926,178262.00846699,0.321,13.5,178262.00846699,1.605,0.988,-7.661,3949.28
2025-09-05 11:45:56,quickpizza,quickpizza-8b95978b5-jgvvs,quickpizza,neuronet-k8s-w2,flux,r4,Neuronet-ClusterTest,313999393000,2054997866,22639484928,33104523264,31469568,0,374265,91660288,96989184,96989184,22639484928,33104523264,32768,quickpizza/quickpizza-8b95978b5-jgvvs,quickpizza,quickpizza-8b95978b5-jgvvs,quickpizza,flux,Neuronet-ClusterTest,19044.105,122613050.0,flux,flux-node5,flux-node5.av.it.pt,305,neuronet-k8s-w3,0.250618673741321,34359738368,34359738368,0,0,2285944832,4294967296,2009022464,46.77619934082031,running,0,0,0,0,5449850,right,pdu,93.037,90.707,217234.01031806,0.405,7.2,217234.01031806,1.605,0.997,-0.719,1894.12
2025-09-05 11:46:56,quickpizza,quickpizza-8b95978b5-jgvvs,quickpizza,neuronet-k8s-w2,flux,r4,Neuronet-ClusterTest,382631354000,189003564,22636937216,33104523264,33419264,0,948487,54939648,57978880,57978880,22636937216,33104523264,32768,quickpizza/quickpizza-8b95978b5-jgvvs,quickpizza,quickpizza-8b95978b5-jgvvs,quickpizza,flux,Neuronet-ClusterTest,22466.184,0.0,flux,flux-node5,flux-node5.av.it.pt,304,neuronet-k8s-w2,0.315786060066415,34359738368,34359738368,0,0,1047814144,4294967296,3247153152,75.60367584228516,running,0,0,0,0,5449927,left,pdu,60.858,62.369,146428.00695496,0.271,14.6,146428.00695496,1.711,0.975,-7.176,803.57
2025-09-05 11:47:56,quickpizza,quickpizza-8b95978b5-jgvvs,quickpizza,neuronet-k8s-w2,flux,r4,Neuronet-ClusterTest,428011156000,1506022691,22634577920,33104523264,35385344,0,1398301,67551232,71471104,71471104,22634577920,33104523264,32768,quickpizza/quickpizza-8b95978b5-jgvvs,quickpizza,quickpizza-8b95978b5-jgvvs,quickpizza,flux,Neuronet-ClusterTest,26903.946,0.0,flux,flux-node4,flux-node4.av.it.pt,179,neuronet-m1,0.400618943996854,64424509440,64424509440,0,0,551854080,4294967296,3743113216,87.1511459350586,running,0,0,0,0,8793178,right,pdu,66.253,68.261,164741.00782478,0.291,12.6,164741.00782478,1.592,0.99,-6.424,2652.88
2025-09-05 11:48:56,quickpizza,quickpizza-8b95978b5-jgvvs,quickpizza,neuronet-k8s-w2,flux,r4,Neuronet-ClusterTest,531501546000,2019119738,22635028480,33104523264,34410496,0,2061294,91676672,97374208,97374208,22635028480,33104523264,32768,quickpizza/quickpizza-8b95978b5-jgvvs,quickpizza,quickpizza-8b95978b5-jgvvs,quickpizza,flux,Neuronet-ClusterTest,33836.745,115546650.00000004,flux,flux-node5,flux-node5.av.it.pt,305,neuronet-k8s-w3,0.176067338952272,34359738368,34359738368,0,0,2282332160,4294967296,2012635136,46.860313415527344,running,0,0,0,0,5450030,left,pdu,62.814,62.663,146430.00695505,0.266,15.3,146430.00695505,1.595,0.988,-7.116,2876.34
2025-09-05 11:49:56,quickpizza,quickpizza-8b95978b5-jgvvs,quickpizza,neuronet-k8s-w2,flux,r4,Neuronet-ClusterTest,668235848000,2085020818,22635364352,33104523264,35749888,0,2759317,99209216,104816640,104816640,22635364352,33104523264,32768,quickpizza/quickpizza-8b95978b5-jgvvs,quickpizza,quickpizza-8b95978b5-jgvvs,quickpizza,flux,Neuronet-ClusterTest,41237.751,123350099.9999999,flux,flux-node5,flux-node5.av.it.pt,304,neuronet-k8s-w2,0.756685655055686,34359738368,34359738368,0,0,980262912,4294967296,3314704384,77.17647552490234,running,0,0,0,0,5450108,right,pdu,66.146,65.514,164743.00782487,0.29,9.4,164743.00782487,1.617,0.989,-6.074,3417.03
2025-09-05 11:50:56,quickpizza,quickpizza-8b95978b5-jgvvs,quickpizza,neuronet-k8s-w2,flux,r4,Neuronet-ClusterTest,773927670000,1709499524,22625071104,33104523264,32534528,0,3526722,69386240,73940992,73940992,22625071104,33104523264,32768,quickpizza/quickpizza-8b95978b5-jgvvs,quickpizza,quickpizza-8b95978b5-jgvvs,quickpizza,flux,Neuronet-ClusterTest,48101.025,114387900.00000007,flux,flux-node4,flux-node4.av.it.pt,179,neuronet-m1,0.414498752700188,64424509440,64424509440,0,0,375738368,4294967296,3919228928,91.25165939331056,running,0,0,0,0,8793358,left,pdu,60.54,60.226,146432.00695515,0.269,16.5,146432.00695515,1.609,0.985,-7.251,5286.02
2025-09-05 11:51:56,quickpizza,quickpizza-8b95978b5-jgvvs,quickpizza,neuronet-k8s-w2,flux,r4,Neuronet-ClusterTest,835595455000,614256062,22633492480,33104523264,34586624,0,4286941,54325248,57765888,57765888,22633492480,33104523264,32768,quickpizza/quickpizza-8b95978b5-jgvvs,quickpizza,quickpizza-8b95978b5-jgvvs,quickpizza,flux,Neuronet-ClusterTest,52151.211,67503100.00000003,flux,flux-node3,flux-node3.av.it.pt,311,neuronet-5g-core,0.148336811063941,85899345920,85899345920,0,0,8905818112,17179869184,8274051072,48.16131591796875,running,0,0,0,0,1199604,left,pdu,71.064,71.688,178271.00846742,0.315,12.7,178271.00846742,1.694,0.985,-8.177,804.63
2025-09-05 11:52:56,quickpizza,quickpizza-8b95978b5-jgvvs,quickpizza,neuronet-k8s-w2,flux,r4,Neuronet-ClusterTest,887019639000,1443031216,22631677952,33104523264,36515840,0,4984377,63500288,66936832,66936832,22631677952,33104523264,32768,quickpizza/quickpizza-8b95978b5-jgvvs,quickpizza,quickpizza-8b95978b5-jgvvs,quickpizza,flux,Neuronet-ClusterTest,57010.392,80986349.99999994,flux,flux-node1,flux-node1.av.it.pt,300,neuronet-k8s-m1,0.2793960288216,34359738368,34359738368,0,0,735797248,4294967296,3559170048,82.8683853149414,running,0,0,0,0,5492820,right,pdu,53.269,60.93,119048.00565448,0.239,17.5,119048.00565448,1.664,0.966,-8.42,1574.88
2025-09-05 11:53:56,quickpizza,quickpizza-8b95978b5-jgvvs,quickpizza,neuronet-k8s-w2,flux,r4,Neuronet-ClusterTest,238734000,0,22623637504,33104523264,25608192,0,0,0,0,7090176,22623637504,33104523264,0,quickpizza/quickpizza-8b95978b5-jgvvs,quickpizza,quickpizza-8b95978b5-jgvvs,quickpizza,flux,Neuronet-ClusterTest,63092.781,0.0,flux,flux-node5,flux-node5.av.it.pt,304,neuronet-k8s-w2,0.588162741148521,34359738368,34359738368,0,0,1087827968,4294967296,3207139328,74.67203140258789,running,0,0,0,0,5450347,right,pdu,65.55,66.504,164747.00782506,0.288,11.1,164747.00782506,1.626,0.986,-6.368,1573.43
2025-09-05 11:54:56,quickpizza,quickpizza-8b95978b5-jgvvs,quickpizza,neuronet-k8s-w2,flux,r4,Neuronet-ClusterTest,132668573000,2465288672,22627459072,33104523264,40919040,0,58922,166662144,173600768,173600768,22627459072,33104523264,32768,quickpizza/quickpizza-8b95978b5-jgvvs,quickpizza,quickpizza-8b95978b5-jgvvs,quickpizza,flux,Neuronet-ClusterTest,7814.361,129843100.0,flux,flux-node4,flux-node4.av.it.pt,182,neuronet-w1,0.179585102167113,64424509440,64424509440,0,0,27705106432,34359738368,6654631936,19.36752796173096,running,0,0,0,0,5448421,right,pdu,63.757,66.214,164749.00782516,0.279,9.4,164749.00782516,1.587,0.99,-6.531,1575.44
2025-09-05 11:55:56,quickpizza,quickpizza-8b95978b5-jgvvs,quickpizza,neuronet-k8s-w2,flux,r4,Neuronet-ClusterTest,247695680000,1940326140,22624935936,33104523264,41926656,0,241603,75898880,80887808,80887808,22624935936,33104523264,32768,quickpizza/quickpizza-8b95978b5-jgvvs,quickpizza,quickpizza-8b95978b5-jgvvs,quickpizza,flux,Neuronet-ClusterTest,15195.36,123016650.0,flux,flux-node5,flux-node5.av.it.pt,303,neuronet-k8s-w1,0.186100236872556,34359738368,34359738368,0,0,738107392,4294967296,3556859904,82.8145980834961,running,0,0,0,0,5450612,left,pdu,73.159,73.962,178276.00846766,0.321,13.8,178276.00846766,1.685,0.988,-7.637,3684.73
2025-09-05 11:56:56,quickpizza,quickpizza-8b95978b5-jgvvs,quickpizza,neuronet-k8s-w2,flux,r4,Neuronet-ClusterTest,312426344000,277636156,22621851648,33104523264,43786240,0,748752,54267904,57294848,57294848,22621851648,33104523264,32768,quickpizza/quickpizza-8b95978b5-jgvvs,quickpizza,quickpizza-8b95978b5-jgvvs,quickpizza,flux,Neuronet-ClusterTest,18570.258,0.0,flux,flux-node4,flux-node4.av.it.pt,182,neuronet-w1,0.183194864782813,64424509440,64424509440,0,0,27699134464,34359738368,6660603904,19.38490867614746,running,0,0,0,0,5448541,left,pdu,65.458,65.359,146438.00695543,0.291,16.9,146438.00695543,1.588,0.972,-7.378,802.92
2025-09-05 11:57:56,quickpizza,quickpizza-8b95978b5-jgvvs,quickpizza,neuronet-k8s-w2,flux,r4,Neuronet-ClusterTest,360015945000,1551380637,22619852800,33104523264,45801472,0,1189398,67588096,71507968,71507968,22619852800,33104523264,32768,quickpizza/quickpizza-8b95978b5-jgvvs,quickpizza,quickpizza-8b95978b5-jgvvs,quickpizza,flux,Neuronet-ClusterTest,22873.377,71718649.99999999,flux,flux-node3,flux-node3.av.it.pt,311,neuronet-5g-core,0.142441182331461,85899345920,85899345920,0,0,8915517440,17179869184,8264351744,48.1048583984375,running,0,0,0,0,1199964,right,pdu,73.115,72.559,164752.0078253,0.32,8.6,164752.0078253,1.6,0.99,-6.508,2885.9
2025-09-05 11:58:56,quickpizza,quickpizza-8b95978b5-jgvvs,quickpizza,neuronet-k8s-w2,flux,r4,Neuronet-ClusterTest,456544770000,2027689053,22619828224,33104523264,45748224,0,1735234,107569152,113311744,113311744,22619828224,33104523264,32768,quickpizza/quickpizza-8b95978b5-jgvvs,quickpizza,quickpizza-8b95978b5-jgvvs,quickpizza,flux,Neuronet-ClusterTest,30029.673,119271600.0,flux,flux-node5,flux-node5.av.it.pt,304,neuronet-k8s-w2,0.749698074392802,34359738368,34359738368,0,0,984801280,4294967296,3310166016,77.07080841064453,running,0,0,0,0,5450648,right,pdu,69.327,70.507,164753.00782535,0.303,8.8,164753.00782535,1.561,0.99,-6.424,1572.82
2025-09-05 11:59:56,quickpizza,quickpizza-8b95978b5-jgvvs,quickpizza,neuronet-k8s-w2,flux,r4,Neuronet-ClusterTest,583534472000,1962639732,22617387008,33104523264,47493120,0,2407568,85475328,91201536,91201536,22617387008,33104523264,32768,quickpizza/quickpizza-8b95978b5-jgvvs,quickpizza,quickpizza-8b95978b5-jgvvs,quickpizza,flux,Neuronet-ClusterTest,37261.182,120525150.00000004,flux,flux-node5,flux-node5.av.it.pt,184,neuronet-w3,0.367963063284431,64424509440,64424509440,0,0,7319375872,34359738368,27040362496,78.69781255722046,running,0,0,0,0,9750990,left,pdu,76.638,76.105,178281.00846789,0.336,12.8,178281.00846789,1.674,0.988,-7.955,3260.02
2025-09-05 12:00:56,quickpizza,quickpizza-8b95978b5-jgvvs,quickpizza,neuronet-k8s-w2,flux,r4,Neuronet-ClusterTest,703286613000,1667937363,22619701248,33104523264,44314624,0,3274007,68501504,73273344,73273344,22619701248,33104523264,32768,quickpizza/quickpizza-8b95978b5-jgvvs,quickpizza,quickpizza-8b95978b5-jgvvs,quickpizza,flux,Neuronet-ClusterTest,44151.435,114837549.99999996,flux,flux-node4,flux-node4.av.it.pt,179,neuronet-m1,0.397070842825767,64424509440,64424509440,0,0,386580480,4294967296,3908386816,90.9992218017578,running,0,0,0,0,8793958,right,pdu,93.053,95.395,217258.0103192,0.405,7.8,217258.0103192,1.566,0.997,-0.938,4054.99
2025-09-05 12:01:56,quickpizza,quickpizza-8b95978b5-jgvvs,quickpizza,neuronet-k8s-w2,flux,r4,Neuronet-ClusterTest,763734479000,270204793,22616899584,33104523264,46391296,0,4036572,56258560,59326464,59326464,22616899584,33104523264,32768,quickpizza/quickpizza-8b95978b5-jgvvs,quickpizza,quickpizza-8b95978b5-jgvvs,quickpizza,flux,Neuronet-ClusterTest,48134.7,66387750.0,flux,flux-node3,flux-node3.av.it.pt,185,neuronet-lb,0.0121402050094349,34359738368,34359738368,0,0,314642432,2147483648,1832841216,85.34832000732422,running,0,0,0,0,9244435,right,pdu,88.859,93.284,217259.01031925,0.387,7.0,217259.01031925,1.619,0.996,-0.926,807.89
2025-09-05 12:02:56,quickpizza,quickpizza-8b95978b5-jgvvs,quickpizza,neuronet-k8s-w2,flux,r4,Neuronet-ClusterTest,806808288000,1405817834,22614614016,33104523264,48345088,0,4644060,63078400,66404352,66404352,22614614016,33104523264,32768,quickpizza/quickpizza-8b95978b5-jgvvs,quickpizza,quickpizza-8b95978b5-jgvvs,quickpizza,flux,Neuronet-ClusterTest,52946.505,80196750.00000001,flux,flux-node1,flux-node1.av.it.pt,188,neuronet-m2,0.341886438456037,64424509440,64424509440,0,0,530653184,4294967296,3764314112,87.64476776123047,running,0,0,0,0,9751104,right,pdu,92.413,94.206,217261.01031934,0.403,7.7,217261.01031934,1.57,0.997,-0.818,4463.26
2025-09-05 12:03:56,quickpizza,quickpizza-8b95978b5-jgvvs,quickpizza,neuronet-k8s-w2,flux,r4,Neuronet-ClusterTest,924021398000,1944527684,22617296896,33104523264,45375488,0,5616255,88227840,93356032,93356032,22617296896,33104523264,32768,quickpizza/quickpizza-8b95978b5-jgvvs,quickpizza,quickpizza-8b95978b5-jgvvs,quickpizza,flux,Neuronet-ClusterTest,59859.447,115215700.00000004,flux,flux-node5,flux-node5.av.it.pt,305,neuronet-k8s-w3,0.215284746387922,34359738368,34359738368,0,0,1964974080,4294967296,2329993216,54.24938201904297,running,0,0,0,0,5450930,right,pdu,67.573,68.273,164759.00782563,0.296,11.3,164759.00782563,1.581,0.989,-6.313,2794.21
2025-09-05 12:04:56,quickpizza,quickpizza-8b95978b5-jgvvs,quickpizza,neuronet-k8s-w2,flux,r4,Neuronet-ClusterTest,1035592114000,1957810739,22617034752,33104523264,45105152,0,6315652,85663744,91291648,91291648,22617034752,33104523264,32768,quickpizza/quickpizza-8b95978b5-jgvvs,quickpizza,quickpizza-8b95978b5-jgvvs,quickpizza,flux,Neuronet-ClusterTest,67044.3,0.0,flux,flux-node5,flux-node5.av.it.pt,184,neuronet-w3,0.374259118674244,64424509440,64424509440,0,0,7316975616,34359738368,27042762752,78.70479822158813,running,0,0,0,0,9751290,left,pdu,64.727,67.418,178287.00846818,0.285,14.4,178287.00846818,1.688,0.982,-7.676,6959.26
2025-09-05 12:05:56,quickpizza,quickpizza-8b95978b5-jgvvs,quickpizza,neuronet-k8s-w2,flux,r4,Neuronet-ClusterTest,1141630841000,1638284665,22620004352,33104523264,41533440,0,7118676,69386240,74145792,74145792,22620004352,33104523264,32768,quickpizza/quickpizza-8b95978b5-jgvvs,quickpizza,quickpizza-8b95978b5-jgvvs,quickpizza,flux,Neuronet-ClusterTest,73826.526,111184032.78688516,flux,flux-node3,flux-node3.av.it.pt,306,neuronet-k8s-lb,0.0139307798452737,34359738368,34359738368,0,0,409337856,2147483648,1738145792,80.938720703125,running,0,0,0,0,5073399,right,pdu,68.456,68.79,164761.00782573,0.299,8.8,164761.00782573,1.547,0.992,-6.364,2425.53
2025-09-05 12:06:56,quickpizza,quickpizza-8b95978b5-jgvvs,quickpizza,neuronet-k8s-w2,flux,r4,Neuronet-ClusterTest,1209849617000,172647613,22617776128,33104523264,43425792,0,8005303,55939072,59027456,59027456,22617776128,33104523264,32768,quickpizza/quickpizza-8b95978b5-jgvvs,quickpizza,quickpizza-8b95978b5-jgvvs,quickpizza,flux,Neuronet-ClusterTest,77978.709,70375983.05084753,flux,flux-node4,flux-node4.av.it.pt,179,neuronet-m1,0.400584422267623,64424509440,64424509440,0,0,409665536,4294967296,3885301760,90.46173095703124,running,0,0,0,0,8794319,right,pdu,64.802,66.48,164763.00782582,0.284,8.2,164763.00782582,1.59,0.991,-6.233,1037.72
2025-09-05 12:07:56,quickpizza,quickpizza-8b95978b5-jgvvs,quickpizza,neuronet-k8s-w2,flux,r4,Neuronet-ClusterTest,1265127568000,1438327396,22616125440,33104523264,45387776,0,8799629,66879488,71127040,71127040,22616125440,33104523264,32768,quickpizza/quickpizza-8b95978b5-jgvvs,quickpizza,quickpizza-8b95978b5-jgvvs,quickpizza,flux,Neuronet-ClusterTest,82998.633,83665399.99999999,flux,flux-node4,flux-node4.av.it.pt,179,neuronet-m1,0.442978941790553,64424509440,64424509440,0,0,539983872,4294967296,3754983424,87.42752075195312,running,0,0,0,0,8794379,right,pdu,91.308,90.803,217268.01031968,0.398,7.2,217268.01031968,1.564,0.997,-0.846,4598.2
2025-09-05 12:08:56,quickpizza,quickpizza-8b95978b5-jgvvs,quickpizza,neuronet-k8s-w2,flux,r4,Neuronet-ClusterTest,1364174136000,1933591764,22620061696,33104523264,41652224,0,9614969,88645632,93499392,93499392,22620061696,33104523264,32768,quickpizza/quickpizza-8b95978b5-jgvvs,quickpizza,quickpizza-8b95978b5-jgvvs,quickpizza,flux,Neuronet-ClusterTest,89795.151,111418327.8688524,flux,flux-node5,flux-node5.av.it.pt,183,neuronet-w2,0.65705778974929,64424509440,64424509440,0,0,1667899392,34359738368,32691838976,95.14577388763428,running,0,0,0,0,9751544,left,pdu,77.433,81.719,178292.00846842,0.341,15.3,178292.00846842,1.683,0.977,-7.505,2791.92
2025-09-05 12:09:56,quickpizza,quickpizza-8b95978b5-jgvvs,quickpizza,neuronet-k8s-w2,flux,r4,Neuronet-ClusterTest,1474750271000,1854165746,22609276928,33104523264,41250816,0,10400351,91201536,95711232,95711232,22609276928,33104523264,32768,quickpizza/quickpizza-8b95978b5-jgvvs,quickpizza,quickpizza-8b95978b5-jgvvs,quickpizza,flux,Neuronet-ClusterTest,96906.984,120539542.37288132,flux,flux-node1,flux-node1.av.it.pt,302,neuronet-k8s-m3,0.26646925614685,34359738368,34359738368,0,0,546893824,4294967296,3748073472,87.26663589477539,running,0,0,0,0,5493644,left,pdu,71.473,66.249,178293.00846846,0.315,13.5,178293.00846846,1.744,0.982,-7.78,1593.83
2025-09-05 12:10:56,quickpizza,quickpizza-8b95978b5-jgvvs,quickpizza,neuronet-k8s-w2,flux,r4,Neuronet-ClusterTest,1586386660000,1638299217,22610743296,33104523264,49348608,0,11277599,70504448,75001856,75001856,22610743296,33104523264,32768,quickpizza/quickpizza-8b95978b5-jgvvs,quickpizza,quickpizza-8b95978b5-jgvvs,quickpizza,flux,Neuronet-ClusterTest,103767.969,114349750.0,flux,flux-node1,flux-node1.av.it.pt,301,neuronet-k8s-m2,0.320570048919111,34359738368,34359738368,0,0,532316160,4294967296,3762651136,87.60604858398438,running,0,0,0,0,5493726,right,pdu,62.644,60.302,129804.00616536,0.275,12.3,129804.00616536,1.599,0.983,-6.392,3393.65
2025-09-05 12:11:56,quickpizza,quickpizza-8b95978b5-jgvvs,quickpizza,neuronet-k8s-w2,flux,r4,Neuronet-ClusterTest,1654205721000,423158621,22619746304,33104523264,39215104,0,12206138,58232832,61296640,61296640,22619746304,33104523264,32768,quickpizza/quickpizza-8b95978b5-jgvvs,quickpizza,quickpizza-8b95978b5-jgvvs,quickpizza,flux,Neuronet-ClusterTest,107899.062,68851550.00000013,flux,flux-node3,flux-node3.av.it.pt,185,neuronet-lb,0.0073296367426896,34359738368,34359738368,0,0,313139200,2147483648,1834344448,85.41831970214844,running,0,0,0,0,9245035,right,pdu,64.035,67.2,164768.00782606,0.28,14.0,164768.00782606,1.603,0.99,-6.178,807.55
2025-09-05 12:12:56,quickpizza,quickpizza-8b95978b5-jgvvs,quickpizza,neuronet-k8s-w2,flux,r4,Neuronet-ClusterTest,1702400569000,1415562509,22617837568,33104523264,41177088,0,12915909,66969600,70606848,70606848,22617837568,33104523264,32768,quickpizza/quickpizza-8b95978b5-jgvvs,quickpizza,quickpizza-8b95978b5-jgvvs,quickpizza,flux,Neuronet-ClusterTest,112896.978,83298599.99999996,flux,flux-node4,flux-node4.av.it.pt,182,neuronet-w1,0.183823385796145,64424509440,64424509440,0,0,27699372032,34359738368,6660366336,19.384217262268063,running,0,0,0,0,5449500,right,pdu,72.006,70.34,164769.00782611,0.315,11.8,164769.00782611,1.533,0.992,-6.424,3645.23
2025-09-05 12:13:56,quickpizza,quickpizza-8b95978b5-jgvvs,quickpizza,neuronet-k8s-w2,flux,r4,Neuronet-ClusterTest,1808410536000,1825497566,22610120704,33104523264,49078272,0,13870809,80515072,85405696,85405696,22610120704,33104523264,32768,quickpizza/quickpizza-8b95978b5-jgvvs,quickpizza,quickpizza-8b95978b5-jgvvs,quickpizza,flux,Neuronet-ClusterTest,119811.984,0.0,flux,flux-node5,flux-node5.av.it.pt,304,neuronet-k8s-w2,0.559977124281705,34359738368,34359738368,0,0,964657152,4294967296,3330310144,77.53982543945312,running,0,0,0,0,5451547,left,pdu,70.277,70.913,178298.0084687,0.311,12.8,178298.0084687,1.636,0.985,-7.736,2551.44
2025-09-05 12:14:56,quickpizza,quickpizza-8b95978b5-jgvvs,quickpizza,neuronet-k8s-w2,flux,r4,Neuronet-ClusterTest,24632638000,1332007528,22634684416,33104523264,24252416,0,42398,148066304,152891392,152891392,22634684416,33104523264,32768,quickpizza/quickpizza-8b95978b5-jgvvs,quickpizza,quickpizza-8b95978b5-jgvvs,quickpizza,flux,Neuronet-ClusterTest,3886.29,0.0,flux,flux-node4,flux-node4.av.it.pt,182,neuronet-w1,0.183437592560152,64424509440,64424509440,0,0,27689558016,34359738368,6670180352,19.412779808044437,running,0,0,0,0,5449620,right,pdu,71.354,72.777,164772.00782625,0.309,11.2,164772.00782625,1.645,0.991,-6.221,2833.25
2025-09-05 12:15:56,quickpizza,quickpizza-8b95978b5-jgvvs,quickpizza,neuronet-k8s-w2,flux,r4,Neuronet-ClusterTest,180370480000,1863789308,22621425664,33104523264,36184064,0,236326,61091840,65818624,65818624,22621425664,33104523264,32768,quickpizza/quickpizza-8b95978b5-jgvvs,quickpizza,quickpizza-8b95978b5-jgvvs,quickpizza,flux,Neuronet-ClusterTest,11287.461,123352850.0,flux,flux-node5,flux-node5.av.it.pt,184,neuronet-w3,0.355673724670452,64424509440,64424509440,0,0,7306924032,34359738368,27052814336,78.7340521812439,running,0,0,0,0,9751950,right,pdu,53.837,55.157,119068.00565543,0.239,15.1,119068.00565543,1.636,0.979,-7.867,1898.02
2025-09-05 12:16:56,quickpizza,quickpizza-8b95978b5-jgvvs,quickpizza,neuronet-k8s-w2,flux,r4,Neuronet-ClusterTest,239030220000,71494554,22618738688,33104523264,37994496,0,718664,54837248,57724928,57724928,22618738688,33104523264,32768,quickpizza/quickpizza-8b95978b5-jgvvs,quickpizza,quickpizza-8b95978b5-jgvvs,quickpizza,flux,Neuronet-ClusterTest,14662.962,56258350.0,flux,flux-node4,flux-node4.av.it.pt,182,neuronet-w1,0.183377228555614,64424509440,64424509440,0,0,27711643648,34359738368,6648094720,19.34850215911865,running,0,0,0,0,5449740,left,pdu,64.977,66.87,178301.00846884,0.289,15.7,178301.00846884,1.658,0.984,-7.883,769.45
2025-09-05 12:17:56,quickpizza,quickpizza-8b95978b5-jgvvs,quickpizza,neuronet-k8s-w2,flux,r4,Neuronet-ClusterTest,287194061000,1532692287,22616637440,33104523264,29474816,0,1151742,67170304,70709248,70709248,22616637440,33104523264,32768,quickpizza/quickpizza-8b95978b5-jgvvs,quickpizza,quickpizza-8b95978b5-jgvvs,quickpizza,flux,Neuronet-ClusterTest,19059.342,73273000.00000001,flux,flux-node4,flux-node4.av.it.pt,179,neuronet-m1,0.394422483329064,64424509440,64424509440,0,0,549347328,4294967296,3745619968,87.20951080322266,running,0,0,0,0,8794979,left,pdu,78.47,82.247,182392.00866316,0.344,11.1,182392.00866316,1.646,0.994,-4.81,3074.57
2025-09-05 12:18:56,quickpizza,quickpizza-8b95978b5-jgvvs,quickpizza,neuronet-k8s-w2,flux,r4,Neuronet-ClusterTest,371507510000,1869658514,22595465216,33104523264,38592512,0,1695468,78086144,83238912,83238912,22595465216,33104523264,32768,quickpizza/quickpizza-8b95978b5-jgvvs,quickpizza,quickpizza-8b95978b5-jgvvs,quickpizza,flux,Neuronet-ClusterTest,25914.939,114259949.99999996,flux,flux-node1,flux-node1.av.it.pt,302,neuronet-k8s-m3,0.274375033781165,34359738368,34359738368,0,0,554176512,4294967296,3740790784,87.09707260131836,running,0,0,0,0,5494185,left,pdu,78.566,77.751,178304.00846899,0.345,12.9,178303.00846894,1.678,0.98,-7.748,3996.11
2025-09-05 12:19:56,quickpizza,quickpizza-8b95978b5-jgvvs,quickpizza,neuronet-k8s-w2,flux,r4,Neuronet-ClusterTest,487661335000,2085285622,22553141248,33104523264,40275968,0,2245711,105893888,111534080,111534080,22553141248,33104523264,32768,quickpizza/quickpizza-8b95978b5-jgvvs,quickpizza,quickpizza-8b95978b5-jgvvs,quickpizza,flux,Neuronet-ClusterTest,33149.313,118596295.08196726,flux,flux-node3,flux-node3.av.it.pt,311,neuronet-5g-core,0.142506797680519,85899345920,85899345920,0,0,8931868672,17179869184,8248000512,48.00968170166016,running,0,0,0,0,1201284,left,pdu,63.562,65.955,146462.00695657,0.287,17.6,146462.00695657,1.713,0.963,-7.704,5236.58
2025-09-05 12:20:56,quickpizza,quickpizza-8b95978b5-jgvvs,quickpizza,neuronet-k8s-w2,flux,r4,Neuronet-ClusterTest,627403344000,1708672060,22511972352,33104523264,38797312,0,3074958,73408512,78389248,78389248,22511972352,33104523264,32768,quickpizza/quickpizza-8b95978b5-jgvvs,quickpizza,quickpizza-8b95978b5-jgvvs,quickpizza,flux,Neuronet-ClusterTest,40005.609,116208406.77966094,flux,flux-node3,flux-node3.av.it.pt,306,neuronet-k8s-lb,0.0147757080487122,34359738368,34359738368,0,0,409321472,2147483648,1738162176,80.93948364257812,running,0,0,0,0,5074298,right,pdu,53.003,42.698,119073.00565566,0.235,16.5,119073.00565566,1.655,0.96,-8.483,5058.16
2025-09-05 12:21:56,quickpizza,quickpizza-8b95978b5-jgvvs,quickpizza,neuronet-k8s-w2,flux,r4,Neuronet-ClusterTest,691841379000,916761705,22464614400,33104523264,40796160,0,3802750,55406592,58535936,58535936,22464614400,33104523264,32768,quickpizza/quickpizza-8b95978b5-jgvvs,quickpizza,quickpizza-8b95978b5-jgvvs,quickpizza,flux,Neuronet-ClusterTest,44058.684,67551250.00000007,flux,flux-node5,flux-node5.av.it.pt,305,neuronet-k8s-w3,0.0644601335132745,34359738368,34359738368,0,0,1849970688,4294967296,2444996608,56.9270133972168,running,0,0,0,0,5452010,right,pdu,51.504,52.736,119073.00565566,0.229,16.0,119073.00565566,1.612,0.978,-7.847,973.82
2025-09-05 12:22:56,quickpizza,quickpizza-8b95978b5-jgvvs,quickpizza,neuronet-k8s-w2,flux,r4,Neuronet-ClusterTest,740411234000,1409747167,22426599424,33104523264,30777344,0,4423617,65146880,68513792,68513792,22426599424,33104523264,32768,quickpizza/quickpizza-8b95978b5-jgvvs,quickpizza,quickpizza-8b95978b5-jgvvs,quickpizza,flux,Neuronet-ClusterTest,48885.66,80449600.00000004,flux,flux-node3,flux-node3.av.it.pt,306,neuronet-k8s-lb,0.0159758827819026,34359738368,34359738368,0,0,408768512,2147483648,1738715136,80.9652328491211,running,0,0,0,0,5074421,left,pdu,73.203,66.051,178308.00846918,0.323,12.6,178308.00846918,1.661,0.982,-7.68,2300.69
2025-09-05 12:23:56,quickpizza,quickpizza-8b95978b5-jgvvs,quickpizza,neuronet-k8s-w2,flux,r4,Neuronet-ClusterTest,841450447000,1818825839,22427860992,33104523264,38608896,0,5317197,86085632,90472448,90472448,22427860992,33104523264,32768,quickpizza/quickpizza-8b95978b5-jgvvs,quickpizza,quickpizza-8b95978b5-jgvvs,quickpizza,flux,Neuronet-ClusterTest,55600.788,111918799.99999994,flux,flux-node4,flux-node4.av.it.pt,179,neuronet-m1,0.384141647224562,64424509440,64424509440,0,0,631599104,4294967296,3663368192,85.29443740844727,running,0,0,0,0,8795339,right,pdu,55.519,67.184,129817.00616598,0.245,16.4,129817.00616598,1.722,0.982,-7.144,1537.77
2025-09-05 12:24:56,quickpizza,quickpizza-8b95978b5-jgvvs,quickpizza,neuronet-k8s-w2,flux,r4,Neuronet-ClusterTest,953655701000,1980012258,22415396864,33104523264,38580224,0,6018176,104173568,109137920,109137920,22415396864,33104523264,32768,quickpizza/quickpizza-8b95978b5-jgvvs,quickpizza,quickpizza-8b95978b5-jgvvs,quickpizza,flux,Neuronet-ClusterTest,62696.25,118257700.0,flux,flux-node3,flux-node3.av.it.pt,306,neuronet-k8s-lb,0.0154584877572837,34359738368,34359738368,0,0,408776704,2147483648,1738706944,80.96485137939453,running,0,0,0,0,5074538,right,pdu,94.425,95.021,217295.01032096,0.411,8.9,217295.01032096,1.624,0.995,-0.997,2483.57
2025-09-05 12:25:56,quickpizza,quickpizza-8b95978b5-jgvvs,quickpizza,neuronet-k8s-w2,flux,r4,Neuronet-ClusterTest,1066542893000,1658150455,22399369216,33104523264,35188736,0,6838448,74379264,78557184,78557184,22399369216,33104523264,32768,quickpizza/quickpizza-8b95978b5-jgvvs,quickpizza,quickpizza-8b95978b5-jgvvs,quickpizza,flux,Neuronet-ClusterTest,69392.499,111604149.99999994,flux,flux-node3,flux-node3.av.it.pt,311,neuronet-5g-core,0.134563998700111,85899345920,85899345920,0,0,8921669632,17179869184,8258199552,48.069047927856445,running,0,0,0,0,1201644,left,pdu,69.311,71.199,178312.00846937,0.305,12.8,178312.00846937,1.672,0.981,-7.899,1843.1
2025-09-05 12:26:56,quickpizza,quickpizza-8b95978b5-jgvvs,quickpizza,neuronet-k8s-w2,flux,r4,Neuronet-ClusterTest,1132762861000,1124949962,22386274304,33104523264,37175296,0,7678729,60170240,63815680,63815680,22386274304,33104523264,32768,quickpizza/quickpizza-8b95978b5-jgvvs,quickpizza,quickpizza-8b95978b5-jgvvs,quickpizza,flux,Neuronet-ClusterTest,73569.45,68474606.55737706,flux,flux-node3,flux-node3.av.it.pt,306,neuronet-k8s-lb,0.0145917981439536,34359738368,34359738368,0,0,406228992,2147483648,1741254656,81.08348846435547,running,0,0,0,0,5074658,left,pdu,65.53,68.178,178313.00846941,0.289,15.1,178313.00846941,1.668,0.983,-7.915,1028.11
2025-09-05 12:27:56,quickpizza,quickpizza-8b95978b5-jgvvs,quickpizza,neuronet-k8s-w2,flux,r4,Neuronet-ClusterTest,1187780702000,1429840842,22370910208,33104523264,39108608,0,8416106,69533696,73273344,73273344,22370910208,33104523264,32768,quickpizza/quickpizza-8b95978b5-jgvvs,quickpizza,quickpizza-8b95978b5-jgvvs,quickpizza,flux,Neuronet-ClusterTest,78655.932,84774700.00000006,flux,flux-node3,flux-node3.av.it.pt,185,neuronet-lb,0.0063163937541808,34359738368,34359738368,0,0,311803904,2147483648,1835679744,85.48049926757812,running,0,0,0,0,9245995,left,pdu,63.554,61.467,146470.00695695,0.279,13.7,146470.00695695,1.663,0.979,-7.466,2127.88
2025-09-05 12:28:56,quickpizza,quickpizza-8b95978b5-jgvvs,quickpizza,neuronet-k8s-w2,flux,r4,Neuronet-ClusterTest,79310887000,2268538597,22371631104,33104523264,32206848,0,120531,109088768,113963008,113963008,22371631104,33104523264,32768,quickpizza/quickpizza-8b95978b5-jgvvs,quickpizza,quickpizza-8b95978b5-jgvvs,quickpizza,flux,Neuronet-ClusterTest,80191.494,26026474.57627128,flux,flux-node3,flux-node3.av.it.pt,311,neuronet-5g-core,0.148484517342038,85899345920,85899345920,0,0,8907239424,17179869184,8272629760,48.153042793273926,running,0,0,0,0,1201824,right,pdu,100.19,96.353,217301.01032124,0.436,7.6,217301.01032124,1.597,0.997,-0.353,2265.34
2025-09-05 12:29:56,quickpizza,quickpizza-8b95978b5-jgvvs,quickpizza,neuronet-k8s-w2,flux,r4,Neuronet-ClusterTest,213152930000,2349676468,22336892928,33104523264,37179392,0,282350,147062784,153874432,153874432,22336892928,33104523264,32768,quickpizza/quickpizza-8b95978b5-jgvvs,quickpizza,quickpizza-8b95978b5-jgvvs,quickpizza,flux,Neuronet-ClusterTest,12519.024,126851550.0,flux,flux-node3,flux-node3.av.it.pt,185,neuronet-lb,0.0125314681131864,34359738368,34359738368,0,0,311103488,2147483648,1836380160,85.51311492919922,running,0,0,0,0,9246116,left,pdu,70.138,71.076,178317.0084696,0.309,13.3,178317.0084696,1.633,0.987,-7.692,3294.75
2025-09-05 12:30:56,quickpizza,quickpizza-8b95978b5-jgvvs,quickpizza,neuronet-k8s-w2,flux,r4,Neuronet-ClusterTest,335899950000,1959807728,22317068288,33104523264,39108608,0,614710,82046976,86851584,86851584,22317068288,33104523264,32768,quickpizza/quickpizza-8b95978b5-jgvvs,quickpizza,quickpizza-8b95978b5-jgvvs,quickpizza,flux,Neuronet-ClusterTest,19803.51,119417803.2786885,flux,flux-node4,flux-node4.av.it.pt,182,neuronet-w1,0.183363488340767,64424509440,64424509440,0,0,27683143680,34359738368,6676594688,19.43144798278809,running,0,0,0,0,5450580,right,pdu,65.971,66.611,164791.00782715,0.289,9.4,164791.00782715,1.665,0.99,-6.321,3250.4
2025-09-05 12:31:56,quickpizza,quickpizza-8b95978b5-jgvvs,quickpizza,neuronet-k8s-w2,flux,r4,Neuronet-ClusterTest,398515767000,299437262,22297448448,33104523264,41050112,0,1184246,52822016,55885824,55885824,22297448448,33104523264,32768,quickpizza/quickpizza-8b95978b5-jgvvs,quickpizza,quickpizza-8b95978b5-jgvvs,quickpizza,flux,Neuronet-ClusterTest,23349.549,60102355.932203405,flux,flux-node3,flux-node3.av.it.pt,311,neuronet-5g-core,0.139051090741094,85899345920,85899345920,0,0,8931131392,17179869184,8248737792,48.013973236083984,running,0,0,0,0,1202004,right,pdu,63.224,57.113,119082.00565609,0.279,14.1,119082.00565609,1.682,0.981,-8.376,752.61
2025-09-05 12:32:56,quickpizza,quickpizza-8b95978b5-jgvvs,quickpizza,neuronet-k8s-w2,flux,r4,Neuronet-ClusterTest,428680243000,1214122034,22284435456,33104523264,42991616,0,1512475,52752384,55898112,55898112,22284435456,33104523264,32768,quickpizza/quickpizza-8b95978b5-jgvvs,quickpizza,quickpizza-8b95978b5-jgvvs,quickpizza,flux,Neuronet-ClusterTest,27680.517,72182800.00000001,flux,flux-node1,flux-node1.av.it.pt,302,neuronet-k8s-m3,0.274294066235302,34359738368,34359738368,0,0,532320256,4294967296,3762647040,87.60595321655273,running,0,0,0,0,5495024,right,pdu,73.294,68.802,164799.00782753,0.32,10.5,164799.00782753,1.565,0.992,-6.174,4586.29
2025-09-05 12:33:56,quickpizza,quickpizza-8b95978b5-jgvvs,quickpizza,neuronet-k8s-w2,flux,r4,Neuronet-ClusterTest,547930014000,1911624151,22285381632,33104523264,41140224,0,2416510,80994304,85659648,85659648,22285381632,33104523264,32768,quickpizza/quickpizza-8b95978b5-jgvvs,quickpizza,quickpizza-8b95978b5-jgvvs,quickpizza,flux,Neuronet-ClusterTest,34659.126,116310149.99999996,flux,flux-node4,flux-node4.av.it.pt,179,neuronet-m1,0.424061711869552,64424509440,64424509440,0,0,618082304,4294967296,3676884992,85.60914993286133,running,0,0,0,0,8795939,right,pdu,58.616,59.268,129825.00616636,0.258,13.5,129825.00616636,1.632,0.985,-8.086,5157.61
2025-09-05 12:34:56,quickpizza,quickpizza-8b95978b5-jgvvs,quickpizza,neuronet-k8s-w2,flux,r4,Neuronet-ClusterTest,676931473000,2018559882,22284210176,33104523264,41070592,0,3138749,97517568,103350272,103350272,22284210176,33104523264,32768,quickpizza/quickpizza-8b95978b5-jgvvs,quickpizza,quickpizza-8b95978b5-jgvvs,quickpizza,flux,Neuronet-ClusterTest,41960.697,123755440.67796616,flux,flux-node4,flux-node4.av.it.pt,182,neuronet-w1,0.183357952500518,64424509440,64424509440,0,0,27687026688,34359738368,6672711680,19.420146942138672,running,0,0,0,0,5450821,right,pdu,66.218,71.259,164795.00782734,0.309,10.2,164795.00782734,1.605,0.991,-6.094,3325.3
2025-09-05 12:35:56,quickpizza,quickpizza-8b95978b5-jgvvs,quickpizza,neuronet-k8s-w2,flux,r4,Neuronet-ClusterTest,774923518000,1717366985,22286667776,33104523264,37179392,0,3878844,71974912,76529664,76529664,22286667776,33104523264,32768,quickpizza/quickpizza-8b95978b5-jgvvs,quickpizza,quickpizza-8b95978b5-jgvvs,quickpizza,flux,Neuronet-ClusterTest,48734.895,112903299.99999994,flux,flux-node3,flux-node3.av.it.pt,311,neuronet-5g-core,0.132811786804346,85899345920,85899345920,0,0,8916025344,17179869184,8263843840,48.10190200805664,running,0,0,0,0,1202244,left,pdu,79.198,70.114,178324.00846994,0.348,15.9,178324.00846994,1.658,0.982,-8.07,2767.47
2025-09-05 12:36:56,quickpizza,quickpizza-8b95978b5-jgvvs,quickpizza,neuronet-k8s-w2,flux,r4,Neuronet-ClusterTest,845184400000,481740417,22283583488,33104523264,39206912,0,4789621,55779328,58793984,58793984,22283583488,33104523264,32768,quickpizza/quickpizza-8b95978b5-jgvvs,quickpizza,quickpizza-8b95978b5-jgvvs,quickpizza,flux,Neuronet-ClusterTest,52812.915,67967000.00000007,flux,flux-node1,flux-node1.av.it.pt,300,neuronet-k8s-m1,0.294510348725475,34359738368,34359738368,0,0,716378112,4294967296,3578589184,83.32052230834961,running,0,0,0,0,5495461,left,pdu,57.968,61.475,146480.00695743,0.262,16.1,146480.00695743,1.764,0.972,-7.358,748.06
2025-09-05 12:37:56,quickpizza,quickpizza-8b95978b5-jgvvs,quickpizza,neuronet-k8s-w2,flux,r4,Neuronet-ClusterTest,895482401000,1447041319,22280712192,33104523264,41140224,0,5461223,65421312,69390336,69390336,22280712192,33104523264,32768,quickpizza/quickpizza-8b95978b5-jgvvs,quickpizza,quickpizza-8b95978b5-jgvvs,quickpizza,flux,Neuronet-ClusterTest,57690.093,81286300.0,flux,flux-node3,flux-node3.av.it.pt,185,neuronet-lb,0.0086120210500812,34359738368,34359738368,0,0,311525376,2147483648,1835958272,85.49346923828125,running,0,0,0,0,9246595,left,pdu,80.609,81.142,182420.00866449,0.353,9.0,182420.00866449,1.615,0.993,-2.476,1543.88
2025-09-05 12:38:56,quickpizza,quickpizza-8b95978b5-jgvvs,quickpizza,neuronet-k8s-w2,flux,r4,Neuronet-ClusterTest,1000932621000,1926430370,22273425408,33104523264,38477824,0,6256171,86695936,90841088,90841088,22273425408,33104523264,32768,quickpizza/quickpizza-8b95978b5-jgvvs,quickpizza,quickpizza-8b95978b5-jgvvs,quickpizza,flux,Neuronet-ClusterTest,64574.802,114745150.00000004,flux,flux-node4,flux-node4.av.it.pt,179,neuronet-m1,0.379710773656068,64424509440,64424509440,0,0,577265664,4294967296,3717701632,86.55948638916016,running,0,0,0,0,8796238,left,pdu,88.728,83.961,208777.00991638,0.388,9.1,208777.00991638,1.554,0.995,-4.798,1537.49
2025-09-05 12:39:56,quickpizza,quickpizza-8b95978b5-jgvvs,quickpizza,neuronet-k8s-w2,flux,r4,Neuronet-ClusterTest,1124237316000,2071186435,22273069056,33104523264,37117952,0,7015931,99229696,104722432,104722432,22273069056,33104523264,32768,quickpizza/quickpizza-8b95978b5-jgvvs,quickpizza,quickpizza-8b95978b5-jgvvs,quickpizza,flux,Neuronet-ClusterTest,71746.104,0.0,flux,flux-node3,flux-node3.av.it.pt,311,neuronet-5g-core,0.140676135514061,85899345920,85899345920,0,0,8911331328,17179869184,8268537856,48.12922477722168,running,0,0,0,0,1202485,left,pdu,74.626,72.221,178329.00847017,0.328,15.4,178329.00847017,1.67,0.986,-7.589,1537.71
2025-09-05 12:41:56,quickpizza,quickpizza-8b95978b5-jgvvs,quickpizza,neuronet-k8s-w2,flux,r4,Neuronet-ClusterTest,22041951000,48069982,22295797760,33104523264,22851584,0,29634,34426880,36253696,36253696,22295797760,33104523264,32768,quickpizza/quickpizza-8b95978b5-jgvvs,quickpizza,quickpizza-8b95978b5-jgvvs,quickpizza,flux,Neuronet-ClusterTest,1735.125,28896661.016949154,flux,flux-node5,flux-node5.av.it.pt,305,neuronet-k8s-w3,0.167756957355868,34359738368,34359738368,0,0,1883598848,4294967296,2411368448,56.14404678344727,running,0,0,0,0,5453210,right,pdu,68.353,65.581,164803.00782772,0.284,13.8,164803.00782772,1.593,0.986,-6.19,755.97
2025-09-05 12:42:58,quickpizza,quickpizza-8b95978b5-jgvvs,quickpizza,neuronet-k8s-w2,flux,r4,Neuronet-ClusterTest,44394428000,1022007608,22293635072,33104523264,24940544,0,78563,35160064,37449728,37449728,22293635072,33104523264,32768,quickpizza/quickpizza-8b95978b5-jgvvs,quickpizza,quickpizza-8b95978b5-jgvvs,quickpizza,flux,Neuronet-ClusterTest,5223.516,58139849.99999999,flux,flux-node5,flux-node5.av.it.pt,181,neuronet-m3,0.336992303784288,64424509440,64424509440,0,0,581091328,4294967296,3713875968,86.47041320800781,running,0,0,0,0,9753613,right,pdu,69.672,68.659,164804.00782777,0.306,13.7,164804.00782777,1.562,0.99,-6.178,980.32
2025-09-05 12:43:57,quickpizza,quickpizza-8b95978b5-jgvvs,quickpizza,neuronet-k8s-w2,flux,r4,Neuronet-ClusterTest,172083677000,2048898417,22283755520,33104523264,35106816,0,689475,79736832,84578304,84578304,22283755520,33104523264,32768,quickpizza/quickpizza-8b95978b5-jgvvs,quickpizza,quickpizza-8b95978b5-jgvvs,quickpizza,flux,Neuronet-ClusterTest,12402.312,119646600.0,flux,flux-node3,flux-node3.av.it.pt,306,neuronet-k8s-lb,0.0,34359738368,34359738368,0,0,407461888,2147483648,1740021760,81.02607727050781,running,0,0,0,0,5075678,right,pdu,85.209,85.448,217325.01032238,0.371,8.2,217325.01032238,1.579,0.997,-1.192,2915.92
2025-09-05 12:44:56,quickpizza,quickpizza-8b95978b5-jgvvs,quickpizza,neuronet-k8s-w2,flux,r4,Neuronet-ClusterTest,286964828000,2193507835,22280372224,33104523264,37867520,0,1164222,102072320,107954176,107954176,22280372224,33104523264,32768,quickpizza/quickpizza-8b95978b5-jgvvs,quickpizza,quickpizza-8b95978b5-jgvvs,quickpizza,flux,Neuronet-ClusterTest,19867.176,124414400.0,flux,flux-node3,flux-node3.av.it.pt,185,neuronet-lb,0.0388561827249023,34359738368,34359738368,0,0,308105216,2147483648,1839378432,85.6527328491211,running,0,0,0,0,9247016,right,pdu,71.76,70.813,164807.00782791,0.308,14.1,164807.00782791,1.578,0.992,-6.432,3352.05
2025-09-05 12:45:56,quickpizza,quickpizza-8b95978b5-jgvvs,quickpizza,neuronet-k8s-w2,flux,r4,Neuronet-ClusterTest,416771021000,1750229517,22278828032,33104523264,37822464,0,1812833,64151552,68734976,68734976,22278828032,33104523264,32768,quickpizza/quickpizza-8b95978b5-jgvvs,quickpizza,quickpizza-8b95978b5-jgvvs,quickpizza,flux,Neuronet-ClusterTest,26965.779,118310050.0,flux,flux-node4,flux-node4.av.it.pt,179,neuronet-m1,0.309531897540772,64424509440,64424509440,0,0,441749504,4294967296,3853217792,89.71471786499023,running,0,0,0,0,8796659,left,pdu,87.424,87.889,182430.00866496,0.382,9.3,182430.00866496,1.607,0.994,-3.896,5074.87
2025-09-05 12:46:56,quickpizza,quickpizza-8b95978b5-jgvvs,quickpizza,neuronet-k8s-w2,flux,r4,Neuronet-ClusterTest,476001279000,380624799,22275620864,33104523264,39882752,0,2433362,44281856,47058944,47058944,22275620864,33104523264,32768,quickpizza/quickpizza-8b95978b5-jgvvs,quickpizza,quickpizza-8b95978b5-jgvvs,quickpizza,flux,Neuronet-ClusterTest,30844.986,64653450.00000004,flux,flux-node3,flux-node3.av.it.pt,306,neuronet-k8s-lb,0.0150338173049102,34359738368,34359738368,0,0,405204992,2147483648,1742278656,81.13117218017578,running,0,0,0,0,5075858,right,pdu,72.761,73.052,164809.00782801,0.318,9.3,164809.00782801,1.581,0.99,-6.213,742.88
2025-09-05 12:47:56,quickpizza,quickpizza-8b95978b5-jgvvs,quickpizza,neuronet-k8s-w2,flux,r4,Neuronet-ClusterTest,524586263000,1484442418,22273466368,33104523264,41869312,0,3019137,56160256,59572224,59572224,22273466368,33104523264,32768,quickpizza/quickpizza-8b95978b5-jgvvs,quickpizza,quickpizza-8b95978b5-jgvvs,quickpizza,flux,Neuronet-ClusterTest,35598.48,79224900.00000003,flux,flux-node1,flux-node1.av.it.pt,300,neuronet-k8s-m1,0.314556364429959,34359738368,34359738368,0,0,730103808,4294967296,3564863488,83.00094604492188,running,0,0,0,0,5496120,left,pdu,69.227,68.563,146491.00695795,0.305,14.2,146491.00695795,1.68,0.98,-7.231,2379.58
2025-09-05 12:48:56,quickpizza,quickpizza-8b95978b5-jgvvs,quickpizza,neuronet-k8s-w2,flux,r4,Neuronet-ClusterTest,617357714000,1908972316,22274539520,33104523264,40542208,0,3767326,87285760,91545600,91545600,22274539520,33104523264,32768,quickpizza/quickpizza-8b95978b5-jgvvs,quickpizza,quickpizza-8b95978b5-jgvvs,quickpizza,flux,Neuronet-ClusterTest,42614.502,116933699.99999996,flux,flux-node5,flux-node5.av.it.pt,305,neuronet-k8s-w3,0.412713118797821,34359738368,34359738368,0,0,1870548992,4294967296,2424418304,56.4478874206543,running,0,0,0,0,5453630,left,pdu,64.902,67.021,146492.006958,0.291,15.3,146492.006958,1.739,0.968,-7.8,1703.95
2025-09-05 12:49:56,quickpizza,quickpizza-8b95978b5-jgvvs,quickpizza,neuronet-k8s-w2,flux,r4,Neuronet-ClusterTest,748316140000,2051992634,22272999424,33104523264,41431040,0,4534043,100392960,105099264,105099264,22272999424,33104523264,32768,quickpizza/quickpizza-8b95978b5-jgvvs,quickpizza,quickpizza-8b95978b5-jgvvs,quickpizza,flux,Neuronet-ClusterTest,49842.852,120472500.0,flux,flux-node1,flux-node1.av.it.pt,188,neuronet-m2,0.313296687887637,64424509440,64424509440,0,0,523624448,4294967296,3771342848,87.80841827392578,running,0,0,0,0,9753925,left,pdu,74.332,75.536,178341.00847074,0.328,15.2,178341.00847074,1.651,0.984,-7.863,1535.01
2025-09-05 12:50:56,quickpizza,quickpizza-8b95978b5-jgvvs,quickpizza,neuronet-k8s-w2,flux,r4,Neuronet-ClusterTest,849367221000,1734425448,22274801664,33104523264,38858752,0,5325081,66314240,70770688,70770688,22274801664,33104523264,32768,quickpizza/quickpizza-8b95978b5-jgvvs,quickpizza,quickpizza-8b95978b5-jgvvs,quickpizza,flux,Neuronet-ClusterTest,56675.613,113879349.99999996,flux,flux-node1,flux-node1.av.it.pt,302,neuronet-k8s-m3,0.276005490337683,34359738368,34359738368,0,0,547958784,4294967296,3747008512,87.24184036254883,running,0,0,0,0,5496104,right,pdu,94.87,95.101,217336.01032291,0.413,8.0,217336.01032291,1.571,0.997,-0.604,1535.24
2025-09-05 12:51:56,quickpizza,quickpizza-8b95978b5-jgvvs,quickpizza,neuronet-k8s-w2,flux,r4,Neuronet-ClusterTest,926237943000,813619041,22272049152,33104523264,40919040,0,6228560,47009792,49803264,49803264,22272049152,33104523264,32768,quickpizza/quickpizza-8b95978b5-jgvvs,quickpizza,quickpizza-8b95978b5-jgvvs,quickpizza,flux,Neuronet-ClusterTest,60827.649,69200600.0,flux,flux-node5,flux-node5.av.it.pt,184,neuronet-w3,0.360945009203137,64424509440,64424509440,0,0,7332458496,34359738368,27027279872,78.65973711013794,running,0,0,0,0,9754110,left,pdu,64.588,63.785,178343.00847084,0.3,13.2,178343.00847084,1.712,0.976,-7.828,746.84
2025-09-05 12:52:56,quickpizza,quickpizza-8b95978b5-jgvvs,quickpizza,neuronet-k8s-w2,flux,r4,Neuronet-ClusterTest,983929163000,1457605907,22269702144,33104523264,42872832,0,6966028,56762368,60137472,60137472,22269702144,33104523264,32768,quickpizza/quickpizza-8b95978b5-jgvvs,quickpizza,quickpizza-8b95978b5-jgvvs,quickpizza,flux,Neuronet-ClusterTest,65759.109,0.0,flux,flux-node5,flux-node5.av.it.pt,183,neuronet-w2,0.631319974489449,64424509440,64424509440,0,0,1569071104,34359738368,32790667264,95.4334020614624,running,0,0,0,0,9754185,right,pdu,91.491,90.863,217339.01032305,0.398,7.0,217339.01032305,1.563,0.997,-0.703,2924.36
2025-09-05 12:53:56,quickpizza,quickpizza-8b95978b5-jgvvs,quickpizza,neuronet-k8s-w2,flux,r4,Neuronet-ClusterTest,1092635401000,1924696395,22271406080,33104523264,40620032,0,7805873,78348288,82726912,82726912,22271406080,33104523264,32768,quickpizza/quickpizza-8b95978b5-jgvvs,quickpizza,quickpizza-8b95978b5-jgvvs,quickpizza,flux,Neuronet-ClusterTest,72692.19,113657065.57377058,flux,flux-node1,flux-node1.av.it.pt,302,neuronet-k8s-m3,0.214503384774317,34359738368,34359738368,0,0,540889088,4294967296,3754078208,87.40644454956055,running,0,0,0,0,5496285,right,pdu,95.049,89.368,217340.0103231,0.414,8.5,217340.0103231,1.578,0.997,-0.878,1534.62
2025-09-05 12:54:56,quickpizza,quickpizza-8b95978b5-jgvvs,quickpizza,neuronet-k8s-w2,flux,r4,Neuronet-ClusterTest,1205703510000,1896039657,22271270912,33104523264,40194048,0,8598488,93511680,98578432,98578432,22271270912,33104523264,32768,quickpizza/quickpizza-8b95978b5-jgvvs,quickpizza,quickpizza-8b95978b5-jgvvs,quickpizza,flux,Neuronet-ClusterTest,79767.9,119927288.13559309,flux,flux-node4,flux-node4.av.it.pt,179,neuronet-m1,0.395792243763613,64424509440,64424509440,0,0,585162752,4294967296,3709804544,86.37561798095703,running,0,0,0,0,8797199,right,pdu,96.385,95.943,217342.01032319,0.42,5.4,217342.01032319,1.652,0.997,-0.151,1536.29
2025-09-05 12:55:56,quickpizza,quickpizza-8b95978b5-jgvvs,quickpizza,neuronet-k8s-w2,flux,r4,Neuronet-ClusterTest,1305155066000,1591067498,22264500224,33104523264,35610624,0,9497246,62152704,65994752,65994752,22264500224,33104523264,32768,quickpizza/quickpizza-8b95978b5-jgvvs,quickpizza,quickpizza-8b95978b5-jgvvs,quickpizza,flux,Neuronet-ClusterTest,86453.295,111423250.00000006,flux,flux-node5,flux-node5.av.it.pt,181,neuronet-m3,0.371038404248004,64424509440,64424509440,0,0,429166592,4294967296,3865800704,90.00768661499023,running,0,0,0,0,9754393,left,pdu,69.653,62.548,178348.00847108,0.307,12.4,178348.00847108,1.598,0.984,-7.74,4568.16
2025-09-05 12:56:56,quickpizza,quickpizza-8b95978b5-jgvvs,quickpizza,neuronet-k8s-w2,flux,r4,Neuronet-ClusterTest,1369470897000,270512588,22273150976,33104523264,37486592,0,10335477,47501312,50110464,50110464,22273150976,33104523264,32768,quickpizza/quickpizza-8b95978b5-jgvvs,quickpizza,quickpizza-8b95978b5-jgvvs,quickpizza,flux,Neuronet-ClusterTest,90680.352,70450950.0,flux,flux-node3,flux-node3.av.it.pt,306,neuronet-k8s-lb,0.0153923412550891,34359738368,34359738368,0,0,406654976,2147483648,1740828672,81.06365203857422,running,0,0,0,0,5076458,right,pdu,60.278,63.55,129847.0061674,0.265,12.8,129847.0061674,1.683,0.987,-7.156,981.62
2025-09-05 12:57:56,quickpizza,quickpizza-8b95978b5-jgvvs,quickpizza,neuronet-k8s-w2,flux,r4,Neuronet-ClusterTest,1420621279000,1439862201,22271430656,33104523264,39358464,0,11040670,61116416,65126400,65126400,22271430656,33104523264,32768,quickpizza/quickpizza-8b95978b5-jgvvs,quickpizza,quickpizza-8b95978b5-jgvvs,quickpizza,flux,Neuronet-ClusterTest,95743.863,0.0,flux,flux-node3,flux-node3.av.it.pt,306,neuronet-k8s-lb,0.0134511502284332,34359738368,34359738368,0,0,406654976,2147483648,1740828672,81.06365203857422,running,0,0,0,0,5076518,right,pdu,88.759,89.014,217347.01032343,0.387,7.6,217347.01032343,1.545,0.997,-0.91,1942.99
2025-09-05 12:58:56,quickpizza,quickpizza-8b95978b5-jgvvs,quickpizza,neuronet-k8s-w2,flux,r4,Neuronet-ClusterTest,1532445279000,1839654496,22263971840,33104523264,35676160,0,12050897,83472384,88166400,88166400,22263971840,33104523264,32768,quickpizza/quickpizza-8b95978b5-jgvvs,quickpizza,quickpizza-8b95978b5-jgvvs,quickpizza,flux,Neuronet-ClusterTest,102575.94,113867950.00000007,flux,flux-node4,flux-node4.av.it.pt,182,neuronet-w1,0.18265286600446,64424509440,64424509440,0,0,27714293760,34359738368,6645444608,19.34078931808472,running,0,0,0,0,5452261,left,pdu,59.98,67.184,146503.00695852,0.266,15.3,146503.00695852,1.679,0.98,-7.251,1537.02
2025-09-05 12:59:56,quickpizza,quickpizza-8b95978b5-jgvvs,quickpizza,neuronet-k8s-w2,flux,r4,Neuronet-ClusterTest,1646044094000,1891771098,22264418304,33104523264,46022656,0,12810271,83243008,88244224,88244224,22264418304,33104523264,32768,quickpizza/quickpizza-8b95978b5-jgvvs,quickpizza,quickpizza-8b95978b5-jgvvs,quickpizza,flux,Neuronet-ClusterTest,109683.744,118463400.00000006,flux,flux-node5,flux-node5.av.it.pt,184,neuronet-w3,0.360656927660274,64424509440,64424509440,0,0,7323095040,34359738368,27036643328,78.68698835372925,running,0,0,0,0,9754590,left,pdu,85.885,80.24,182450.00866591,0.376,11.2,182450.00866591,1.647,0.994,-3.212,5197.21
2025-09-05 13:00:56,quickpizza,quickpizza-8b95978b5-jgvvs,quickpizza,neuronet-k8s-w2,flux,r4,Neuronet-ClusterTest,1753326799000,1573257179,22266707968,33104523264,42713088,0,13711263,61812736,65589248,65589248,22266707968,33104523264,32768,quickpizza/quickpizza-8b95978b5-jgvvs,quickpizza,quickpizza-8b95978b5-jgvvs,quickpizza,flux,Neuronet-ClusterTest,116423.577,112330549.99999996,flux,flux-node1,flux-node1.av.it.pt,300,neuronet-k8s-m1,0.303396237466204,34359738368,34359738368,0,0,713707520,4294967296,3581259776,83.3827018737793,running,0,0,0,0,5496899,left,pdu,59.904,61.049,146505.00695861,0.265,17.7,146505.00695861,1.644,0.981,-8.058,3452.88
2025-09-05 13:01:56,quickpizza,quickpizza-8b95978b5-jgvvs,quickpizza,neuronet-k8s-w2,flux,r4,Neuronet-ClusterTest,1812651455000,253524603,22263840768,33104523264,44515328,0,14544388,47030272,49672192,49672192,22263840768,33104523264,32768,quickpizza/quickpizza-8b95978b5-jgvvs,quickpizza,quickpizza-8b95978b5-jgvvs,quickpizza,flux,Neuronet-ClusterTest,120645.933,70372599.99999999,flux,flux-node3,flux-node3.av.it.pt,185,neuronet-lb,0.0253670608940727,34359738368,34359738368,0,0,306917376,2147483648,1840566272,85.70804595947266,running,0,0,0,0,9248035,left,pdu,80.518,78.793,178355.00847141,0.354,16.9,178355.00847141,1.695,0.987,-8.281,950.13
2025-09-05 13:02:56,quickpizza,quickpizza-8b95978b5-jgvvs,quickpizza,neuronet-k8s-w2,flux,r4,Neuronet-ClusterTest,1857055516000,1361008302,22261932032,33104523264,46460928,0,15197353,53334016,57028608,57028608,22261932032,33104523264,32768,quickpizza/quickpizza-8b95978b5-jgvvs,quickpizza,quickpizza-8b95978b5-jgvvs,quickpizza,flux,Neuronet-ClusterTest,125663.892,83632650.00000004,flux,flux-node4,flux-node4.av.it.pt,182,neuronet-w1,0.183303792830087,64424509440,64424509440,0,0,27703717888,34359738368,6656020480,19.37156915664673,running,0,0,0,0,5452502,left,pdu,55.217,57.34,146507.00695871,0.269,14.8,146507.00695871,1.753,0.978,-7.716,3700.0
2025-09-05 13:03:56,quickpizza,quickpizza-8b95978b5-jgvvs,quickpizza,neuronet-k8s-w2,flux,r4,Neuronet-ClusterTest,1962988397000,1797259572,22266228736,33104523264,42029056,0,16226570,72908800,77058048,77058048,22266228736,33104523264,32768,quickpizza/quickpizza-8b95978b5-jgvvs,quickpizza,quickpizza-8b95978b5-jgvvs,quickpizza,flux,Neuronet-ClusterTest,132482.874,113649700.00000006,flux,flux-node4,flux-node4.av.it.pt,179,neuronet-m1,0.382643217856455,64424509440,64424509440,0,0,586350592,4294967296,3708616704,86.34796142578125,running,0,0,0,0,8797738,left,pdu,70.678,72.4,178358.00847155,0.315,13.1,178358.00847155,1.648,0.983,-7.923,3249.27
2025-09-05 13:04:56,quickpizza,quickpizza-8b95978b5-jgvvs,quickpizza,neuronet-k8s-w2,flux,r4,Neuronet-ClusterTest,2087963581000,1824591740,22266605568,33104523264,41164800,0,17095027,80474112,85229568,85229568,22266605568,33104523264,32768,quickpizza/quickpizza-8b95978b5-jgvvs,quickpizza,quickpizza-8b95978b5-jgvvs,quickpizza,flux,Neuronet-ClusterTest,139558.206,117922199.99999993,flux,flux-node1,flux-node1.av.it.pt,300,neuronet-k8s-m1,0.291568619090961,34359738368,34359738368,0,0,694013952,4294967296,3600953344,83.84122848510742,running,0,0,0,0,5497141,right,pdu,71.939,72.801,164830.007829,0.315,11.7,164830.007829,1.568,0.991,-6.444,2872.78
2025-09-05 13:05:56,quickpizza,quickpizza-8b95978b5-jgvvs,quickpizza,neuronet-k8s-w2,flux,r4,Neuronet-ClusterTest,2168158391000,1701671620,22269894656,33104523264,36986880,0,17724882,68587520,72548352,72548352,22269894656,33104523264,32768,quickpizza/quickpizza-8b95978b5-jgvvs,quickpizza,quickpizza-8b95978b5-jgvvs,quickpizza,flux,Neuronet-ClusterTest,146244.402,111436599.99999994,flux,flux-node3,flux-node3.av.it.pt,311,neuronet-5g-core,0.146052799961558,85899345920,85899345920,0,0,8913551360,17179869184,8266317824,48.116302490234375,running,0,0,0,0,1204044,right,pdu,89.499,96.746,217359.010324,0.401,6.6,217359.010324,1.56,0.997,-0.616,2992.63
2025-09-05 13:06:56,quickpizza,quickpizza-8b95978b5-jgvvs,quickpizza,neuronet-k8s-w2,flux,r4,Neuronet-ClusterTest,2250537261000,808628823,22267269120,33104523264,38948864,0,18768235,49291264,52015104,52015104,22267269120,33104523264,32768,quickpizza/quickpizza-8b95978b5-jgvvs,quickpizza,quickpizza-8b95978b5-jgvvs,quickpizza,flux,Neuronet-ClusterTest,150387.864,69057700.0,flux,flux-node5,flux-node5.av.it.pt,304,neuronet-k8s-w2,0.0475185977025153,34359738368,34359738368,0,0,672923648,4294967296,3622043648,84.332275390625,running,0,0,0,0,5454727,right,pdu,97.72,96.746,217361.01032409,0.426,7.0,217361.01032409,1.56,0.997,-0.858,968.29
2025-09-05 13:07:56,quickpizza,quickpizza-8b95978b5-jgvvs,quickpizza,neuronet-k8s-w2,flux,r4,Neuronet-ClusterTest,2310485382000,1454355562,22265167872,33104523264,40824832,0,19606281,60350464,63778816,63778816,22265167872,33104523264,32768,quickpizza/quickpizza-8b95978b5-jgvvs,quickpizza,quickpizza-8b95978b5-jgvvs,quickpizza,flux,Neuronet-ClusterTest,155354.391,82775450.00000003,flux,flux-node3,flux-node3.av.it.pt,185,neuronet-lb,0.0167568463775435,34359738368,34359738368,0,0,308375552,2147483648,1839108096,85.64014434814453,running,0,0,0,0,9248395,left,pdu,59.837,61.153,146512.00695895,0.266,15.0,146512.00695895,1.696,0.978,-7.601,4393.92
2025-09-05 13:08:56,quickpizza,quickpizza-8b95978b5-jgvvs,quickpizza,neuronet-k8s-w2,flux,r4,Neuronet-ClusterTest,2401319283000,1842139854,22268227584,33104523264,37445632,0,20383925,87015424,91934720,91934720,22268227584,33104523264,32768,quickpizza/quickpizza-8b95978b5-jgvvs,quickpizza,quickpizza-8b95978b5-jgvvs,quickpizza,flux,Neuronet-ClusterTest,162154.056,113327750.00000012,flux,flux-node1,flux-node1.av.it.pt,301,neuronet-k8s-m2,0.344753484328596,34359738368,34359738368,0,0,506019840,4294967296,3788947456,88.21830749511719,running,0,0,0,0,5497206,left,pdu,70.181,70.173,178364.00847184,0.309,16.3,178364.00847184,1.676,0.985,-7.72,4346.02
2025-09-05 13:10:56,quickpizza,quickpizza-8b95978b5-jgvvs,quickpizza,neuronet-k8s-w2,flux,r4,Neuronet-ClusterTest,70388049000,1982009027,22269763584,33104523264,34689024,0,137703,53760000,57401344,57401344,22269763584,33104523264,32768,quickpizza/quickpizza-8b95978b5-jgvvs,quickpizza,quickpizza-8b95978b5-jgvvs,quickpizza,flux,Neuronet-ClusterTest,5909.427,98001500.0,flux,flux-node1,flux-node1.av.it.pt,302,neuronet-k8s-m3,0.282828673378122,34359738368,34359738368,0,0,549199872,4294967296,3745767424,87.21294403076172,running,0,0,0,0,5497305,left,pdu,73.62,71.577,178366.00847193,0.324,14.0,178366.00847193,1.745,0.983,-8.181,2079.84
2025-09-05 13:11:56,quickpizza,quickpizza-8b95978b5-jgvvs,quickpizza,neuronet-k8s-w2,flux,r4,Neuronet-ClusterTest,140375122000,68280839,22267473920,33104523264,36532224,0,648741,46567424,48955392,48955392,22267473920,33104523264,32768,quickpizza/quickpizza-8b95978b5-jgvvs,quickpizza,quickpizza-8b95978b5-jgvvs,quickpizza,flux,Neuronet-ClusterTest,9221.025,55193300.0,flux,flux-node3,flux-node3.av.it.pt,185,neuronet-lb,0.0132442216296449,34359738368,34359738368,0,0,306663424,2147483648,1840820224,85.7198715209961,running,0,0,0,0,9248635,right,pdu,72.523,73.115,164838.00782938,0.317,12.8,164838.00782938,1.551,0.991,-6.237,748.81
2025-09-05 13:12:56,quickpizza,quickpizza-8b95978b5-jgvvs,quickpizza,neuronet-k8s-w2,flux,r4,Neuronet-ClusterTest,173267800000,1321704370,22265896960,33104523264,38440960,0,942915,50163712,53288960,53288960,22265896960,33104523264,32768,quickpizza/quickpizza-8b95978b5-jgvvs,quickpizza,quickpizza-8b95978b5-jgvvs,quickpizza,flux,Neuronet-ClusterTest,13579.713,72644800.0,flux,flux-node3,flux-node3.av.it.pt,311,neuronet-5g-core,0.14895413550397,85899345920,85899345920,0,0,8916570112,17179869184,8263299072,48.09873104095459,running,0,0,0,0,1204464,left,pdu,84.092,90.473,182468.00866676,0.416,8.7,182468.00866676,1.643,0.994,-2.56,2388.74
2025-09-05 13:13:56,quickpizza,quickpizza-8b95978b5-jgvvs,quickpizza,neuronet-k8s-w2,flux,r4,Neuronet-ClusterTest,294494826000,2096131269,22256955392,33104523264,48205824,0,1716896,104075264,109371392,109371392,22256955392,33104523264,32768,quickpizza/quickpizza-8b95978b5-jgvvs,quickpizza,quickpizza-8b95978b5-jgvvs,quickpizza,flux,Neuronet-ClusterTest,20699.067,118655900.0,flux,flux-node3,flux-node3.av.it.pt,185,neuronet-lb,0.0149314552058551,34359738368,34359738368,0,0,307867648,2147483648,1839616000,85.6637954711914,running,0,0,0,0,9248755,left,pdu,87.4,84.812,182469.00866681,0.373,8.0,182469.00866681,1.616,0.995,-1.419,1536.15
2025-09-05 13:14:56,quickpizza,quickpizza-8b95978b5-jgvvs,quickpizza,neuronet-k8s-w2,flux,r4,Neuronet-ClusterTest,424106791000,1955705594,22253281280,33104523264,39956480,0,2325477,81739776,86888448,86888448,22253281280,33104523264,32768,quickpizza/quickpizza-8b95978b5-jgvvs,quickpizza,quickpizza-8b95978b5-jgvvs,quickpizza,flux,Neuronet-ClusterTest,28071.54,122874550.00000004,flux,flux-node3,flux-node3.av.it.pt,185,neuronet-lb,0.0117401644430898,34359738368,34359738368,0,0,308412416,2147483648,1839071232,85.638427734375,running,0,0,0,0,9248815,left,pdu,84.684,85.476,182470.00866686,0.37,10.6,182470.00866686,1.65,0.994,-1.614,3751.46
2025-09-05 13:15:56,quickpizza,quickpizza-8b95978b5-jgvvs,quickpizza,neuronet-k8s-w2,flux,r4,Neuronet-ClusterTest,535599988000,1697920717,22253731840,33104523264,49414144,0,2982102,74575872,79314944,79314944,22253731840,33104523264,32768,quickpizza/quickpizza-8b95978b5-jgvvs,quickpizza,quickpizza-8b95978b5-jgvvs,quickpizza,flux,Neuronet-ClusterTest,34987.98,115274000.00000004,flux,flux-node5,flux-node5.av.it.pt,304,neuronet-k8s-w2,0.686330360183257,34359738368,34359738368,0,0,609705984,4294967296,3685261312,85.8041763305664,running,0,0,0,0,5455268,left,pdu,64.222,73.672,178372.00847222,0.285,15.1,178372.00847222,1.641,0.988,-7.597,3671.31
2025-09-05 13:16:56,quickpizza,quickpizza-8b95978b5-jgvvs,quickpizza,neuronet-k8s-w2,flux,r4,Neuronet-ClusterTest,599855086000,387789427,22260301824,33104523264,41484288,0,3744694,53350400,56291328,56291328,22260301824,33104523264,32768,quickpizza/quickpizza-8b95978b5-jgvvs,quickpizza,quickpizza-8b95978b5-jgvvs,quickpizza,flux,Neuronet-ClusterTest,39028.248,0.0,flux,flux-node1,flux-node1.av.it.pt,188,neuronet-m2,0.358851657542376,64424509440,64424509440,0,0,515215360,4294967296,3779751936,88.00420761108398,running,0,0,0,0,9755544,left,pdu,63.697,66.178,178373.00847226,0.316,14.5,178373.00847226,1.722,0.982,-7.629,758.48
2025-09-05 13:17:56,quickpizza,quickpizza-8b95978b5-jgvvs,quickpizza,neuronet-k8s-w2,flux,r4,Neuronet-ClusterTest,653811471000,1492800790,22258380800,33104523264,43515904,0,4423061,63275008,66879488,66879488,22258380800,33104523264,32768,quickpizza/quickpizza-8b95978b5-jgvvs,quickpizza,quickpizza-8b95978b5-jgvvs,quickpizza,flux,Neuronet-ClusterTest,43929.429,81686349.99999994,flux,flux-node5,flux-node5.av.it.pt,305,neuronet-k8s-w3,0.153716650955635,34359738368,34359738368,0,0,1833488384,4294967296,2461478912,57.31077194213867,running,0,0,0,0,5455370,right,pdu,68.15,65.474,164845.00782972,0.298,11.5,164845.00782972,1.608,0.99,-6.158,3434.41
2025-09-05 13:18:56,quickpizza,quickpizza-8b95978b5-jgvvs,quickpizza,neuronet-k8s-w2,flux,r4,Neuronet-ClusterTest,742554307000,1826820091,22261334016,33104523264,40689664,0,5177576,73023488,77660160,77660160,22261334016,33104523264,32768,quickpizza/quickpizza-8b95978b5-jgvvs,quickpizza,quickpizza-8b95978b5-jgvvs,quickpizza,flux,Neuronet-ClusterTest,50856.501,115451200.0,flux,flux-node5,flux-node5.av.it.pt,304,neuronet-k8s-w2,0.712079705187325,34359738368,34359738368,0,0,589381632,4294967296,3705585664,86.27738952636719,running,0,0,0,0,5455448,left,pdu,94.035,94.544,208840.00991937,0.411,11.4,208840.00991937,1.547,0.994,-5.176,2301.43
2025-09-05 13:19:56,quickpizza,quickpizza-8b95978b5-jgvvs,quickpizza,neuronet-k8s-w2,flux,r4,Neuronet-ClusterTest,877479137000,1895371654,22260690944,33104523264,40521728,0,6033427,81686528,85860352,85860352,22260690944,33104523264,32768,quickpizza/quickpizza-8b95978b5-jgvvs,quickpizza,quickpizza-8b95978b5-jgvvs,quickpizza,flux,Neuronet-ClusterTest,57998.109,119026800.0,flux,flux-node5,flux-node5.av.it.pt,184,neuronet-w3,0.532512398683503,64424509440,64424509440,0,0,7306964992,34359738368,27052773376,78.73393297195435,running,0,0,0,0,9755790,right,pdu,59.006,59.821,129869.00616845,0.261,11.0,129869.00616845,1.678,0.983,-7.036,2697.14
2025-09-05 13:20:56,quickpizza,quickpizza-8b95978b5-jgvvs,quickpizza,neuronet-k8s-w2,flux,r4,Neuronet-ClusterTest,970779125000,1726961353,22251319296,33104523264,49012736,0,6662692,68972544,73482240,73482240,22251319296,33104523264,32768,quickpizza/quickpizza-8b95978b5-jgvvs,quickpizza,quickpizza-8b95978b5-jgvvs,quickpizza,flux,Neuronet-ClusterTest,64867.95,114497350.0,flux,flux-node1,flux-node1.av.it.pt,301,neuronet-k8s-m2,0.331930540927103,34359738368,34359738368,0,0,510779392,4294967296,3784187904,88.10749053955078,running,0,0,0,0,5497926,right,pdu,96.047,91.268,217382.01032509,0.419,7.8,217382.01032509,1.547,0.997,-0.345,3796.38
2025-09-05 13:21:56,quickpizza,quickpizza-8b95978b5-jgvvs,quickpizza,neuronet-k8s-w2,flux,r4,Neuronet-ClusterTest,1049863476000,133799523,22259671040,33104523264,39866368,0,7652318,54075392,56889344,56889344,22259671040,33104523264,32768,quickpizza/quickpizza-8b95978b5-jgvvs,quickpizza,quickpizza-8b95978b5-jgvvs,quickpizza,flux,Neuronet-ClusterTest,69118.101,0.0,flux,flux-node1,flux-node1.av.it.pt,300,neuronet-k8s-m1,0.191736592338102,34359738368,34359738368,0,0,702578688,4294967296,3592388608,83.64181518554688,running,0,0,0,0,5498160,right,pdu,103.16,99.506,217384.01032519,0.449,6.9,217384.01032519,1.576,0.997,-0.218,762.38
2025-09-05 13:22:56,quickpizza,quickpizza-8b95978b5-jgvvs,quickpizza,neuronet-k8s-w2,flux,r4,Neuronet-ClusterTest,1091577085000,1371266610,22257475584,33104523264,41803776,0,8221517,60985344,64323584,64323584,22257475584,33104523264,32768,quickpizza/quickpizza-8b95978b5-jgvvs,quickpizza,quickpizza-8b95978b5-jgvvs,quickpizza,flux,Neuronet-ClusterTest,74130.651,83542500.00000004,flux,flux-node3,flux-node3.av.it.pt,185,neuronet-lb,0.0172980463367629,34359738368,34359738368,0,0,307326976,2147483648,1840156672,85.68897247314453,running,0,0,0,0,9249295,right,pdu,92.747,88.6,217385.01032523,0.404,6.4,217385.01032523,1.579,0.997,-0.556,5712.83
2025-09-05 13:23:56,quickpizza,quickpizza-8b95978b5-jgvvs,quickpizza,neuronet-k8s-w2,flux,r4,Neuronet-ClusterTest,1207172561000,1803767304,22249820160,33104523264,49254400,0,9306097,87343104,92151808,92151808,22249820160,33104523264,32768,quickpizza/quickpizza-8b95978b5-jgvvs,quickpizza,quickpizza-8b95978b5-jgvvs,quickpizza,flux,Neuronet-ClusterTest,80962.377,113862099.99999993,flux,flux-node1,flux-node1.av.it.pt,188,neuronet-m2,0.343223790474949,64424509440,64424509440,0,0,536322048,4294967296,3758645248,87.51277923583984,running,0,0,0,0,9755964,left,pdu,66.504,68.682,178382.00847269,0.293,11.2,178382.00847269,1.724,0.985,-7.494,3629.12
2025-09-05 13:24:56,quickpizza,quickpizza-8b95978b5-jgvvs,quickpizza,neuronet-k8s-w2,flux,r4,Neuronet-ClusterTest,15798080000,2534463482,22276878336,33104523264,21970944,0,0,0,0,141283328,22276878336,33104523264,32768,quickpizza/quickpizza-8b95978b5-jgvvs,quickpizza,quickpizza-8b95978b5-jgvvs,quickpizza,flux,Neuronet-ClusterTest,86016.246,85658796.61016959,flux,flux-node3,flux-node3.av.it.pt,306,neuronet-k8s-lb,0.01620090883967,34359738368,34359738368,0,0,405590016,2147483648,1741893632,81.11324310302734,running,0,0,0,0,5078139,right,pdu,75.063,75.127,164854.00783014,0.328,10.2,164854.00783014,1.613,0.988,-6.162,4283.57
2025-09-05 13:25:56,quickpizza,quickpizza-8b95978b5-jgvvs,quickpizza,neuronet-k8s-w2,flux,r4,Neuronet-ClusterTest,109278031000,2070887099,22263848960,33104523264,33968128,0,195878,73371648,78118912,78118912,22263848960,33104523264,32768,quickpizza/quickpizza-8b95978b5-jgvvs,quickpizza,quickpizza-8b95978b5-jgvvs,quickpizza,flux,Neuronet-ClusterTest,86016.246,0.0,flux,flux-node5,flux-node5.av.it.pt,184,neuronet-w3,0.423073211448144,64424509440,64424509440,0,0,7314874368,34359738368,27044864000,78.71091365814209,running,0,0,0,0,9756150,left,pdu,66.043,76.646,178384.00847279,0.293,13.2,178384.00847279,1.689,0.973,-8.074,3230.84
2025-09-05 13:26:56,quickpizza,quickpizza-8b95978b5-jgvvs,quickpizza,neuronet-k8s-w2,flux,r4,Neuronet-ClusterTest,189092140000,114386351,22261309440,33104523264,35885056,0,781631,53706752,56606720,56606720,22261309440,33104523264,32768,quickpizza/quickpizza-8b95978b5-jgvvs,quickpizza,quickpizza-8b95978b5-jgvvs,quickpizza,flux,Neuronet-ClusterTest,86016.246,0.0,flux,flux-node4,flux-node4.av.it.pt,182,neuronet-w1,0.180514533102912,64424509440,64424509440,0,0,27699822592,34359738368,6659915776,19.382905960083008,running,0,0,0,0,5453941,left,pdu,72.117,68.404,178385.00847283,0.319,15.3,178385.00847283,1.66,0.981,-7.525,755.87
2025-09-05 13:27:56,quickpizza,quickpizza-8b95978b5-jgvvs,quickpizza,neuronet-k8s-w2,flux,r4,Neuronet-ClusterTest,230234492000,1418708245,22258892800,33104523264,37851136,0,1164771,62291968,66011136,66011136,22258892800,33104523264,32768,quickpizza/quickpizza-8b95978b5-jgvvs,quickpizza,quickpizza-8b95978b5-jgvvs,quickpizza,flux,Neuronet-ClusterTest,86016.246,0.0,flux,flux-node3,flux-node3.av.it.pt,311,neuronet-5g-core,0.147326664188073,85899345920,85899345920,0,0,8919793664,17179869184,8260075520,48.0799674987793,running,0,0,0,0,1205364,left,pdu,63.864,66.007,178386.00847288,0.282,14.3,178386.00847288,1.575,0.987,-7.776,5004.66
2025-09-05 13:28:56,quickpizza,quickpizza-8b95978b5-jgvvs,quickpizza,neuronet-k8s-w2,flux,r4,Neuronet-ClusterTest,346588244000,1962494124,22262042624,33104523264,36311040,0,1887719,95436800,101109760,101109760,22262042624,33104523264,32768,quickpizza/quickpizza-8b95978b5-jgvvs,quickpizza,quickpizza-8b95978b5-jgvvs,quickpizza,flux,Neuronet-ClusterTest,86016.246,0.0,flux,flux-node1,flux-node1.av.it.pt,188,neuronet-m2,0.285651096534635,64424509440,64424509440,0,0,534388736,4294967296,3760578560,87.55779266357422,running,0,0,0,0,9756264,left,pdu,89.026,85.094,182490.00866781,0.389,10.5,182490.00866781,1.661,0.994,-3.005,4714.08
2025-09-05 13:29:56,quickpizza,quickpizza-8b95978b5-jgvvs,quickpizza,neuronet-k8s-w2,flux,r4,Neuronet-ClusterTest,56796382000,2391371481,22272978944,33104523264,25223168,0,59087,100114432,105025536,105025536,22272978944,33104523264,32768,quickpizza/quickpizza-8b95978b5-jgvvs,quickpizza,quickpizza-8b95978b5-jgvvs,quickpizza,flux,Neuronet-ClusterTest,86016.246,0.0,flux,flux-node1,flux-node1.av.it.pt,302,neuronet-k8s-m3,0.27890148508496,34359738368,34359738368,0,0,503787520,4294967296,3791179776,88.27028274536133,running,0,0,0,0,5498445,left,pdu,71.728,72.726,178389.00847302,0.315,11.1,178389.00847302,1.667,0.986,-8.07,4585.64
2025-09-05 13:30:56,quickpizza,quickpizza-8b95978b5-jgvvs,quickpizza,neuronet-k8s-w2,flux,r4,Neuronet-ClusterTest,173089863000,2202764871,22258507776,33104523264,37675008,0,156204,105345024,110350336,110350336,22258507776,33104523264,32768,quickpizza/quickpizza-8b95978b5-jgvvs,quickpizza,quickpizza-8b95978b5-jgvvs,quickpizza,flux,Neuronet-ClusterTest,86016.246,0.0,flux,flux-node3,flux-node3.av.it.pt,311,neuronet-5g-core,0.0767903449639511,85899345920,85899345920,0,0,8921391104,17179869184,8258478080,48.070669174194336,running,0,0,0,0,1205544,right,pdu,75.898,74.324,164861.00783048,0.333,12.2,164861.00783048,1.577,0.988,-6.38,1529.94
2025-09-05 13:31:56,quickpizza,quickpizza-8b95978b5-jgvvs,quickpizza,neuronet-k8s-w2,flux,r4,Neuronet-ClusterTest,237298641000,122327745,22255456256,33104523264,39518208,0,665132,52240384,55234560,55234560,22255456256,33104523264,32768,quickpizza/quickpizza-8b95978b5-jgvvs,quickpizza,quickpizza-8b95978b5-jgvvs,quickpizza,flux,Neuronet-ClusterTest,86016.246,0.0,flux,flux-node3,flux-node3.av.it.pt,185,neuronet-lb,0.0128743096112141,34359738368,34359738368,0,0,305389568,2147483648,1842094080,85.77919006347656,running,0,0,0,0,9249835,left,pdu,77.266,75.203,178391.00847312,0.341,16.4,178391.00847312,1.651,0.988,-7.346,755.69
2025-09-05 13:32:56,quickpizza,quickpizza-8b95978b5-jgvvs,quickpizza,neuronet-k8s-w2,flux,r4,Neuronet-ClusterTest,286830755000,1514480980,22264152064,33104523264,31010816,0,1115534,64372736,68243456,68243456,22264152064,33104523264,32768,quickpizza/quickpizza-8b95978b5-jgvvs,quickpizza,quickpizza-8b95978b5-jgvvs,quickpizza,flux,Neuronet-ClusterTest,86016.246,0.0,flux,flux-node5,flux-node5.av.it.pt,183,neuronet-w2,0.62540701511958,64424509440,64424509440,0,0,1947123712,34359738368,32412614656,94.3331241607666,running,0,0,0,0,9756584,left,pdu,91.721,89.702,208861.00992037,0.4,9.2,208861.00992037,1.571,0.994,-4.313,3129.72
2025-09-05 13:33:56,quickpizza,quickpizza-8b95978b5-jgvvs,quickpizza,neuronet-k8s-w2,flux,r4,Neuronet-ClusterTest,398217237000,1980065453,22254972928,33104523264,40620032,0,1789744,106774528,112877568,112877568,22254972928,33104523264,32768,quickpizza/quickpizza-8b95978b5-jgvvs,quickpizza,quickpizza-8b95978b5-jgvvs,quickpizza,flux,Neuronet-ClusterTest,86016.246,0.0,flux,flux-node3,flux-node3.av.it.pt,306,neuronet-k8s-lb,0.0152925908746162,34359738368,34359738368,0,0,404107264,2147483648,1743376384,81.18228912353516,running,0,0,0,0,5078678,left,pdu,65.184,73.835,178393.00847321,0.287,14.9,178393.00847321,1.727,0.986,-7.828,4659.43
2025-09-05 13:34:56,quickpizza,quickpizza-8b95978b5-jgvvs,quickpizza,neuronet-k8s-w2,flux,r4,Neuronet-ClusterTest,505848034000,2041145376,22251687936,33104523264,42954752,0,2262192,96907264,102776832,102776832,22251687936,33104523264,32768,quickpizza/quickpizza-8b95978b5-jgvvs,quickpizza,quickpizza-8b95978b5-jgvvs,quickpizza,flux,Neuronet-ClusterTest,86016.246,0.0,flux,flux-node4,flux-node4.av.it.pt,179,neuronet-m1,0.397775461462725,64424509440,64424509440,0,0,577081344,4294967296,3717885952,86.56377792358398,running,0,0,0,0,8799598,right,pdu,67.355,74.698,164866.00783071,0.295,11.5,164866.00783071,1.59,0.991,-6.241,3280.63
2025-09-05 13:35:56,quickpizza,quickpizza-8b95978b5-jgvvs,quickpizza,neuronet-k8s-w2,flux,r4,Neuronet-ClusterTest,614156131000,1708557139,22253264896,33104523264,40382464,0,2955687,71036928,75685888,75685888,22253264896,33104523264,32768,quickpizza/quickpizza-8b95978b5-jgvvs,quickpizza,quickpizza-8b95978b5-jgvvs,quickpizza,flux,Neuronet-ClusterTest,86016.246,0.0,flux,flux-node1,flux-node1.av.it.pt,302,neuronet-k8s-m3,0.0,34359738368,34359738368,0,0,533860352,4294967296,3761106944,87.57009506225586,running,0,0,0,0,5498805,left,pdu,86.426,91.447,182500.00866828,0.377,10.3,182500.00866828,1.607,0.994,-1.622,2899.08
2025-09-05 13:36:56,quickpizza,quickpizza-8b95978b5-jgvvs,quickpizza,neuronet-k8s-w2,flux,r4,Neuronet-ClusterTest,691150462000,529553542,22250385408,33104523264,42356736,0,3864395,54104064,57348096,57348096,22250385408,33104523264,32768,quickpizza/quickpizza-8b95978b5-jgvvs,quickpizza,quickpizza-8b95978b5-jgvvs,quickpizza,flux,Neuronet-ClusterTest,86016.246,0.0,flux,flux-node3,flux-node3.av.it.pt,185,neuronet-lb,0.0122542623703261,34359738368,34359738368,0,0,306077696,2147483648,1841405952,85.74714660644531,running,0,0,0,0,9250135,left,pdu,66.393,67.184,178397.0084734,0.294,14.0,178397.0084734,1.664,0.975,-7.732,759.78
2025-09-05 13:37:56,quickpizza,quickpizza-8b95978b5-jgvvs,quickpizza,neuronet-k8s-w2,flux,r4,Neuronet-ClusterTest,738057366000,1432050592,22248316928,33104523264,44232704,0,4535822,63803392,68038656,68038656,22248316928,33104523264,32768,quickpizza/quickpizza-8b95978b5-jgvvs,quickpizza,quickpizza-8b95978b5-jgvvs,quickpizza,flux,Neuronet-ClusterTest,86016.246,0.0,flux,flux-node3,flux-node3.av.it.pt,185,neuronet-lb,0.0123779948400547,34359738368,34359738368,0,0,306155520,2147483648,1841328128,85.74352264404297,running,0,0,0,0,9250195,left,pdu,67.39,74.61,178398.00847345,0.297,13.0,178398.00847345,1.652,0.983,-7.947,2567.57
2025-09-05 13:39:56,quickpizza,quickpizza-8b95978b5-jgvvs,quickpizza,neuronet-k8s-w2,flux,r4,Neuronet-ClusterTest,57652925000,2577407266,22263468032,33104523264,28520448,0,45299,140853248,147456000,147456000,22263468032,33104523264,32768,quickpizza/quickpizza-8b95978b5-jgvvs,quickpizza,quickpizza-8b95978b5-jgvvs,quickpizza,flux,Neuronet-ClusterTest,52944.486,0.0,flux,flux-node1,flux-node1.av.it.pt,300,neuronet-k8s-m1,0.313506487019881,34359738368,34359738368,0,0,697462784,4294967296,3597504512,83.76092910766602,running,0,0,0,0,5499240,right,pdu,67.009,72.595,164872.007831,0.293,12.1,164872.007831,1.521,0.993,-6.384,4130.68
2025-09-05 13:40:56,quickpizza,quickpizza-8b95978b5-jgvvs,quickpizza,neuronet-k8s-w2,flux,r4,Neuronet-ClusterTest,204030423000,1880958400,22260330496,33104523264,30793728,0,235607,70934528,75788288,75788288,22260330496,33104523264,32768,quickpizza/quickpizza-8b95978b5-jgvvs,quickpizza,quickpizza-8b95978b5-jgvvs,quickpizza,flux,Neuronet-ClusterTest,12493.653,120485754.09836066,flux,flux-node5,flux-node5.av.it.pt,181,neuronet-m3,0.373478776257804,64424509440,64424509440,0,0,384315392,4294967296,3910651904,91.05195999145508,running,0,0,0,0,9757093,right,pdu,70.861,72.42,164873.00783105,0.31,9.0,164873.00783105,1.622,0.991,-6.13,2112.3
2025-09-05 13:41:56,quickpizza,quickpizza-8b95978b5-jgvvs,quickpizza,neuronet-k8s-w2,flux,r4,Neuronet-ClusterTest,263161936000,157371538,22257836032,33104523264,32624640,0,723526,55611392,59043840,59043840,22257836032,33104523264,32768,quickpizza/quickpizza-8b95978b5-jgvvs,quickpizza,quickpizza-8b95978b5-jgvvs,quickpizza,flux,Neuronet-ClusterTest,15795.3,55960118.64406779,flux,flux-node3,flux-node3.av.it.pt,311,neuronet-5g-core,0.0962900337625845,85899345920,85899345920,0,0,8899170304,17179869184,8280698880,48.20001125335693,running,0,0,0,0,1206204,left,pdu,64.902,65.653,178403.00847369,0.287,13.9,178403.00847369,1.703,0.972,-7.923,761.42
2025-09-05 13:42:56,quickpizza,quickpizza-8b95978b5-jgvvs,quickpizza,neuronet-k8s-w2,flux,r4,Neuronet-ClusterTest,299806867000,1390427966,22255476736,33104523264,34615296,0,1070245,60170240,63574016,63574016,22255476736,33104523264,32768,quickpizza/quickpizza-8b95978b5-jgvvs,quickpizza,quickpizza-8b95978b5-jgvvs,quickpizza,flux,Neuronet-ClusterTest,20108.925,71893750.0,flux,flux-node1,flux-node1.av.it.pt,302,neuronet-k8s-m3,0.278950476005224,34359738368,34359738368,0,0,544247808,4294967296,3750719488,87.32824325561523,running,0,0,0,0,5499225,left,pdu,74.618,75.946,178404.00847374,0.329,13.7,178404.00847374,1.659,0.982,-7.863,3327.05
2025-09-05 13:43:56,quickpizza,quickpizza-8b95978b5-jgvvs,quickpizza,neuronet-k8s-w2,flux,r4,Neuronet-ClusterTest,414347947000,1992445681,22255378432,33104523264,34217984,0,1772225,92385280,97579008,97579008,22255378432,33104523264,32768,quickpizza/quickpizza-8b95978b5-jgvvs,quickpizza,quickpizza-8b95978b5-jgvvs,quickpizza,flux,Neuronet-ClusterTest,27222.621,118561600.0,flux,flux-node3,flux-node3.av.it.pt,185,neuronet-lb,0.012951551533473,34359738368,34359738368,0,0,305397760,2147483648,1842085888,85.77880859375,running,0,0,0,0,9250555,right,pdu,67.613,68.205,164876.00783119,0.296,11.5,164876.00783119,1.574,0.991,-6.281,4154.4
2025-09-05 13:44:56,quickpizza,quickpizza-8b95978b5-jgvvs,quickpizza,neuronet-k8s-w2,flux,r4,Neuronet-ClusterTest,531278212000,2031177095,22255017984,33104523264,35946496,0,2353226,104620032,110780416,110780416,22255017984,33104523264,32768,quickpizza/quickpizza-8b95978b5-jgvvs,quickpizza,quickpizza-8b95978b5-jgvvs,quickpizza,flux,Neuronet-ClusterTest,34518.765,121602400.0,flux,flux-node1,flux-node1.av.it.pt,300,neuronet-k8s-m1,0.312130199822316,34359738368,34359738368,0,0,680054784,4294967296,3614912512,84.16624069213867,running,0,0,0,0,5499540,left,pdu,64.743,74.272,178407.00847388,0.285,15.9,178407.00847388,1.657,0.988,-7.704,1538.39
2025-09-05 13:45:56,quickpizza,quickpizza-8b95978b5-jgvvs,quickpizza,neuronet-k8s-w2,flux,r4,Neuronet-ClusterTest,627684359000,1730693404,22245298176,33104523264,32182272,0,2992500,75145216,79736832,79736832,22245298176,33104523264,32768,quickpizza/quickpizza-8b95978b5-jgvvs,quickpizza,quickpizza-8b95978b5-jgvvs,quickpizza,flux,Neuronet-ClusterTest,41385.702,114448949.99999996,flux,flux-node5,flux-node5.av.it.pt,303,neuronet-k8s-w1,0.173150953255907,34359738368,34359738368,0,0,596635648,4294967296,3698331648,86.10849380493164,running,0,0,0,0,5457211,left,pdu,72.245,73.191,178408.00847393,0.318,16.3,178408.00847393,1.668,0.987,-7.963,1535.69
2025-09-05 13:46:56,quickpizza,quickpizza-8b95978b5-jgvvs,quickpizza,neuronet-k8s-w2,flux,r4,Neuronet-ClusterTest,714185880000,652830660,22254039040,33104523264,34230272,0,3975505,55312384,58634240,58634240,22254039040,33104523264,32768,quickpizza/quickpizza-8b95978b5-jgvvs,quickpizza,quickpizza-8b95978b5-jgvvs,quickpizza,flux,Neuronet-ClusterTest,45365.451,66329150.00000005,flux,flux-node5,flux-node5.av.it.pt,183,neuronet-w2,0.607063049619411,64424509440,64424509440,0,0,1889480704,34359738368,32470257664,94.50088739395142,running,0,0,0,0,9757425,left,pdu,73.561,64.878,178409.00847397,0.323,11.7,178409.00847397,1.673,0.98,-7.991,776.76
2025-09-05 13:47:56,quickpizza,quickpizza-8b95978b5-jgvvs,quickpizza,neuronet-k8s-w2,flux,r4,Neuronet-ClusterTest,756158980000,1404475167,22252294144,33104523264,36179968,0,4566584,65429504,68993024,68993024,22252294144,33104523264,32768,quickpizza/quickpizza-8b95978b5-jgvvs,quickpizza,quickpizza-8b95978b5-jgvvs,quickpizza,flux,Neuronet-ClusterTest,50179.935,80241399.99999994,flux,flux-node3,flux-node3.av.it.pt,306,neuronet-k8s-lb,0.0171261698982285,34359738368,34359738368,0,0,404267008,2147483648,1743216640,81.17485046386719,running,0,0,0,0,5079518,left,pdu,76.674,65.208,178410.00847402,0.337,16.3,178410.00847402,1.644,0.986,-7.665,2122.55
2025-09-05 13:48:56,quickpizza,quickpizza-8b95978b5-jgvvs,quickpizza,neuronet-k8s-w2,flux,r4,Neuronet-ClusterTest,868885275000,1844044138,22244564992,33104523264,33026048,0,5577731,87642112,92577792,92577792,22244564992,33104523264,32768,quickpizza/quickpizza-8b95978b5-jgvvs,quickpizza,quickpizza-8b95978b5-jgvvs,quickpizza,flux,Neuronet-ClusterTest,57047.673,114462300.00000007,flux,flux-node5,flux-node5.av.it.pt,304,neuronet-k8s-w2,0.491302189155577,34359738368,34359738368,0,0,586506240,4294967296,3708461056,86.3443374633789,running,0,0,0,0,5457247,left,pdu,64.902,65.788,146554.00696094,0.286,18.8,146554.00696094,1.606,0.986,-7.49,2233.84
2025-09-05 13:49:56,quickpizza,quickpizza-8b95978b5-jgvvs,quickpizza,neuronet-k8s-w2,flux,r4,Neuronet-ClusterTest,980531826000,1908972401,22244421632,33104523264,32186368,0,6291795,81309696,86499328,86499328,22244421632,33104523264,32768,quickpizza/quickpizza-8b95978b5-jgvvs,quickpizza,quickpizza-8b95978b5-jgvvs,quickpizza,flux,Neuronet-ClusterTest,64165.752,118634649.99999996,flux,flux-node4,flux-node4.av.it.pt,182,neuronet-w1,0.122261528595581,64424509440,64424509440,0,0,27692658688,34359738368,6667079680,19.40375566482544,running,0,0,0,0,5455321,right,pdu,69.311,70.006,164883.00783152,0.304,9.9,164883.00783152,1.589,0.99,-6.285,2707.88
2025-09-05 13:50:56,quickpizza,quickpizza-8b95978b5-jgvvs,quickpizza,neuronet-k8s-w2,flux,r4,Neuronet-ClusterTest,1085913989000,1645418271,22247112704,33104523264,39956480,0,7122058,74756096,79638528,79638528,22247112704,33104523264,32768,quickpizza/quickpizza-8b95978b5-jgvvs,quickpizza,quickpizza-8b95978b5-jgvvs,quickpizza,flux,Neuronet-ClusterTest,70939.569,0.0,flux,flux-node1,flux-node1.av.it.pt,302,neuronet-k8s-m3,0.276366901135578,34359738368,34359738368,0,0,547647488,4294967296,3747319808,87.24908828735352,running,0,0,0,0,5499705,left,pdu,63.013,80.9,178414.00847421,0.315,15.4,178414.00847421,1.599,0.991,-7.911,1534.82
2025-09-05 13:51:56,quickpizza,quickpizza-8b95978b5-jgvvs,quickpizza,neuronet-k8s-w2,flux,r4,Neuronet-ClusterTest,1157127049000,670473686,22244130816,33104523264,41906176,0,8033720,56844288,60059648,60059648,22244130816,33104523264,32768,quickpizza/quickpizza-8b95978b5-jgvvs,quickpizza,quickpizza-8b95978b5-jgvvs,quickpizza,flux,Neuronet-ClusterTest,75099.552,69333049.99999988,flux,flux-node3,flux-node3.av.it.pt,311,neuronet-5g-core,0.147776903243877,85899345920,85899345920,0,0,8907362304,17179869184,8272506880,48.15232753753662,running,0,0,0,0,1206804,right,pdu,74.829,71.366,164886.00783166,0.328,7.9,164886.00783166,1.589,0.992,-6.257,974.88
2025-09-05 13:52:56,quickpizza,quickpizza-8b95978b5-jgvvs,quickpizza,neuronet-k8s-w2,flux,r4,Neuronet-ClusterTest,1218389275000,1552570132,22253162496,33104523264,32997376,0,8877126,76763136,80461824,80461824,22253162496,33104523264,32768,quickpizza/quickpizza-8b95978b5-jgvvs,quickpizza,quickpizza-8b95978b5-jgvvs,quickpizza,flux,Neuronet-ClusterTest,80097.897,0.0,flux,flux-node4,flux-node4.av.it.pt,182,neuronet-w1,0.182946780771475,64424509440,64424509440,0,0,27685220352,34359738368,6674518016,19.42540407180786,running,0,0,0,0,5455501,left,pdu,65.073,61.324,146559.00696118,0.287,17.0,146559.00696118,1.647,0.986,-7.668,4617.52
2025-09-05 13:53:56,quickpizza,quickpizza-8b95978b5-jgvvs,quickpizza,neuronet-k8s-w2,flux,r4,Neuronet-ClusterTest,1320176516000,1847182250,22245408768,33104523264,40427520,0,9766191,83939328,88555520,88555520,22245408768,33104523264,32768,quickpizza/quickpizza-8b95978b5-jgvvs,quickpizza,quickpizza-8b95978b5-jgvvs,quickpizza,flux,Neuronet-ClusterTest,86839.722,112363749.99999996,flux,flux-node3,flux-node3.av.it.pt,311,neuronet-5g-core,0.107175132899657,85899345920,85899345920,0,0,8919998464,17179869184,8259870720,48.07877540588379,running,0,0,0,0,1206924,left,pdu,67.601,69.557,178417.00847435,0.298,15.2,178417.00847435,1.697,0.981,-7.983,3638.08
2025-09-05 13:54:56,quickpizza,quickpizza-8b95978b5-jgvvs,quickpizza,neuronet-k8s-w2,flux,r4,Neuronet-ClusterTest,1428653517000,1922146225,22245142528,33104523264,40202240,0,10518416,85942272,91217920,91217920,22245142528,33104523264,32768,quickpizza/quickpizza-8b95978b5-jgvvs,quickpizza,quickpizza-8b95978b5-jgvvs,quickpizza,flux,Neuronet-ClusterTest,93959.103,118656350.00000016,flux,flux-node3,flux-node3.av.it.pt,185,neuronet-lb,0.0500530545186602,34359738368,34359738368,0,0,304635904,2147483648,1842847744,85.81428527832031,running,0,0,0,0,9251215,left,pdu,99.148,99.975,208895.00992198,0.433,11.3,208895.00992198,1.6,0.995,-6.035,2342.89
2025-09-05 13:55:56,quickpizza,quickpizza-8b95978b5-jgvvs,quickpizza,neuronet-k8s-w2,flux,r4,Neuronet-ClusterTest,1512957635000,1700413259,22247321600,33104523264,37199872,0,11193070,71143424,75665408,75665408,22247321600,33104523264,32768,quickpizza/quickpizza-8b95978b5-jgvvs,quickpizza,quickpizza-8b95978b5-jgvvs,quickpizza,flux,Neuronet-ClusterTest,100673.28,0.0,flux,flux-node5,flux-node5.av.it.pt,184,neuronet-w3,0.312016627417505,64424509440,64424509440,0,0,7307038720,34359738368,27052699648,78.73371839523315,running,0,0,0,0,9757951,left,pdu,76.916,83.07,182527.00866957,0.337,9.4,182527.00866957,1.644,0.994,-4.436,3096.1
2025-09-05 13:56:56,quickpizza,quickpizza-8b95978b5-jgvvs,quickpizza,neuronet-k8s-w2,flux,r4,Neuronet-ClusterTest,1598208123000,675838038,22244655104,33104523264,39170048,0,12307751,57245696,60481536,60481536,22244655104,33104523264,32768,quickpizza/quickpizza-8b95978b5-jgvvs,quickpizza,quickpizza-8b95978b5-jgvvs,quickpizza,flux,Neuronet-ClusterTest,104853.45,69669499.99999997,flux,flux-node3,flux-node3.av.it.pt,306,neuronet-k8s-lb,0.0285485907707408,34359738368,34359738368,0,0,403079168,2147483648,1744404480,81.23016357421875,running,0,0,0,0,5080059,left,pdu,67.756,70.444,146563.00696137,0.285,15.2,146563.00696137,1.643,0.987,-7.676,975.37
2025-09-05 13:57:56,quickpizza,quickpizza-8b95978b5-jgvvs,quickpizza,neuronet-k8s-w2,flux,r4,Neuronet-ClusterTest,1636585777000,1339165953,22242484224,33104523264,41021440,0,12920420,64618496,68497408,68497408,22242484224,33104523264,32768,quickpizza/quickpizza-8b95978b5-jgvvs,quickpizza,quickpizza-8b95978b5-jgvvs,quickpizza,flux,Neuronet-ClusterTest,109782.513,82151050.00000015,flux,flux-node5,flux-node5.av.it.pt,304,neuronet-k8s-w2,0.553611146775395,34359738368,34359738368,0,0,594862080,4294967296,3700105216,86.14978790283203,running,0,0,0,0,5457788,left,pdu,90.016,94.067,208899.00992217,0.394,9.3,208899.00992217,1.604,0.99,-4.635,1548.83
2025-09-05 13:58:56,quickpizza,quickpizza-8b95978b5-jgvvs,quickpizza,neuronet-k8s-w2,flux,r4,Neuronet-ClusterTest,1734892716000,1797303942,22246191104,33104523264,36876288,0,13877492,83132416,87793664,87793664,22246191104,33104523264,32768,quickpizza/quickpizza-8b95978b5-jgvvs,quickpizza,quickpizza-8b95978b5-jgvvs,quickpizza,flux,Neuronet-ClusterTest,116593.113,113509999.99999984,flux,flux-node1,flux-node1.av.it.pt,188,neuronet-m2,0.341970455789862,64424509440,64424509440,0,0,500547584,4294967296,3794419712,88.34571838378906,running,0,0,0,0,9758064,right,pdu,71.394,71.219,164894.00783204,0.313,10.6,164894.00783204,1.576,0.99,-6.134,3496.78
2025-09-05 13:59:56,quickpizza,quickpizza-8b95978b5-jgvvs,quickpizza,neuronet-k8s-w2,flux,r4,Neuronet-ClusterTest,1866860296000,1886602758,22245470208,33104523264,37163008,0,14795231,92889088,97980416,97980416,22245470208,33104523264,32768,quickpizza/quickpizza-8b95978b5-jgvvs,quickpizza,quickpizza-8b95978b5-jgvvs,quickpizza,flux,Neuronet-ClusterTest,123723.69,0.0,flux,flux-node5,flux-node5.av.it.pt,305,neuronet-k8s-w3,0.270301572507833,34359738368,34359738368,0,0,1792352256,4294967296,2502615040,58.26854705810547,running,0,0,0,0,5457890,left,pdu,61.061,62.675,146566.00696151,0.272,16.7,146566.00696151,1.655,0.982,-7.859,1536.7
2025-09-05 14:00:56,quickpizza,quickpizza-8b95978b5-jgvvs,quickpizza,neuronet-k8s-w2,flux,r4,Neuronet-ClusterTest,1982806751000,1580221768,22248488960,33104523264,33701888,0,15778182,75108352,79872000,79872000,22248488960,33104523264,32768,quickpizza/quickpizza-8b95978b5-jgvvs,quickpizza,quickpizza-8b95978b5-jgvvs,quickpizza,flux,Neuronet-ClusterTest,130509.132,113090699.99999993,flux,flux-node4,flux-node4.av.it.pt,182,neuronet-w1,0.181725087954611,64424509440,64424509440,0,0,27701866496,34359738368,6657871872,19.376957416534424,running,0,0,0,0,5455981,left,pdu,78.753,79.357,182534.0086699,0.345,13.2,182534.0086699,1.681,0.992,-4.277,3036.47
2025-09-05 14:01:56,quickpizza,quickpizza-8b95978b5-jgvvs,quickpizza,neuronet-k8s-w2,flux,r4,Neuronet-ClusterTest,2041823178000,278659252,22246129664,33104523264,35676160,0,16530671,59310080,62500864,62500864,22246129664,33104523264,32768,quickpizza/quickpizza-8b95978b5-jgvvs,quickpizza,quickpizza-8b95978b5-jgvvs,quickpizza,flux,Neuronet-ClusterTest,134679.519,69506450.00000004,flux,flux-node4,flux-node4.av.it.pt,179,neuronet-m1,0.39191889822215,64424509440,64424509440,0,0,361500672,4294967296,3933466624,91.58315658569336,running,0,0,0,0,8801218,left,pdu,67.907,74.312,178427.00847483,0.299,16.1,178427.00847483,1.688,0.985,-8.01,762.57
2025-09-05 14:02:56,quickpizza,quickpizza-8b95978b5-jgvvs,quickpizza,neuronet-k8s-w2,flux,r4,Neuronet-ClusterTest,2098579170000,1502469862,22244569088,33104523264,37548032,0,17301372,69013504,73244672,73244672,22244569088,33104523264,32768,quickpizza/quickpizza-8b95978b5-jgvvs,quickpizza,quickpizza-8b95978b5-jgvvs,quickpizza,flux,Neuronet-ClusterTest,139629.633,82501900.00000001,flux,flux-node5,flux-node5.av.it.pt,303,neuronet-k8s-w1,0.180983130062224,34359738368,34359738368,0,0,579022848,4294967296,3715944448,86.51857376098633,running,0,0,0,0,5458231,right,pdu,50.566,48.295,119160.0056598,0.225,16.9,119160.0056598,1.661,0.976,-8.392,3444.26
2025-09-05 14:03:56,quickpizza,quickpizza-8b95978b5-jgvvs,quickpizza,neuronet-k8s-w2,flux,r4,Neuronet-ClusterTest,2196852732000,1788177687,22237474816,33104523264,33583104,0,18188720,80109568,85282816,85282816,22237474816,33104523264,32768,quickpizza/quickpizza-8b95978b5-jgvvs,quickpizza,quickpizza-8b95978b5-jgvvs,quickpizza,flux,Neuronet-ClusterTest,146428.842,113320150.00000004,flux,flux-node5,flux-node5.av.it.pt,183,neuronet-w2,0.30074990920045,64424509440,64424509440,0,0,1892098048,34359738368,32467640320,94.49326992034912,running,0,0,0,0,9758445,left,pdu,98.551,94.019,208909.00992265,0.431,12.5,208909.00992265,1.562,0.993,-4.846,4145.03
2025-09-05 14:04:56,quickpizza,quickpizza-8b95978b5-jgvvs,quickpizza,neuronet-k8s-w2,flux,r4,Neuronet-ClusterTest,2318152292000,1871275448,22238216192,33104523264,43696128,0,18997992,92188672,97492992,97492992,22238216192,33104523264,32768,quickpizza/quickpizza-8b95978b5-jgvvs,quickpizza,quickpizza-8b95978b5-jgvvs,quickpizza,flux,Neuronet-ClusterTest,153421.377,116542250.00000006,flux,flux-node1,flux-node1.av.it.pt,301,neuronet-k8s-m2,0.338033277453702,34359738368,34359738368,0,0,490795008,4294967296,3804172288,88.57278823852539,running,0,0,0,0,5500567,left,pdu,101.81,99.223,208910.00992269,0.444,10.6,208910.00992269,1.572,0.996,-4.468,3064.21
2025-09-05 14:05:57,quickpizza,quickpizza-8b95978b5-jgvvs,quickpizza,neuronet-k8s-w2,flux,r4,Neuronet-ClusterTest,78019071000,1857296774,22258315264,33104523264,22695936,0,201213,58626048,62484480,62484480,22258315264,33104523264,32768,quickpizza/quickpizza-8b95978b5-jgvvs,quickpizza,quickpizza-8b95978b5-jgvvs,quickpizza,flux,Neuronet-ClusterTest,153421.377,0.0,flux,flux-node5,flux-node5.av.it.pt,184,neuronet-w3,0.368240241034291,64424509440,64424509440,0,0,7306764288,34359738368,27052974080,78.73451709747314,running,0,0,0,0,9758550,left,pdu,59.252,62.182,146572.0069618,0.263,17.5,146572.0069618,1.682,0.976,-7.474,2031.66
2025-09-05 14:06:56,quickpizza,quickpizza-8b95978b5-jgvvs,quickpizza,neuronet-k8s-w2,flux,r4,Neuronet-ClusterTest,139387981000,167728868,22255267840,33104523264,24481792,0,686377,51470336,54284288,54284288,22255267840,33104523264,32768,quickpizza/quickpizza-8b95978b5-jgvvs,quickpizza,quickpizza-8b95978b5-jgvvs,quickpizza,flux,Neuronet-ClusterTest,153421.377,0.0,flux,flux-node5,flux-node5.av.it.pt,305,neuronet-k8s-w3,0.0475491092404379,34359738368,34359738368,0,0,1777381376,4294967296,2517585920,58.61711502075195,running,0,0,0,0,5458310,left,pdu,62.131,64.739,146573.00696184,0.274,14.1,146573.00696184,1.706,0.981,-7.458,760.28
2025-09-05 14:07:56,quickpizza,quickpizza-8b95978b5-jgvvs,quickpizza,neuronet-k8s-w2,flux,r4,Neuronet-ClusterTest,175757171000,1429303848,22253428736,33104523264,26435584,0,1025846,56233984,59371520,59371520,22253428736,33104523264,32768,quickpizza/quickpizza-8b95978b5-jgvvs,quickpizza,quickpizza-8b95978b5-jgvvs,quickpizza,flux,Neuronet-ClusterTest,153421.377,0.0,flux,flux-node4,flux-node4.av.it.pt,182,neuronet-w1,0.182395602175692,64424509440,64424509440,0,0,27685310464,34359738368,6674427904,19.42514181137085,running,0,0,0,0,5456401,right,pdu,71.791,71.493,164904.00783252,0.314,10.7,164904.00783252,1.544,0.992,-6.062,3226.38
2025-09-05 14:08:56,quickpizza,quickpizza-8b95978b5-jgvvs,quickpizza,neuronet-k8s-w2,flux,r4,Neuronet-ClusterTest,299937341000,2153427031,22243278848,33104523264,36909056,0,1744398,114581504,120442880,120442880,22243278848,33104523264,32768,quickpizza/quickpizza-8b95978b5-jgvvs,quickpizza,quickpizza-8b95978b5-jgvvs,quickpizza,flux,Neuronet-ClusterTest,153421.377,0.0,flux,flux-node5,flux-node5.av.it.pt,305,neuronet-k8s-w3,0.257474656867296,34359738368,34359738368,0,0,1790926848,4294967296,2504040448,58.301734924316406,running,0,0,0,0,5458429,left,pdu,63.602,63.244,146575.00696194,0.284,17.1,146575.00696194,1.671,0.982,-7.37,2718.27
2025-09-05 14:09:56,quickpizza,quickpizza-8b95978b5-jgvvs,quickpizza,neuronet-k8s-w2,flux,r4,Neuronet-ClusterTest,407155966000,2024280501,22240325632,33104523264,39014400,0,2302482,100794368,106377216,106377216,22240325632,33104523264,32768,quickpizza/quickpizza-8b95978b5-jgvvs,quickpizza,quickpizza-8b95978b5-jgvvs,quickpizza,flux,Neuronet-ClusterTest,153421.377,0.0,flux,flux-node4,flux-node4.av.it.pt,182,neuronet-w1,0.1810308242605,64424509440,64424509440,0,0,27719340032,34359738368,6640398336,19.32610273361206,running,0,0,0,0,5456521,left,pdu,77.719,81.798,178437.0084753,0.343,15.4,178437.0084753,1.738,0.981,-7.835,2990.39
2025-09-05 14:10:56,quickpizza,quickpizza-8b95978b5-jgvvs,quickpizza,neuronet-k8s-w2,flux,r4,Neuronet-ClusterTest,533908937000,1673558836,22241779712,33104523264,36601856,0,3207939,70135808,75018240,75018240,22241779712,33104523264,32768,quickpizza/quickpizza-8b95978b5-jgvvs,quickpizza,quickpizza-8b95978b5-jgvvs,quickpizza,flux,Neuronet-ClusterTest,153421.377,0.0,flux,flux-node3,flux-node3.av.it.pt,185,neuronet-lb,0.014931165614994,34359738368,34359738368,0,0,301502464,2147483648,1845981184,85.96019744873047,running,0,0,0,0,9252175,right,pdu,70.957,71.378,164908.00783271,0.31,11.1,164908.00783271,1.545,0.991,-6.213,2801.35
2025-09-05 14:11:56,quickpizza,quickpizza-8b95978b5-jgvvs,quickpizza,neuronet-k8s-w2,flux,r4,Neuronet-ClusterTest,593158734000,459895250,22238945280,33104523264,38653952,0,3964334,55222272,58179584,58179584,22238945280,33104523264,32768,quickpizza/quickpizza-8b95978b5-jgvvs,quickpizza,quickpizza-8b95978b5-jgvvs,quickpizza,flux,Neuronet-ClusterTest,153421.377,0.0,flux,flux-node5,flux-node5.av.it.pt,184,neuronet-w3,0.356654132228459,64424509440,64424509440,0,0,7304486912,34359738368,27055251456,78.74114513397217,running,0,0,0,0,9758910,right,pdu,70.225,74.046,164909.00783276,0.307,12.3,164909.00783276,1.572,0.992,-6.257,760.7
2025-09-05 14:12:56,quickpizza,quickpizza-8b95978b5-jgvvs,quickpizza,neuronet-k8s-w2,flux,r4,Neuronet-ClusterTest,649172413000,1537937100,22248312832,33104523264,29106176,0,4703636,66162688,69918720,69918720,22248312832,33104523264,32768,quickpizza/quickpizza-8b95978b5-jgvvs,quickpizza,quickpizza-8b95978b5-jgvvs,quickpizza,flux,Neuronet-ClusterTest,153421.377,0.0,flux,flux-node4,flux-node4.av.it.pt,179,neuronet-m1,0.311020940855431,64424509440,64424509440,0,0,517599232,4294967296,3777368064,87.94870376586914,running,0,0,0,0,8801878,right,pdu,66.993,67.545,164910.0078328,0.293,10.3,164910.0078328,1.595,0.99,-6.376,3816.36
2025-09-05 14:13:56,quickpizza,quickpizza-8b95978b5-jgvvs,quickpizza,neuronet-k8s-w2,flux,r4,Neuronet-ClusterTest,756863382000,1826715565,22240022528,33104523264,37003264,0,5592230,74661888,79331328,79331328,22240022528,33104523264,32768,quickpizza/quickpizza-8b95978b5-jgvvs,quickpizza,quickpizza-8b95978b5-jgvvs,quickpizza,flux,Neuronet-ClusterTest,153421.377,0.0,flux,flux-node1,flux-node1.av.it.pt,302,neuronet-k8s-m3,0.28286368091509,34359738368,34359738368,0,0,529420288,4294967296,3765547008,87.6734733581543,running,0,0,0,0,5501085,left,pdu,64.687,65.442,146581.00696222,0.286,13.7,146581.00696222,1.8,0.97,-7.346,1543.81
2025-09-05 14:14:56,quickpizza,quickpizza-8b95978b5-jgvvs,quickpizza,neuronet-k8s-w2,flux,r4,Neuronet-ClusterTest,846827300000,1954888144,22239469568,33104523264,37122048,0,6155485,92950528,97398784,97398784,22239469568,33104523264,32768,quickpizza/quickpizza-8b95978b5-jgvvs,quickpizza,quickpizza-8b95978b5-jgvvs,quickpizza,flux,Neuronet-ClusterTest,153421.377,0.0,flux,flux-node3,flux-node3.av.it.pt,306,neuronet-k8s-lb,0.0333979691939203,34359738368,34359738368,0,0,401973248,2147483648,1745510400,81.28166198730469,running,0,0,0,0,5081139,right,pdu,70.813,75.64,164913.00783295,0.31,12.5,164913.00783295,1.601,0.988,-6.353,3329.0
2025-09-05 14:15:56,quickpizza,quickpizza-8b95978b5-jgvvs,quickpizza,neuronet-k8s-w2,flux,r4,Neuronet-ClusterTest,951628347000,1704953930,22243389440,33104523264,32591872,0,6958273,74883072,79044608,79044608,22243389440,33104523264,32768,quickpizza/quickpizza-8b95978b5-jgvvs,quickpizza,quickpizza-8b95978b5-jgvvs,quickpizza,flux,Neuronet-ClusterTest,153421.377,0.0,flux,flux-node4,flux-node4.av.it.pt,179,neuronet-m1,0.413049074520068,64424509440,64424509440,0,0,359669760,4294967296,3935297536,91.62578582763672,running,0,0,0,0,8802059,left,pdu,61.165,63.26,146583.00696232,0.271,18.2,146583.00696232,1.677,0.976,-7.354,3791.75
2025-09-05 14:16:56,quickpizza,quickpizza-8b95978b5-jgvvs,quickpizza,neuronet-k8s-w2,flux,r4,Neuronet-ClusterTest,1033633974000,923722808,22240919552,33104523264,34525184,0,7940470,54910976,57892864,57892864,22240919552,33104523264,32768,quickpizza/quickpizza-8b95978b5-jgvvs,quickpizza,quickpizza-8b95978b5-jgvvs,quickpizza,flux,Neuronet-ClusterTest,153421.377,0.0,flux,flux-node1,flux-node1.av.it.pt,300,neuronet-k8s-m1,0.312971187564837,34359738368,34359738368,0,0,708595712,4294967296,3586371584,83.5017204284668,running,0,0,0,0,5501460,left,pdu,63.168,61.391,146584.00696237,0.279,14.4,146584.00696237,1.687,0.982,-7.569,981.69
2025-09-05 14:17:56,quickpizza,quickpizza-8b95978b5-jgvvs,quickpizza,neuronet-k8s-w2,flux,r4,Neuronet-ClusterTest,1077463482000,1350550329,22238617600,33104523264,36417536,0,8581264,63303680,66662400,66662400,22238617600,33104523264,32768,quickpizza/quickpizza-8b95978b5-jgvvs,quickpizza,quickpizza-8b95978b5-jgvvs,quickpizza,flux,Neuronet-ClusterTest,153421.377,0.0,flux,flux-node3,flux-node3.av.it.pt,185,neuronet-lb,0.0129815853840787,34359738368,34359738368,0,0,303325184,2147483648,1844158464,85.87532043457031,running,0,0,0,0,9252595,right,pdu,95.796,88.31,217471.01032932,0.417,8.4,217471.01032932,1.578,0.997,-0.632,2138.65
2025-09-05 14:18:56,quickpizza,quickpizza-8b95978b5-jgvvs,quickpizza,neuronet-k8s-w2,flux,r4,Neuronet-ClusterTest,1179775176000,1793346831,22244024320,33104523264,32129024,0,9541657,79728640,84140032,84140032,22244024320,33104523264,32768,quickpizza/quickpizza-8b95978b5-jgvvs,quickpizza,quickpizza-8b95978b5-jgvvs,quickpizza,flux,Neuronet-ClusterTest,153421.377,0.0,flux,flux-node5,flux-node5.av.it.pt,305,neuronet-k8s-w3,0.380856829668759,34359738368,34359738368,0,0,1787351040,4294967296,2507616256,58.38499069213867,running,0,0,0,0,5459030,left,pdu,74.046,79.576,178447.00847578,0.325,14.2,178447.00847578,1.633,0.99,-7.394,2483.11
2025-09-05 14:19:56,quickpizza,quickpizza-8b95978b5-jgvvs,quickpizza,neuronet-k8s-w2,flux,r4,Neuronet-ClusterTest,1311804099000,1848802600,22245126144,33104523264,30588928,0,10491901,75698176,80171008,80171008,22245126144,33104523264,32768,quickpizza/quickpizza-8b95978b5-jgvvs,quickpizza,quickpizza-8b95978b5-jgvvs,quickpizza,flux,Neuronet-ClusterTest,153421.377,0.0,flux,flux-node5,flux-node5.av.it.pt,181,neuronet-m3,0.368378796151741,64424509440,64424509440,0,0,535818240,4294967296,3759149056,87.52450942993164,running,0,0,0,0,9759433,left,pdu,59.03,60.405,146587.00696251,0.262,15.5,146587.00696251,1.733,0.977,-7.653,2767.77
2025-09-05 14:20:56,quickpizza,quickpizza-8b95978b5-jgvvs,quickpizza,neuronet-k8s-w2,flux,r4,Neuronet-ClusterTest,1390100321000,1691692910,22236512256,33104523264,38035456,0,11153142,71565312,75628544,75628544,22236512256,33104523264,32768,quickpizza/quickpizza-8b95978b5-jgvvs,quickpizza,quickpizza-8b95978b5-jgvvs,quickpizza,flux,Neuronet-ClusterTest,153421.377,0.0,flux,flux-node5,flux-node5.av.it.pt,303,neuronet-k8s-w1,0.171059821196537,34359738368,34359738368,0,0,549580800,4294967296,3745386496,87.20407485961914,running,0,0,0,0,5459311,left,pdu,102.07,103.58,208935.00992388,0.447,9.2,208935.00992388,1.594,0.993,-4.281,2365.87
2025-09-05 14:21:56,quickpizza,quickpizza-8b95978b5-jgvvs,quickpizza,neuronet-k8s-w2,flux,r4,Neuronet-ClusterTest,1475640034000,177921693,22245023744,33104523264,28315648,0,12233520,57421824,60329984,60329984,22245023744,33104523264,32768,quickpizza/quickpizza-8b95978b5-jgvvs,quickpizza,quickpizza-8b95978b5-jgvvs,quickpizza,flux,Neuronet-ClusterTest,153421.377,0.0,flux,flux-node5,flux-node5.av.it.pt,305,neuronet-k8s-w3,0.184132066221374,34359738368,34359738368,0,0,1782550528,4294967296,2512416768,58.49676132202149,running,0,0,0,0,5459210,left,pdu,68.595,67.633,178451.00847597,0.303,15.8,178451.00847597,1.714,0.974,-8.07,980.5
2025-09-05 14:22:56,quickpizza,quickpizza-8b95978b5-jgvvs,quickpizza,neuronet-k8s-w2,flux,r4,Neuronet-ClusterTest,1518599895000,1371254072,22243348480,33104523264,30191616,0,12869336,65105920,68718592,68718592,22243348480,33104523264,32768,quickpizza/quickpizza-8b95978b5-jgvvs,quickpizza,quickpizza-8b95978b5-jgvvs,quickpizza,flux,Neuronet-ClusterTest,153421.377,0.0,flux,flux-node1,flux-node1.av.it.pt,300,neuronet-k8s-m1,0.323230147813445,34359738368,34359738368,0,0,707891200,4294967296,3587076096,83.51812362670898,running,0,0,0,0,5501821,left,pdu,77.874,78.645,178452.00847602,0.341,11.7,178452.00847602,1.702,0.99,-7.541,2536.48
2025-09-05 14:23:56,quickpizza,quickpizza-8b95978b5-jgvvs,quickpizza,neuronet-k8s-w2,flux,r4,Neuronet-ClusterTest,59173547000,2256227484,22248599552,33104523264,25792512,0,106241,93114368,97697792,97697792,22248599552,33104523264,32768,quickpizza/quickpizza-8b95978b5-jgvvs,quickpizza,quickpizza-8b95978b5-jgvvs,quickpizza,flux,Neuronet-ClusterTest,153421.377,0.0,flux,flux-node3,flux-node3.av.it.pt,185,neuronet-lb,0.0129866859835547,34359738368,34359738368,0,0,303063040,2147483648,1844420608,85.88752746582031,running,0,0,0,0,9252955,left,pdu,94.56,95.637,208940.00992412,0.413,9.9,208940.00992412,1.527,0.996,-5.021,1695.54
2025-09-05 14:24:56,quickpizza,quickpizza-8b95978b5-jgvvs,quickpizza,neuronet-k8s-w2,flux,r4,Neuronet-ClusterTest,4668438000,386940578,22255951872,33104523264,17104896,0,11808,25653248,27230208,27230208,22255951872,33104523264,32768,quickpizza/quickpizza-8b95978b5-jgvvs,quickpizza,quickpizza-8b95978b5-jgvvs,quickpizza,flux,Neuronet-ClusterTest,8463.819,57989149.99999999,flux,flux-node4,flux-node4.av.it.pt,179,neuronet-m1,0.356797995855122,64424509440,64424509440,0,0,621113344,4294967296,3673853952,85.53857803344727,running,0,0,0,0,8802598,left,pdu,66.671,69.334,178455.00847616,0.293,13.7,178455.00847616,1.692,0.981,-7.907,1011.12
2025-09-05 14:25:56,quickpizza,quickpizza-8b95978b5-jgvvs,quickpizza,neuronet-k8s-w2,flux,r4,Neuronet-ClusterTest,124786776000,1903018090,22243598336,33104523264,28585984,0,299535,67436544,72134656,72134656,22243598336,33104523264,32768,quickpizza/quickpizza-8b95978b5-jgvvs,quickpizza,quickpizza-8b95978b5-jgvvs,quickpizza,flux,Neuronet-ClusterTest,8361.702,121419450.0,flux,flux-node4,flux-node4.av.it.pt,179,neuronet-m1,0.393813958198374,64424509440,64424509440,0,0,420933632,4294967296,3874033664,90.19937515258788,running,0,0,0,0,8802658,left,pdu,57.829,67.633,146593.00696279,0.257,16.4,146593.00696279,1.736,0.966,-7.478,3550.55
2025-09-05 14:26:56,quickpizza,quickpizza-8b95978b5-jgvvs,quickpizza,neuronet-k8s-w2,flux,r4,Neuronet-ClusterTest,183987692000,532058733,22240616448,33104523264,30511104,0,807052,48791552,51691520,51691520,22240616448,33104523264,32768,quickpizza/quickpizza-8b95978b5-jgvvs,quickpizza,quickpizza-8b95978b5-jgvvs,quickpizza,flux,Neuronet-ClusterTest,11802.936,0.0,flux,flux-node4,flux-node4.av.it.pt,182,neuronet-w1,0.180373856826266,64424509440,64424509440,0,0,27687960576,34359738368,6671777792,19.417428970336918,running,0,0,0,0,5457540,right,pdu,71.131,70.635,164927.00783361,0.311,10.1,164927.00783361,1.567,0.992,-6.198,754.98
2025-09-05 14:27:56,quickpizza,quickpizza-8b95978b5-jgvvs,quickpizza,neuronet-k8s-w2,flux,r4,Neuronet-ClusterTest,231199646000,1512297825,22238687232,33104523264,32477184,0,1245814,59961344,63221760,63221760,22238687232,33104523264,32768,quickpizza/quickpizza-8b95978b5-jgvvs,quickpizza,quickpizza-8b95978b5-jgvvs,quickpizza,flux,Neuronet-ClusterTest,16194.48,74432949.15254238,flux,flux-node3,flux-node3.av.it.pt,185,neuronet-lb,0.0,34359738368,34359738368,0,0,302133248,2147483648,1845350400,85.93082427978516,running,0,0,0,0,9253195,right,pdu,90.962,93.296,217487.01033008,0.396,8.2,217487.01033008,1.6,0.996,-0.898,4052.2
2025-09-05 14:28:56,quickpizza,quickpizza-8b95978b5-jgvvs,quickpizza,neuronet-k8s-w2,flux,r4,Neuronet-ClusterTest,318500960000,2056846889,22239117312,33104523264,31965184,0,1774394,83234816,87646208,87646208,22239117312,33104523264,32768,quickpizza/quickpizza-8b95978b5-jgvvs,quickpizza,quickpizza-8b95978b5-jgvvs,quickpizza,flux,Neuronet-ClusterTest,23388.963,121940389.83050849,flux,flux-node1,flux-node1.av.it.pt,302,neuronet-k8s-m3,0.286526046677756,34359738368,34359738368,0,0,497582080,4294967296,3797385216,88.41476440429688,running,0,0,0,0,5501984,right,pdu,70.638,69.935,164929.00783371,0.31,10.9,164929.00783371,1.551,0.992,-6.154,1882.54
2025-09-05 14:29:56,quickpizza,quickpizza-8b95978b5-jgvvs,quickpizza,neuronet-k8s-w2,flux,r4,Neuronet-ClusterTest,463091137000,2070740314,22236024832,33104523264,34390016,0,2442505,104095744,109699072,109699072,22236024832,33104523264,32768,quickpizza/quickpizza-8b95978b5-jgvvs,quickpizza,quickpizza-8b95978b5-jgvvs,quickpizza,flux,Neuronet-ClusterTest,30829.062,124001650.00000004,flux,flux-node3,flux-node3.av.it.pt,306,neuronet-k8s-lb,0.0152478719115053,34359738368,34359738368,0,0,400904192,2147483648,1746579456,81.3314437866211,running,0,0,0,0,5082038,right,pdu,71.076,68.651,164930.00783375,0.312,12.1,164930.00783375,1.55,0.987,-6.178,4226.03
2025-09-05 14:30:56,quickpizza,quickpizza-8b95978b5-jgvvs,quickpizza,neuronet-k8s-w2,flux,r4,Neuronet-ClusterTest,583105647000,1751065412,22236590080,33104523264,33058816,0,3258571,72032256,76623872,76623872,22236590080,33104523264,32768,quickpizza/quickpizza-8b95978b5-jgvvs,quickpizza,quickpizza-8b95978b5-jgvvs,quickpizza,flux,Neuronet-ClusterTest,37691.337,114371249.99999996,flux,flux-node1,flux-node1.av.it.pt,300,neuronet-k8s-m1,0.320382711630627,34359738368,34359738368,0,0,676880384,4294967296,3618086912,84.24015045166016,running,0,0,0,0,5502299,left,pdu,68.782,67.124,178462.00847649,0.304,15.8,178462.00847649,1.656,0.984,-7.831,3777.79
2025-09-05 14:31:56,quickpizza,quickpizza-8b95978b5-jgvvs,quickpizza,neuronet-k8s-w2,flux,r4,Neuronet-ClusterTest,643896165000,771591860,22233853952,33104523264,35074048,0,4032890,52776960,56500224,56500224,22233853952,33104523264,32768,quickpizza/quickpizza-8b95978b5-jgvvs,quickpizza,quickpizza-8b95978b5-jgvvs,quickpizza,flux,Neuronet-ClusterTest,41727.207,67264500.00000004,flux,flux-node5,flux-node5.av.it.pt,181,neuronet-m3,0.360050774559213,64424509440,64424509440,0,0,479170560,4294967296,3815796736,88.84344100952148,running,0,0,0,0,9760153,left,pdu,61.379,65.224,178469.00847682,0.274,13.7,178469.00847682,1.586,0.985,-7.907,982.94
2025-09-05 14:32:56,quickpizza,quickpizza-8b95978b5-jgvvs,quickpizza,neuronet-k8s-w2,flux,r4,Neuronet-ClusterTest,704425451000,1486233292,22231687168,33104523264,36982784,0,4807957,64921600,68763648,68763648,22231687168,33104523264,32768,quickpizza/quickpizza-8b95978b5-jgvvs,quickpizza,quickpizza-8b95978b5-jgvvs,quickpizza,flux,Neuronet-ClusterTest,46595.304,81134949.99999991,flux,flux-node4,flux-node4.av.it.pt,182,neuronet-w1,0.188327907486522,64424509440,64424509440,0,0,27664244736,34359738368,6695493632,19.486451148986816,running,0,0,0,0,5457901,left,pdu,61.403,66.261,178464.00847659,0.27,12.6,178464.00847659,1.7,0.982,-7.633,3625.2
2025-09-05 14:33:56,quickpizza,quickpizza-8b95978b5-jgvvs,quickpizza,neuronet-k8s-w2,flux,r4,Neuronet-ClusterTest,795053517000,1841875564,22234333184,33104523264,33923072,0,5553359,74428416,78987264,78987264,22234333184,33104523264,32768,quickpizza/quickpizza-8b95978b5-jgvvs,quickpizza,quickpizza-8b95978b5-jgvvs,quickpizza,flux,Neuronet-ClusterTest,53473.062,112750131.14754102,flux,flux-node1,flux-node1.av.it.pt,188,neuronet-m2,0.336700485957085,64424509440,64424509440,0,0,484102144,4294967296,3810865152,88.72861862182617,running,0,0,0,0,9760165,left,pdu,65.792,62.628,146601.00696317,0.272,14.5,146601.00696317,1.604,0.986,-7.613,1755.98
2025-09-05 14:34:56,quickpizza,quickpizza-8b95978b5-jgvvs,quickpizza,neuronet-k8s-w2,flux,r4,Neuronet-ClusterTest,908384711000,1885304627,22234492928,33104523264,33226752,0,6273908,80850944,85352448,85352448,22234492928,33104523264,32768,quickpizza/quickpizza-8b95978b5-jgvvs,quickpizza,quickpizza-8b95978b5-jgvvs,quickpizza,flux,Neuronet-ClusterTest,60612.009,120999101.69491524,flux,flux-node3,flux-node3.av.it.pt,185,neuronet-lb,0.0131291607542119,34359738368,34359738368,0,0,301113344,2147483648,1846370304,85.97831726074219,running,0,0,0,0,9253615,left,pdu,59.197,58.708,146602.00696322,0.264,18.2,146602.00696322,1.775,0.962,-7.323,2464.88
2025-09-05 14:35:56,quickpizza,quickpizza-8b95978b5-jgvvs,quickpizza,neuronet-k8s-w2,flux,r4,Neuronet-ClusterTest,1019557028000,1685276825,22227304448,33104523264,40976384,0,7121661,70713344,75132928,75132928,22227304448,33104523264,32768,quickpizza/quickpizza-8b95978b5-jgvvs,quickpizza,quickpizza-8b95978b5-jgvvs,quickpizza,flux,Neuronet-ClusterTest,67384.116,112868449.99999994,flux,flux-node3,flux-node3.av.it.pt,311,neuronet-5g-core,0.132252113952537,85899345920,85899345920,0,0,8914558976,17179869184,8265310208,48.11043739318848,running,0,0,0,0,1209444,left,pdu,69.74,73.962,178468.00847678,0.307,15.8,178468.00847678,1.682,0.982,-7.927,6109.2
2025-09-05 14:36:56,quickpizza,quickpizza-8b95978b5-jgvvs,quickpizza,neuronet-k8s-w2,flux,r4,Neuronet-ClusterTest,1089050771000,469762842,22236028928,33104523264,30932992,0,7965625,55099392,57999360,57999360,22236028928,33104523264,32768,quickpizza/quickpizza-8b95978b5-jgvvs,quickpizza,quickpizza-8b95978b5-jgvvs,quickpizza,flux,Neuronet-ClusterTest,71559.522,69590100.00000004,flux,flux-node3,flux-node3.av.it.pt,185,neuronet-lb,0.0105323558888397,34359738368,34359738368,0,0,300724224,2147483648,1846759424,85.9964370727539,running,0,0,0,0,9253735,left,pdu,58.664,59.59,146604.00696332,0.259,17.0,146609.00696355,1.67,0.984,-7.339,984.78
2025-09-05 14:37:56,quickpizza,quickpizza-8b95978b5-jgvvs,quickpizza,neuronet-k8s-w2,flux,r4,Neuronet-ClusterTest,1134462241000,1385688770,22234345472,33104523264,32817152,0,8587303,61427712,65339392,65339392,22234345472,33104523264,32768,quickpizza/quickpizza-8b95978b5-jgvvs,quickpizza,quickpizza-8b95978b5-jgvvs,quickpizza,flux,Neuronet-ClusterTest,76568.796,82119245.90163943,flux,flux-node5,flux-node5.av.it.pt,303,neuronet-k8s-w1,0.246822597451837,34359738368,34359738368,0,0,512479232,4294967296,3782488064,88.06791305541992,running,0,0,0,0,5460332,right,pdu,71.791,75.393,164939.00783418,0.314,12.8,164939.00783418,1.538,0.993,-6.249,3781.4
2025-09-05 14:38:56,quickpizza,quickpizza-8b95978b5-jgvvs,quickpizza,neuronet-k8s-w2,flux,r4,Neuronet-ClusterTest,1232725220000,1865812873,22226915328,33104523264,40415232,0,9503862,84946944,88883200,88883200,22226915328,33104523264,32768,quickpizza/quickpizza-8b95978b5-jgvvs,quickpizza,quickpizza-8b95978b5-jgvvs,quickpizza,flux,Neuronet-ClusterTest,83412.135,115988796.61016938,flux,flux-node3,flux-node3.av.it.pt,311,neuronet-5g-core,0.143340070556647,85899345920,85899345920,0,0,8903127040,17179869184,8276742144,48.17698001861572,running,0,0,0,0,1209625,right,pdu,69.525,69.398,164941.00783428,0.304,10.0,164941.00783428,1.592,0.991,-6.333,3091.92
2025-09-05 14:39:56,quickpizza,quickpizza-8b95978b5-jgvvs,quickpizza,neuronet-k8s-w2,flux,r4,Neuronet-ClusterTest,1360955315000,1921379908,22227050496,33104523264,39837696,0,10374520,85741568,90562560,90562560,22227050496,33104523264,32768,quickpizza/quickpizza-8b95978b5-jgvvs,quickpizza,quickpizza-8b95978b5-jgvvs,quickpizza,flux,Neuronet-ClusterTest,90512.631,118341600.0,flux,flux-node1,flux-node1.av.it.pt,300,neuronet-k8s-m1,0.307342584172517,34359738368,34359738368,0,0,673529856,4294967296,3621437440,84.31816101074219,running,0,0,0,0,5502840,right,pdu,74.113,69.35,164942.00783432,0.324,12.2,164942.00783432,1.571,0.991,-6.44,2172.83
2025-09-05 14:40:56,quickpizza,quickpizza-8b95978b5-jgvvs,quickpizza,neuronet-k8s-w2,flux,r4,Neuronet-ClusterTest,1466579165000,1658743325,22230503424,33104523264,35303424,0,11228648,72753152,76996608,76996608,22230503424,33104523264,32768,quickpizza/quickpizza-8b95978b5-jgvvs,quickpizza,quickpizza-8b95978b5-jgvvs,quickpizza,flux,Neuronet-ClusterTest,97247.223,112243200.00000007,flux,flux-node3,flux-node3.av.it.pt,306,neuronet-k8s-lb,0.0126264741543764,34359738368,34359738368,0,0,397664256,2147483648,1749819392,81.48231506347656,running,0,0,0,0,5082698,left,pdu,61.487,62.775,178474.00847706,0.272,15.1,178474.00847706,1.674,0.974,-7.804,2587.18
2025-09-05 14:41:56,quickpizza,quickpizza-8b95978b5-jgvvs,quickpizza,neuronet-k8s-w2,flux,r4,Neuronet-ClusterTest,1528818561000,965138450,22227468288,33104523264,37294080,0,12027117,56295424,59305984,59305984,22227468288,33104523264,32768,quickpizza/quickpizza-8b95978b5-jgvvs,quickpizza,quickpizza-8b95978b5-jgvvs,quickpizza,flux,Neuronet-ClusterTest,101434.14,69781950.00000003,flux,flux-node1,flux-node1.av.it.pt,300,neuronet-k8s-m1,0.303727771474111,34359738368,34359738368,0,0,664862720,4294967296,3630104576,84.51995849609375,running,0,0,0,0,5502960,left,pdu,56.513,57.936,146610.0069636,0.252,17.5,146610.0069636,1.775,0.975,-7.541,983.64
2025-09-05 14:42:56,quickpizza,quickpizza-8b95978b5-jgvvs,quickpizza,neuronet-k8s-w2,flux,r4,Neuronet-ClusterTest,1588165022000,1429524808,22225629184,33104523264,39063552,0,12865806,66240512,69828608,69828608,22225629184,33104523264,32768,quickpizza/quickpizza-8b95978b5-jgvvs,quickpizza,quickpizza-8b95978b5-jgvvs,quickpizza,flux,Neuronet-ClusterTest,106430.64,83275000.0,flux,flux-node1,flux-node1.av.it.pt,301,neuronet-k8s-m2,0.327332256346512,34359738368,34359738368,0,0,510500864,4294967296,3784466432,88.11397552490234,running,0,0,0,0,5502846,left,pdu,56.835,58.533,146611.00696365,0.254,16.4,146611.00696365,1.731,0.97,-7.339,1665.09
2025-09-05 14:43:56,quickpizza,quickpizza-8b95978b5-jgvvs,quickpizza,neuronet-k8s-w2,flux,r4,Neuronet-ClusterTest,1692607632000,1827157653,22229471232,33104523264,35168256,0,13715727,83062784,87363584,87363584,22229471232,33104523264,32768,quickpizza/quickpizza-8b95978b5-jgvvs,quickpizza,quickpizza-8b95978b5-jgvvs,quickpizza,flux,Neuronet-ClusterTest,113205.447,112913450.0,flux,flux-node4,flux-node4.av.it.pt,182,neuronet-w1,0.182855378352415,64424509440,64424509440,0,0,27685797888,34359738368,6673940480,19.423723220825195,running,0,0,0,0,5458561,left,pdu,75.143,79.297,178477.0084772,0.329,15.8,178477.0084772,1.717,0.986,-8.122,2038.87
2025-09-05 14:44:56,quickpizza,quickpizza-8b95978b5-jgvvs,quickpizza,neuronet-k8s-w2,flux,r4,Neuronet-ClusterTest,1792444096000,1915493156,22229196800,33104523264,34869248,0,14421421,97468416,102797312,102797312,22229196800,33104523264,32768,quickpizza/quickpizza-8b95978b5-jgvvs,quickpizza,quickpizza-8b95978b5-jgvvs,quickpizza,flux,Neuronet-ClusterTest,120266.079,117677199.99999996,flux,flux-node1,flux-node1.av.it.pt,300,neuronet-k8s-m1,0.300297776443982,34359738368,34359738368,0,0,665661440,4294967296,3629305856,84.50136184692383,running,0,0,0,0,5503140,right,pdu,71.533,72.793,164948.00783461,0.313,9.7,164948.00783461,1.597,0.991,-6.094,1534.61
2025-09-05 14:45:56,quickpizza,quickpizza-8b95978b5-jgvvs,quickpizza,neuronet-k8s-w2,flux,r4,Neuronet-ClusterTest,1892266356000,1684569105,22231760896,33104523264,31543296,0,15241440,74203136,79015936,79015936,22231760896,33104523264,32768,quickpizza/quickpizza-8b95978b5-jgvvs,quickpizza,quickpizza-8b95978b5-jgvvs,quickpizza,flux,Neuronet-ClusterTest,126989.298,112053649.99999996,flux,flux-node1,flux-node1.av.it.pt,302,neuronet-k8s-m3,0.28462407834498,34359738368,34359738368,0,0,525537280,4294967296,3769430016,87.76388168334961,running,0,0,0,0,5503004,right,pdu,69.66,71.167,164949.00783466,0.306,10.5,164949.00783466,1.681,0.986,-6.162,3046.83
2025-09-05 14:46:56,quickpizza,quickpizza-8b95978b5-jgvvs,quickpizza,neuronet-k8s-w2,flux,r4,Neuronet-ClusterTest,1968780485000,863643713,22229106688,33104523264,33476608,0,16184596,58953728,61964288,61964288,22229106688,33104523264,32768,quickpizza/quickpizza-8b95978b5-jgvvs,quickpizza,quickpizza-8b95978b5-jgvvs,quickpizza,flux,Neuronet-ClusterTest,131182.647,69889150.00000003,flux,flux-node5,flux-node5.av.it.pt,184,neuronet-w3,0.344025234071686,64424509440,64424509440,0,0,7311708160,34359738368,27048030208,78.72012853622437,running,0,0,0,0,9761009,right,pdu,95.828,96.059,217516.01033146,0.417,10.8,217516.01033146,1.58,0.997,-0.703,761.2
2025-09-05 14:47:59,quickpizza,quickpizza-8b95978b5-jgvvs,quickpizza,neuronet-k8s-w2,flux,r4,Neuronet-ClusterTest,2016274500000,1375530684,22226952192,33104523264,35475456,0,16821463,65024000,68575232,68575232,22226952192,33104523264,32768,quickpizza/quickpizza-8b95978b5-jgvvs,quickpizza,quickpizza-8b95978b5-jgvvs,quickpizza,flux,Neuronet-ClusterTest,136211.13,83808050.00000012,flux,flux-node4,flux-node4.av.it.pt,182,neuronet-w1,0.180619412860607,64424509440,64424509440,0,0,27691134976,34359738368,6668603392,19.40819025039673,running,0,0,0,0,5458801,right,pdu,69.688,67.506,164951.00783475,0.305,10.7,164951.00783475,1.582,0.988,-6.424,5551.21
2025-09-05 14:48:56,quickpizza,quickpizza-8b95978b5-jgvvs,quickpizza,neuronet-k8s-w2,flux,r4,Neuronet-ClusterTest,2119913785000,1772664340,22229557248,33104523264,32366592,0,17681540,85000192,89706496,89706496,22229557248,33104523264,32768,quickpizza/quickpizza-8b95978b5-jgvvs,quickpizza,quickpizza-8b95978b5-jgvvs,quickpizza,flux,Neuronet-ClusterTest,143060.709,114159649.99999996,flux,flux-node3,flux-node3.av.it.pt,185,neuronet-lb,0.0123393899492846,34359738368,34359738368,0,0,299675648,2147483648,1847808000,86.0452651977539,running,0,0,0,0,9254455,right,pdu,68.368,72.606,164953.00783485,0.299,9.2,164953.00783485,1.638,0.993,-6.516,1544.46
2025-09-05 14:49:56,quickpizza,quickpizza-8b95978b5-jgvvs,quickpizza,neuronet-k8s-w2,flux,r4,Neuronet-ClusterTest,2242083964000,1887279460,22230233088,33104523264,31088640,0,18527258,90517504,95305728,95305728,22230233088,33104523264,32768,quickpizza/quickpizza-8b95978b5-jgvvs,quickpizza,quickpizza-8b95978b5-jgvvs,quickpizza,flux,Neuronet-ClusterTest,150035.277,116242800.0,flux,flux-node3,flux-node3.av.it.pt,306,neuronet-k8s-lb,0.0157315595436038,34359738368,34359738368,0,0,398954496,2147483648,1748529152,81.42223358154297,running,0,0,0,0,5083238,left,pdu,64.711,63.16,178485.00847758,0.287,13.7,178485.00847758,1.633,0.982,-7.919,1535.47
2025-09-05 14:50:56,quickpizza,quickpizza-8b95978b5-jgvvs,quickpizza,neuronet-k8s-w2,flux,r4,Neuronet-ClusterTest,49193353000,1929184635,22238035968,33104523264,22802432,0,102733,50085888,53305344,53305344,22238035968,33104523264,32768,quickpizza/quickpizza-8b95978b5-jgvvs,quickpizza,quickpizza-8b95978b5-jgvvs,quickpizza,flux,Neuronet-ClusterTest,151062.807,16844754.098360635,flux,flux-node5,flux-node5.av.it.pt,183,neuronet-w2,0.630796154639424,64424509440,64424509440,0,0,1735622656,34359738368,32624115712,94.94867324829102,running,0,0,0,0,9761265,left,pdu,65.319,59.455,146619.00696403,0.261,16.6,146619.00696403,1.818,0.966,-7.446,992.21
2025-09-05 14:51:56,quickpizza,quickpizza-8b95978b5-jgvvs,quickpizza,neuronet-k8s-w2,flux,r4,Neuronet-ClusterTest,113585848000,259570664,22235860992,33104523264,24522752,0,539144,48975872,51523584,51523584,22235860992,33104523264,32768,quickpizza/quickpizza-8b95978b5-jgvvs,quickpizza,quickpizza-8b95978b5-jgvvs,quickpizza,flux,Neuronet-ClusterTest,151062.807,0.0,flux,flux-node4,flux-node4.av.it.pt,182,neuronet-w1,0.18323254872113,64424509440,64424509440,0,0,27691249664,34359738368,6668488704,19.407856464385983,running,0,0,0,0,5459041,right,pdu,64.58,67.585,164956.00783499,0.283,10.3,164956.00783499,1.613,0.986,-6.277,757.09
2025-09-05 14:52:56,quickpizza,quickpizza-8b95978b5-jgvvs,quickpizza,neuronet-k8s-w2,flux,r4,Neuronet-ClusterTest,165358573000,1591576901,22234300416,33104523264,26460160,0,990454,62681088,65744896,65744896,22234300416,33104523264,32768,quickpizza/quickpizza-8b95978b5-jgvvs,quickpizza,quickpizza-8b95978b5-jgvvs,quickpizza,flux,Neuronet-ClusterTest,151062.807,0.0,flux,flux-node5,flux-node5.av.it.pt,305,neuronet-k8s-w3,0.163693778423732,34359738368,34359738368,0,0,1750069248,4294967296,2544898048,59.25302505493164,running,0,0,0,0,5461070,right,pdu,65.748,66.309,164957.00783504,0.297,8.9,164957.00783504,1.575,0.991,-6.166,3028.23
2025-09-05 14:53:56,quickpizza,quickpizza-8b95978b5-jgvvs,quickpizza,neuronet-k8s-w2,flux,r4,Neuronet-ClusterTest,255552559000,2010835737,22225625088,33104523264,35950592,0,1517127,87564288,93208576,93208576,22225625088,33104523264,32768,quickpizza/quickpizza-8b95978b5-jgvvs,quickpizza,quickpizza-8b95978b5-jgvvs,quickpizza,flux,Neuronet-ClusterTest,151062.807,0.0,flux,flux-node3,flux-node3.av.it.pt,185,neuronet-lb,0.012744202122995,34359738368,34359738368,0,0,300896256,2147483648,1846587392,85.9884262084961,running,0,0,0,0,9254755,right,pdu,73.362,70.778,164958.00783508,0.306,9.9,164958.00783508,1.573,0.99,-6.269,3548.48
2025-09-05 14:54:56,quickpizza,quickpizza-8b95978b5-jgvvs,quickpizza,neuronet-k8s-w2,flux,r4,Neuronet-ClusterTest,399495058000,2097851924,22222573568,33104523264,38576128,0,2175235,111464448,117084160,117084160,22222573568,33104523264,32768,quickpizza/quickpizza-8b95978b5-jgvvs,quickpizza,quickpizza-8b95978b5-jgvvs,quickpizza,flux,Neuronet-ClusterTest,151062.807,0.0,flux,flux-node5,flux-node5.av.it.pt,305,neuronet-k8s-w3,0.272135794444935,34359738368,34359738368,0,0,1745666048,4294967296,2549301248,59.35554504394531,running,0,0,0,0,5461190,left,pdu,57.734,58.58,146623.00696422,0.254,15.1,146623.00696422,1.672,0.985,-7.319,2028.48
2025-09-05 14:55:56,quickpizza,quickpizza-8b95978b5-jgvvs,quickpizza,neuronet-k8s-w2,flux,r4,Neuronet-ClusterTest,512389932000,1627916478,22221819904,33104523264,37601280,0,2928540,70127616,74350592,74350592,22221819904,33104523264,32768,quickpizza/quickpizza-8b95978b5-jgvvs,quickpizza,quickpizza-8b95978b5-jgvvs,quickpizza,flux,Neuronet-ClusterTest,151062.807,0.0,flux,flux-node4,flux-node4.av.it.pt,182,neuronet-w1,0.182873064834596,64424509440,64424509440,0,0,27682996224,34359738368,6676742144,19.43187713623047,running,0,0,0,0,5459280,right,pdu,72.4,75.644,164961.00783523,0.316,11.5,164961.00783523,1.574,0.992,-6.229,3568.66
2025-09-05 14:56:56,quickpizza,quickpizza-8b95978b5-jgvvs,quickpizza,neuronet-k8s-w2,flux,r4,Neuronet-ClusterTest,567504297000,808889659,22218641408,33104523264,39587840,0,3630210,55214080,58208256,58208256,22218641408,33104523264,32768,quickpizza/quickpizza-8b95978b5-jgvvs,quickpizza,quickpizza-8b95978b5-jgvvs,quickpizza,flux,Neuronet-ClusterTest,151062.807,0.0,flux,flux-node1,flux-node1.av.it.pt,188,neuronet-m2,0.0,64424509440,64424509440,0,0,349073408,4294967296,3945893888,91.87250137329102,running,0,0,0,0,9761546,left,pdu,60.453,63.021,146625.00696431,0.272,18.8,146625.00696431,1.733,0.964,-7.386,982.72
2025-09-05 14:57:56,quickpizza,quickpizza-8b95978b5-jgvvs,quickpizza,neuronet-k8s-w2,flux,r4,Neuronet-ClusterTest,603566116000,1344517178,22227083264,33104523264,31383552,0,4121657,60747776,63995904,63995904,22227083264,33104523264,32768,quickpizza/quickpizza-8b95978b5-jgvvs,quickpizza,quickpizza-8b95978b5-jgvvs,quickpizza,flux,Neuronet-ClusterTest,151062.807,0.0,flux,flux-node3,flux-node3.av.it.pt,306,neuronet-k8s-lb,0.0159318011285805,34359738368,34359738368,0,0,397434880,2147483648,1750048768,81.49299621582031,running,0,0,0,0,5083718,right,pdu,66.583,66.548,164963.00783532,0.292,12.2,164963.00783532,1.574,0.99,-6.504,4561.5
2025-09-05 14:58:56,quickpizza,quickpizza-8b95978b5-jgvvs,quickpizza,neuronet-k8s-w2,flux,r4,Neuronet-ClusterTest,721153205000,1905687007,22218596352,33104523264,39743488,0,5082907,98078720,102858752,102858752,22218596352,33104523264,32768,quickpizza/quickpizza-8b95978b5-jgvvs,quickpizza,quickpizza-8b95978b5-jgvvs,quickpizza,flux,Neuronet-ClusterTest,151062.807,0.0,flux,flux-node5,flux-node5.av.it.pt,305,neuronet-k8s-w3,0.279331034238746,34359738368,34359738368,0,0,1745965056,4294967296,2549002240,59.34858322143555,running,0,0,0,0,5461430,right,pdu,65.665,65.792,164964.00783537,0.288,9.7,164964.00783537,1.654,0.99,-6.333,1535.54
2025-09-05 14:59:56,quickpizza,quickpizza-8b95978b5-jgvvs,quickpizza,neuronet-k8s-w2,flux,r4,Neuronet-ClusterTest,848838962000,1925732659,22218125312,33104523264,39624704,0,5888443,83959808,88752128,88752128,22218125312,33104523264,32768,quickpizza/quickpizza-8b95978b5-jgvvs,quickpizza,quickpizza-8b95978b5-jgvvs,quickpizza,flux,Neuronet-ClusterTest,151062.807,0.0,flux,flux-node4,flux-node4.av.it.pt,179,neuronet-m1,0.394782846921438,64424509440,64424509440,0,0,601145344,4294967296,3693821952,86.00349426269531,running,0,0,0,0,8804698,left,pdu,99.036,99.498,208997.00992682,0.433,10.5,208997.00992682,1.578,0.996,-4.774,1538.56
2025-09-05 15:00:56,quickpizza,quickpizza-8b95978b5-jgvvs,quickpizza,neuronet-k8s-w2,flux,r4,Neuronet-ClusterTest,52007406000,1983731628,22237736960,33104523264,19173376,0,71832,51396608,55074816,55050240,22237736960,33104523264,32768,quickpizza/quickpizza-8b95978b5-jgvvs,quickpizza,quickpizza-8b95978b5-jgvvs,quickpizza,flux,Neuronet-ClusterTest,151062.807,0.0,flux,flux-node1,flux-node1.av.it.pt,302,neuronet-k8s-m3,0.275858069346823,34359738368,34359738368,0,0,525430784,4294967296,3769536512,87.76636123657227,running,0,0,0,0,5503905,right,pdu,71.907,71.326,164967.00783551,0.315,9.8,164967.00783551,1.585,0.991,-6.289,758.47
2025-09-05 15:01:56,quickpizza,quickpizza-8b95978b5-jgvvs,quickpizza,neuronet-k8s-w2,flux,r4,Neuronet-ClusterTest,100556080000,120127951,22235185152,33104523264,20885504,0,282753,50622464,53403648,53379072,22235185152,33104523264,32768,quickpizza/quickpizza-8b95978b5-jgvvs,quickpizza,quickpizza-8b95978b5-jgvvs,quickpizza,flux,Neuronet-ClusterTest,6946.671,47492200.00000001,flux,flux-node5,flux-node5.av.it.pt,183,neuronet-w2,0.636482184493225,64424509440,64424509440,0,0,1924874240,34359738368,32434864128,94.3978786468506,running,0,0,0,0,9761924,left,pdu,65.367,66.707,178499.00847825,0.289,16.4,178499.00847825,1.738,0.982,-7.541,756.16
2025-09-05 15:02:56,quickpizza,quickpizza-8b95978b5-jgvvs,quickpizza,neuronet-k8s-w2,flux,r4,Neuronet-ClusterTest,134906630000,1241169039,22233092096,33104523264,22802432,0,560700,53030912,56320000,56295424,22233092096,33104523264,32768,quickpizza/quickpizza-8b95978b5-jgvvs,quickpizza,quickpizza-8b95978b5-jgvvs,quickpizza,flux,Neuronet-ClusterTest,10994.418,67462449.99999999,flux,flux-node3,flux-node3.av.it.pt,185,neuronet-lb,0.0121207103755964,34359738368,34359738368,0,0,300175360,2147483648,1847308288,86.0219955444336,running,0,0,0,0,9255295,right,pdu,93.343,88.863,217541.01033264,0.407,6.8,217541.01033264,1.631,0.997,-0.624,2653.24
2025-09-05 15:03:56,quickpizza,quickpizza-8b95978b5-jgvvs,quickpizza,neuronet-k8s-w2,flux,r4,Neuronet-ClusterTest,260939892000,2074341556,22223196160,33104523264,32600064,0,1287235,110931968,116445184,116420608,22223196160,33104523264,32768,quickpizza/quickpizza-8b95978b5-jgvvs,quickpizza,quickpizza-8b95978b5-jgvvs,quickpizza,flux,Neuronet-ClusterTest,18114.105,118661450.0,flux,flux-node3,flux-node3.av.it.pt,185,neuronet-lb,0.012210295646785,34359738368,34359738368,0,0,299958272,2147483648,1847525376,86.0321044921875,running,0,0,0,0,9255354,right,pdu,66.885,67.287,164970.00783565,0.293,10.7,164970.00783565,1.579,0.991,-6.257,3847.76
2025-09-05 15:04:56,quickpizza,quickpizza-8b95978b5-jgvvs,quickpizza,neuronet-k8s-w2,flux,r4,Neuronet-ClusterTest,383793540000,2130215991,22220423168,33104523264,34840576,0,1856279,100528128,106659840,106635264,22220423168,33104523264,32768,quickpizza/quickpizza-8b95978b5-jgvvs,quickpizza,quickpizza-8b95978b5-jgvvs,quickpizza,flux,Neuronet-ClusterTest,25534.128,123667050.0,flux,flux-node1,flux-node1.av.it.pt,188,neuronet-m2,0.339237080650842,64424509440,64424509440,0,0,463302656,4294967296,3831664640,89.21289443969727,running,0,0,0,0,9762024,left,pdu,101.24,102.77,209004.00992716,0.442,7.8,209004.00992716,1.534,0.996,-4.798,2447.59
2025-09-05 15:05:56,quickpizza,quickpizza-8b95978b5-jgvvs,quickpizza,neuronet-k8s-w2,flux,r4,Neuronet-ClusterTest,481374962000,1735193737,22221295616,33104523264,33148928,0,2438476,73728000,78909440,78884864,22221295616,33104523264,32768,quickpizza/quickpizza-8b95978b5-jgvvs,quickpizza,quickpizza-8b95978b5-jgvvs,quickpizza,flux,Neuronet-ClusterTest,32428.215,113017819.67213114,flux,flux-node1,flux-node1.av.it.pt,302,neuronet-k8s-m3,0.282420940998232,34359738368,34359738368,0,0,518148096,4294967296,3776819200,87.9359245300293,running,0,0,0,0,5504206,left,pdu,71.835,77.393,178504.00847849,0.317,14.6,178504.00847849,1.698,0.984,-8.996,3479.34
2025-09-05 15:06:56,quickpizza,quickpizza-8b95978b5-jgvvs,quickpizza,neuronet-k8s-w2,flux,r4,Neuronet-ClusterTest,552120837000,832896615,22218788864,33104523264,35127296,0,3232554,54505472,57774080,57749504,22218788864,33104523264,32768,quickpizza/quickpizza-8b95978b5-jgvvs,quickpizza,quickpizza-8b95978b5-jgvvs,quickpizza,flux,Neuronet-ClusterTest,36359.895,66638644.06779655,flux,flux-node3,flux-node3.av.it.pt,311,neuronet-5g-core,0.1443893595666,85899345920,85899345920,0,0,8888528896,17179869184,8291340288,48.26195240020752,running,0,0,0,0,1211304,left,pdu,94.123,92.425,209008.00992735,0.412,9.6,209008.00992735,1.639,0.994,-4.734,759.89
2025-09-05 15:07:56,quickpizza,quickpizza-8b95978b5-jgvvs,quickpizza,neuronet-k8s-w2,flux,r4,Neuronet-ClusterTest,587502488000,1269888923,22216474624,33104523264,36995072,0,3732708,57114624,60743680,60719104,22216474624,33104523264,32768,quickpizza/quickpizza-8b95978b5-jgvvs,quickpizza,quickpizza-8b95978b5-jgvvs,quickpizza,flux,Neuronet-ClusterTest,41125.185,79421500.00000001,flux,flux-node1,flux-node1.av.it.pt,300,neuronet-k8s-m1,0.283744094670659,34359738368,34359738368,0,0,698347520,4294967296,3596619776,83.74032974243164,running,0,0,0,0,5504520,right,pdu,71.616,67.156,164975.00783589,0.314,13.4,164975.00783589,1.58,0.991,-6.19,2383.01
2025-09-05 15:08:56,quickpizza,quickpizza-8b95978b5-jgvvs,quickpizza,neuronet-k8s-w2,flux,r4,Neuronet-ClusterTest,698804339000,1831143774,22221438976,33104523264,33411072,0,4748700,79147008,84000768,83976192,22221438976,33104523264,32768,quickpizza/quickpizza-8b95978b5-jgvvs,quickpizza,quickpizza-8b95978b5-jgvvs,quickpizza,flux,Neuronet-ClusterTest,48008.109,114715400.0,flux,flux-node3,flux-node3.av.it.pt,306,neuronet-k8s-lb,0.0144548533965362,34359738368,34359738368,0,0,397987840,2147483648,1749495808,81.46724700927734,running,0,0,0,0,5084378,left,pdu,64.325,68.977,146638.00696493,0.286,15.9,146638.00696493,1.679,0.987,-7.35,1670.96
2025-09-05 15:09:56,quickpizza,quickpizza-8b95978b5-jgvvs,quickpizza,neuronet-k8s-w2,flux,r4,Neuronet-ClusterTest,833610387000,1928651385,22221586432,33104523264,32608256,0,5605491,95936512,101658624,101634048,22221586432,33104523264,32768,quickpizza/quickpizza-8b95978b5-jgvvs,quickpizza,quickpizza-8b95978b5-jgvvs,quickpizza,flux,Neuronet-ClusterTest,55124.49,116661983.6065574,flux,flux-node3,flux-node3.av.it.pt,185,neuronet-lb,0.0108272297504231,34359738368,34359738368,0,0,298930176,2147483648,1848553472,86.0799789428711,running,0,0,0,0,9255715,left,pdu,60.338,61.411,146639.00696498,0.267,15.6,146639.00696498,1.653,0.982,-7.462,2936.07
2025-09-05 15:10:56,quickpizza,quickpizza-8b95978b5-jgvvs,quickpizza,neuronet-k8s-w2,flux,r4,Neuronet-ClusterTest,925696312000,1621964361,22223601664,33104523264,29368320,0,6295263,66433024,71147520,71122944,22223601664,33104523264,32768,quickpizza/quickpizza-8b95978b5-jgvvs,quickpizza,quickpizza-8b95978b5-jgvvs,quickpizza,flux,Neuronet-ClusterTest,61912.938,115058440.67796618,flux,flux-node5,flux-node5.av.it.pt,303,neuronet-k8s-w1,0.171174420179072,34359738368,34359738368,0,0,666013696,4294967296,3628953600,84.49316024780273,running,0,0,0,0,5462312,left,pdu,72.829,73.688,178509.00847872,0.32,13.4,178509.00847872,1.672,0.988,-7.645,4142.5
2025-09-05 15:11:56,quickpizza,quickpizza-8b95978b5-jgvvs,quickpizza,neuronet-k8s-w2,flux,r4,Neuronet-ClusterTest,996132493000,871039246,22220533760,33104523264,31338496,0,7183112,55799808,58994688,58970112,22220533760,33104523264,32768,quickpizza/quickpizza-8b95978b5-jgvvs,quickpizza,quickpizza-8b95978b5-jgvvs,quickpizza,flux,Neuronet-ClusterTest,66065.991,69217549.99999988,flux,flux-node1,flux-node1.av.it.pt,300,neuronet-k8s-m1,0.29525348384482,34359738368,34359738368,0,0,684879872,4294967296,3610087424,84.05389785766602,running,0,0,0,0,5504759,right,pdu,92.198,94.544,217556.01033336,0.401,7.6,217556.01033336,1.555,0.997,-1.109,752.46
2025-09-05 15:12:56,quickpizza,quickpizza-8b95978b5-jgvvs,quickpizza,neuronet-k8s-w2,flux,r4,Neuronet-ClusterTest,1044899985000,1405447518,22218719232,33104523264,33300480,0,7874673,63979520,68108288,68083712,22218719232,33104523264,32768,quickpizza/quickpizza-8b95978b5-jgvvs,quickpizza,quickpizza-8b95978b5-jgvvs,quickpizza,flux,Neuronet-ClusterTest,71007.522,82358850.00000004,flux,flux-node1,flux-node1.av.it.pt,302,neuronet-k8s-m3,0.275716102487883,34359738368,34359738368,0,0,506019840,4294967296,3788947456,88.21830749511719,running,0,0,0,0,5504625,right,pdu,95.681,102.13,217557.0103334,0.416,5.6,217557.0103334,1.583,0.997,-0.465,3904.43
2025-09-05 15:13:56,quickpizza,quickpizza-8b95978b5-jgvvs,quickpizza,neuronet-k8s-w2,flux,r4,Neuronet-ClusterTest,55342081000,2190777862,22222729216,33104523264,29962240,0,112027,86298624,91246592,91226112,22222729216,33104523264,32768,quickpizza/quickpizza-8b95978b5-jgvvs,,,,,,,,flux,flux-node5,flux-node5.av.it.pt,181,neuronet-m3,0.364648778293191,64424509440,64424509440,0,0,691941376,4294967296,3603025920,83.88948440551758,running,0,0,0,0,9762675,right,pdu,88.012,95.164,217559.0103335,0.384,7.5,217559.0103335,1.563,0.997,-0.846,4998.36
2025-09-05 15:14:56,quickpizza,quickpizza-8b95978b5-jgvvs,quickpizza,neuronet-k8s-w2,flux,r4,Neuronet-ClusterTest,204614305000,2387773806,22216151040,33104523264,35868672,0,263452,141045760,148221952,148201472,22216151040,33104523264,32768,quickpizza/quickpizza-8b95978b5-jgvvs,quickpizza,quickpizza-8b95978b5-jgvvs,quickpizza,flux,Neuronet-ClusterTest,12736.38,129161449.99999996,flux,flux-node3,flux-node3.av.it.pt,185,neuronet-lb,0.0119243160801671,34359738368,34359738368,0,0,299245568,2147483648,1848238080,86.06529235839844,running,0,0,0,0,9256015,right,pdu,46.093,47.357,119220.00566265,0.205,17.7,119220.00566265,1.689,0.973,-8.476,3694.8
2025-09-05 15:15:56,quickpizza,quickpizza-8b95978b5-jgvvs,quickpizza,neuronet-k8s-w2,flux,r4,Neuronet-ClusterTest,339689321000,1901314221,22213140480,33104523264,37494784,0,654158,84881408,90087424,90066944,22213140480,33104523264,32768,quickpizza/quickpizza-8b95978b5-jgvvs,quickpizza,quickpizza-8b95978b5-jgvvs,quickpizza,flux,Neuronet-ClusterTest,20059.143,122046050.0,flux,flux-node1,flux-node1.av.it.pt,188,neuronet-m2,0.35979738214686,64424509440,64424509440,0,0,392290304,4294967296,3902676992,90.86627960205078,running,0,0,0,0,9762684,left,pdu,77.055,83.102,178515.00847901,0.339,11.2,178516.00847906,1.731,0.988,-7.736,2493.27
2025-09-05 15:16:56,quickpizza,quickpizza-8b95978b5-jgvvs,quickpizza,neuronet-k8s-w2,flux,r4,Neuronet-ClusterTest,399485214000,120464328,22210240512,33104523264,39460864,0,1209105,58290176,61566976,61546496,22210240512,33104523264,32768,quickpizza/quickpizza-8b95978b5-jgvvs,quickpizza,quickpizza-8b95978b5-jgvvs,quickpizza,flux,Neuronet-ClusterTest,23587.767,58810399.99999999,flux,flux-node3,flux-node3.av.it.pt,185,neuronet-lb,0.0132389609403274,34359738368,34359738368,0,0,298700800,2147483648,1848782848,86.09066009521484,running,0,0,0,0,9256135,right,pdu,88.453,87.61,217563.01033369,0.385,9.6,217563.01033369,1.632,0.997,-0.862,758.91
2025-09-05 15:17:56,quickpizza,quickpizza-8b95978b5-jgvvs,quickpizza,neuronet-k8s-w2,flux,r4,Neuronet-ClusterTest,453047670000,1579129025,22208258048,33104523264,41447424,0,1752017,68677632,72798208,72777728,22208258048,33104523264,32768,quickpizza/quickpizza-8b95978b5-jgvvs,quickpizza,quickpizza-8b95978b5-jgvvs,quickpizza,flux,Neuronet-ClusterTest,28071.588,74730350.0,flux,flux-node5,flux-node5.av.it.pt,305,neuronet-k8s-w3,0.363191440966141,34359738368,34359738368,0,0,1728532480,4294967296,2566434816,59.75446701049805,running,0,0,0,0,5462570,left,pdu,85.515,90.107,182639.00867489,0.374,10.7,182639.00867489,1.621,0.993,-2.822,2890.96
2025-09-05 15:18:56,quickpizza,quickpizza-8b95978b5-jgvvs,quickpizza,neuronet-k8s-w2,flux,r4,Neuronet-ClusterTest,559048447000,1999543684,22210211840,33104523264,39378944,0,2468640,96878592,102555648,102535168,22210211840,33104523264,32768,quickpizza/quickpizza-8b95978b5-jgvvs,quickpizza,quickpizza-8b95978b5-jgvvs,quickpizza,flux,Neuronet-ClusterTest,35090.586,116983300.00000006,flux,flux-node3,flux-node3.av.it.pt,185,neuronet-lb,0.0129200585549186,34359738368,34359738368,0,0,298180608,2147483648,1849303040,86.11488342285156,running,0,0,0,0,9256255,right,pdu,93.638,89.551,217566.01033383,0.408,6.7,217566.01033383,1.556,0.997,-0.767,2125.17
2025-09-05 15:19:56,quickpizza,quickpizza-8b95978b5-jgvvs,quickpizza,neuronet-k8s-w2,flux,r4,Neuronet-ClusterTest,679997186000,1984721921,22209523712,33104523264,39415808,0,3097120,79347712,84856832,84836352,22209523712,33104523264,32768,quickpizza/quickpizza-8b95978b5-jgvvs,quickpizza,quickpizza-8b95978b5-jgvvs,quickpizza,flux,Neuronet-ClusterTest,42394.854,123801152.54237282,flux,flux-node5,flux-node5.av.it.pt,305,neuronet-k8s-w3,0.43152412620447,34359738368,34359738368,0,0,1728307200,4294967296,2566660096,59.75971221923828,running,0,0,0,0,5462690,left,pdu,81.353,85.551,182641.00867498,0.355,10.9,182641.00867498,1.622,0.992,-3.522,3298.78
2025-09-05 15:20:56,quickpizza,quickpizza-8b95978b5-jgvvs,quickpizza,neuronet-k8s-w2,flux,r4,Neuronet-ClusterTest,784955422000,1680492604,22200733696,33104523264,47489024,0,3906035,72695808,77762560,77742080,22200733696,33104523264,32768,quickpizza/quickpizza-8b95978b5-jgvvs,quickpizza,quickpizza-8b95978b5-jgvvs,quickpizza,flux,Neuronet-ClusterTest,49252.782,114298800.0,flux,flux-node3,flux-node3.av.it.pt,185,neuronet-lb,0.0064650769340801,34359738368,34359738368,0,0,296316928,2147483648,1851166720,86.20166778564453,running,0,0,0,0,9256375,right,pdu,71.167,71.692,164990.0078366,0.311,11.1,164990.0078366,1.601,0.992,-6.205,1361.85
2025-09-05 15:21:56,quickpizza,quickpizza-8b95978b5-jgvvs,quickpizza,neuronet-k8s-w2,flux,r4,Neuronet-ClusterTest,849899368000,607606404,22210342912,33104523264,37326848,0,4727091,57933824,61890560,61870080,22210342912,33104523264,32768,quickpizza/quickpizza-8b95978b5-jgvvs,quickpizza,quickpizza-8b95978b5-jgvvs,quickpizza,flux,Neuronet-ClusterTest,53339.106,68105400.0,flux,flux-node5,flux-node5.av.it.pt,305,neuronet-k8s-w3,0.129912735313751,34359738368,34359738368,0,0,1717153792,4294967296,2577813504,60.0193977355957,running,0,0,0,0,5462810,left,pdu,66.595,72.137,178523.00847939,0.293,17.1,178523.00847939,1.608,0.988,-7.839,756.84
2025-09-05 15:22:56,quickpizza,quickpizza-8b95978b5-jgvvs,quickpizza,neuronet-k8s-w2,flux,r4,Neuronet-ClusterTest,900351976000,1471071130,22208118784,33104523264,39215104,0,5420297,66527232,70385664,70365184,22208118784,33104523264,32768,quickpizza/quickpizza-8b95978b5-jgvvs,quickpizza,quickpizza-8b95978b5-jgvvs,quickpizza,flux,Neuronet-ClusterTest,58171.251,80535749.99999996,flux,flux-node3,flux-node3.av.it.pt,185,neuronet-lb,0.0134130341131857,34359738368,34359738368,0,0,296292352,2147483648,1851191296,86.20281219482422,running,0,0,0,0,9256495,right,pdu,90.986,91.407,217573.01033416,0.396,6.6,217573.01033416,1.553,0.997,-0.902,4614.34
2025-09-05 15:23:56,quickpizza,quickpizza-8b95978b5-jgvvs,quickpizza,neuronet-k8s-w2,flux,r4,Neuronet-ClusterTest,1005805219000,1869234203,22211067904,33104523264,35897344,0,6291701,97304576,103047168,103026688,22211067904,33104523264,32768,quickpizza/quickpizza-8b95978b5-jgvvs,quickpizza,quickpizza-8b95978b5-jgvvs,quickpizza,flux,Neuronet-ClusterTest,65068.722,114957850.00000007,flux,flux-node1,flux-node1.av.it.pt,302,neuronet-k8s-m3,0.270614126057612,34359738368,34359738368,0,0,490741760,4294967296,3804225536,88.57402801513672,running,0,0,0,0,5505284,right,pdu,90.843,95.184,217574.01033421,0.396,8.1,217574.01033421,1.644,0.997,-0.659,1588.15
2025-09-05 15:24:56,quickpizza,quickpizza-8b95978b5-jgvvs,quickpizza,neuronet-k8s-w2,flux,r4,Neuronet-ClusterTest,1113489489000,1896900417,22202216448,33104523264,46047232,0,7030878,86159360,90959872,90939392,22202216448,33104523264,32768,quickpizza/quickpizza-8b95978b5-jgvvs,quickpizza,quickpizza-8b95978b5-jgvvs,quickpizza,flux,Neuronet-ClusterTest,72171.351,118377149.99999988,flux,flux-node1,flux-node1.av.it.pt,301,neuronet-k8s-m2,0.289422809130147,34359738368,34359738368,0,0,474456064,4294967296,3820511232,88.95320892333984,running,0,0,0,0,5505366,right,pdu,94.337,94.584,217576.01033431,0.411,8.4,217576.01033431,1.619,0.997,-0.822,5193.56
2025-09-05 15:25:56,quickpizza,quickpizza-8b95978b5-jgvvs,quickpizza,neuronet-k8s-w2,flux,r4,Neuronet-ClusterTest,1220161788000,1683088011,22204256256,33104523264,42905600,0,7841202,71065600,75804672,75784192,22204256256,33104523264,32768,quickpizza/quickpizza-8b95978b5-jgvvs,quickpizza,quickpizza-8b95978b5-jgvvs,quickpizza,flux,Neuronet-ClusterTest,78930.732,112656350.00000016,flux,flux-node5,flux-node5.av.it.pt,305,neuronet-k8s-w3,0.344733715181171,34359738368,34359738368,0,0,1667969024,4294967296,2626998272,61.16456985473633,running,0,0,0,0,5463051,right,pdu,102.91,97.677,217577.01033435,0.448,8.1,217577.01033435,1.557,0.997,-0.071,4411.97
2025-09-05 15:26:56,quickpizza,quickpizza-8b95978b5-jgvvs,quickpizza,neuronet-k8s-w2,flux,r4,Neuronet-ClusterTest,1293033370000,430617517,22201184256,33104523264,44834816,0,8822815,59330560,62550016,62529536,22201184256,33104523264,32768,quickpizza/quickpizza-8b95978b5-jgvvs,quickpizza,quickpizza-8b95978b5-jgvvs,quickpizza,flux,Neuronet-ClusterTest,83126.853,69935349.99999999,flux,flux-node1,flux-node1.av.it.pt,188,neuronet-m2,0.346406419539938,64424509440,64424509440,0,0,443400192,4294967296,3851567104,89.67628479003906,running,0,0,0,0,9763344,right,pdu,63.948,64.79,129989.00617415,0.281,12.0,129989.00617415,1.653,0.986,-7.335,971.34
2025-09-05 15:27:56,quickpizza,quickpizza-8b95978b5-jgvvs,quickpizza,neuronet-k8s-w2,flux,r4,Neuronet-ClusterTest,1349786932000,1489521660,22199595008,33104523264,34811904,0,9600630,67727360,71675904,71655424,22199595008,33104523264,32768,quickpizza/quickpizza-8b95978b5-jgvvs,quickpizza,quickpizza-8b95978b5-jgvvs,quickpizza,flux,Neuronet-ClusterTest,88057.266,0.0,flux,flux-node4,flux-node4.av.it.pt,179,neuronet-m1,0.416352924506776,64424509440,64424509440,0,0,538337280,4294967296,3756630016,87.46585845947266,running,0,0,0,0,8806378,right,pdu,97.033,98.973,217580.0103345,0.422,11.0,217580.0103345,1.595,0.997,-0.433,3289.97
2025-09-05 15:28:56,quickpizza,quickpizza-8b95978b5-jgvvs,quickpizza,neuronet-k8s-w2,flux,r4,Neuronet-ClusterTest,1443291122000,1795762028,22204116992,33104523264,42373120,0,10425709,87420928,92131328,92110848,22204116992,33104523264,32768,quickpizza/quickpizza-8b95978b5-jgvvs,quickpizza,quickpizza-8b95978b5-jgvvs,quickpizza,flux,Neuronet-ClusterTest,94879.47,113703399.99999996,flux,flux-node5,flux-node5.av.it.pt,305,neuronet-k8s-w3,0.406614758832666,34359738368,34359738368,0,0,1687404544,4294967296,2607562752,60.71205139160156,running,0,0,0,0,5463230,right,pdu,88.235,93.53,217582.01033459,0.384,8.3,217582.01033459,1.624,0.997,-0.942,4099.05
2025-09-05 15:29:56,quickpizza,quickpizza-8b95978b5-jgvvs,quickpizza,neuronet-k8s-w2,flux,r4,Neuronet-ClusterTest,1560422316000,1903375454,22204420096,33104523264,41570304,0,11296765,90615808,95612928,95592448,22204420096,33104523264,32768,quickpizza/quickpizza-8b95978b5-jgvvs,quickpizza,quickpizza-8b95978b5-jgvvs,quickpizza,flux,Neuronet-ClusterTest,101936.967,0.0,flux,flux-node3,flux-node3.av.it.pt,306,neuronet-k8s-lb,0.0144333144117263,34359738368,34359738368,0,0,396607488,2147483648,1750876160,81.53152465820312,running,0,0,0,0,5085638,right,pdu,93.228,89.093,217583.01033464,0.406,6.9,217583.01033464,1.604,0.997,-0.62,2734.5
2025-09-05 15:30:56,quickpizza,quickpizza-8b95978b5-jgvvs,quickpizza,neuronet-k8s-w2,flux,r4,Neuronet-ClusterTest,1658398178000,1656084099,22206459904,33104523264,38629376,0,12054962,79405056,84250624,84230144,22206459904,33104523264,32768,quickpizza/quickpizza-8b95978b5-jgvvs,quickpizza,quickpizza-8b95978b5-jgvvs,quickpizza,flux,Neuronet-ClusterTest,108658.929,112032700.0,flux,flux-node1,flux-node1.av.it.pt,302,neuronet-k8s-m3,0.286721959159812,34359738368,34359738368,0,0,514056192,4294967296,3780911104,88.03119659423828,running,0,0,0,0,5505704,right,pdu,90.886,94.158,217585.01033473,0.396,7.1,217585.01033473,1.591,0.997,-0.652,2613.52
2025-09-05 15:31:56,quickpizza,quickpizza-8b95978b5-jgvvs,quickpizza,neuronet-k8s-w2,flux,r4,Neuronet-ClusterTest,1733064475000,704030488,22203682816,33104523264,40534016,0,13078905,61251584,64536576,64516096,22203682816,33104523264,32768,quickpizza/quickpizza-8b95978b5-jgvvs,quickpizza,quickpizza-8b95978b5-jgvvs,quickpizza,flux,Neuronet-ClusterTest,112845.684,69779249.99999984,flux,flux-node3,flux-node3.av.it.pt,311,neuronet-5g-core,0.145513530475099,85899345920,85899345920,0,0,8903880704,17179869184,8275988480,48.172593116760254,running,0,0,0,0,1212804,right,pdu,72.054,68.516,165003.00783722,0.315,9.4,165003.00783722,1.588,0.989,-6.404,980.75
2025-09-05 15:32:56,quickpizza,quickpizza-8b95978b5-jgvvs,quickpizza,neuronet-k8s-w2,flux,r4,Neuronet-ClusterTest,1786027863000,1470061247,22201741312,33104523264,42500096,0,13852062,69111808,72929280,72908800,22201741312,33104523264,32768,quickpizza/quickpizza-8b95978b5-jgvvs,quickpizza,quickpizza-8b95978b5-jgvvs,quickpizza,flux,Neuronet-ClusterTest,117869.766,83734700.00000016,flux,flux-node3,flux-node3.av.it.pt,306,neuronet-k8s-lb,0.0156701263815106,34359738368,34359738368,0,0,396365824,2147483648,1751117824,81.54277801513672,running,0,0,0,0,5085818,left,pdu,72.432,69.104,178536.00848,0.32,13.9,178536.00848,1.684,0.982,-7.907,2686.37
2025-09-05 15:33:56,quickpizza,quickpizza-8b95978b5-jgvvs,quickpizza,neuronet-k8s-w2,flux,r4,Neuronet-ClusterTest,1878006216000,1779466825,22205509632,33104523264,38514688,0,14711885,87941120,93470720,93450240,22205509632,33104523264,32768,quickpizza/quickpizza-8b95978b5-jgvvs,quickpizza,quickpizza-8b95978b5-jgvvs,quickpizza,flux,Neuronet-ClusterTest,124634.592,112747100.0,flux,flux-node4,flux-node4.av.it.pt,179,neuronet-m1,0.314344155987592,64424509440,64424509440,0,0,555737088,4294967296,3739230208,87.06073760986328,running,0,0,0,0,8806739,left,pdu,73.839,70.181,178537.00848005,0.335,13.0,178537.00848005,1.692,0.974,-8.134,2678.51
2025-09-05 15:34:56,quickpizza,quickpizza-8b95978b5-jgvvs,quickpizza,neuronet-k8s-w2,flux,r4,Neuronet-ClusterTest,1988007584000,1913504730,22206443520,33104523264,37019648,0,15521211,96305152,101765120,101744640,22206443520,33104523264,32768,quickpizza/quickpizza-8b95978b5-jgvvs,quickpizza,quickpizza-8b95978b5-jgvvs,quickpizza,flux,Neuronet-ClusterTest,131628.342,116562500.0,flux,flux-node1,flux-node1.av.it.pt,302,neuronet-k8s-m3,0.28059379724532,34359738368,34359738368,0,0,491753472,4294967296,3803213824,88.55047225952148,running,0,0,0,0,5505944,right,pdu,53.118,60.894,119237.00566345,0.236,16.6,119237.00566345,1.667,0.981,-7.366,1558.33
2025-09-05 15:35:56,quickpizza,quickpizza-8b95978b5-jgvvs,quickpizza,neuronet-k8s-w2,flux,r4,Neuronet-ClusterTest,2110627362000,1578550739,22197870592,33104523264,44920832,0,16491271,72609792,76931072,76910592,22197870592,33104523264,32768,quickpizza/quickpizza-8b95978b5-jgvvs,quickpizza,quickpizza-8b95978b5-jgvvs,quickpizza,flux,Neuronet-ClusterTest,138440.634,113538199.99999978,flux,flux-node1,flux-node1.av.it.pt,301,neuronet-k8s-m2,0.331074839262755,34359738368,34359738368,0,0,471019520,4294967296,3823947776,89.03322219848633,running,0,0,0,0,5506026,right,pdu,67.553,68.877,165007.00783741,0.296,10.0,165007.00783741,1.622,0.989,-6.225,2723.54
2025-09-05 15:36:56,quickpizza,quickpizza-8b95978b5-jgvvs,quickpizza,neuronet-k8s-w2,flux,r4,Neuronet-ClusterTest,2172165402000,818874411,22206767104,33104523264,35352576,0,17282169,63778816,67239936,67219456,22206767104,33104523264,32768,quickpizza/quickpizza-8b95978b5-jgvvs,quickpizza,quickpizza-8b95978b5-jgvvs,quickpizza,flux,Neuronet-ClusterTest,142648.215,0.0,flux,flux-node5,flux-node5.av.it.pt,304,neuronet-k8s-w2,0.0560668505045821,34359738368,34359738368,0,0,553594880,4294967296,3741372416,87.11061477661133,running,0,0,0,0,5463728,right,pdu,46.506,47.639,119239.00566355,0.207,14.6,119239.00566355,1.65,0.976,-7.887,981.92
2025-09-05 15:37:56,quickpizza,quickpizza-8b95978b5-jgvvs,quickpizza,neuronet-k8s-w2,flux,r4,Neuronet-ClusterTest,2234550948000,1484019465,22204530688,33104523264,37249024,0,18079141,70938624,74924032,74903552,22204530688,33104523264,32768,quickpizza/quickpizza-8b95978b5-jgvvs,quickpizza,quickpizza-8b95978b5-jgvvs,quickpizza,flux,Neuronet-ClusterTest,147655.152,83448950.00000009,flux,flux-node5,flux-node5.av.it.pt,181,neuronet-m3,0.0,64424509440,64424509440,0,0,652599296,4294967296,3642368000,84.80548858642578,running,0,0,0,0,9764113,left,pdu,68.5,67.76,178542.00848029,0.304,17.7,178542.00848029,1.686,0.979,-7.863,5477.33
2025-09-05 15:38:56,quickpizza,quickpizza-8b95978b5-jgvvs,quickpizza,neuronet-k8s-w2,flux,r4,Neuronet-ClusterTest,2329546599000,1801023717,22196682752,33104523264,44670976,0,18884016,86179840,91062272,91041792,22196682752,33104523264,32768,quickpizza/quickpizza-8b95978b5-jgvvs,quickpizza,quickpizza-8b95978b5-jgvvs,quickpizza,flux,Neuronet-ClusterTest,154499.364,114070200.0,flux,flux-node5,flux-node5.av.it.pt,181,neuronet-m3,0.376106080274285,64424509440,64424509440,0,0,647589888,4294967296,3647377408,84.92212295532227,running,0,0,0,0,9764173,left,pdu,63.136,64.071,146669.0069664,0.278,13.5,146669.0069664,1.694,0.984,-7.565,2715.95
2025-09-05 15:39:56,quickpizza,quickpizza-8b95978b5-jgvvs,quickpizza,neuronet-k8s-w2,flux,r4,Neuronet-ClusterTest,2445419156000,1852142306,22197137408,33104523264,43769856,0,19706425,90804224,95768576,95748096,22197137408,33104523264,32768,quickpizza/quickpizza-8b95978b5-jgvvs,quickpizza,quickpizza-8b95978b5-jgvvs,quickpizza,flux,Neuronet-ClusterTest,161519.055,116994849.99999984,flux,flux-node3,flux-node3.av.it.pt,185,neuronet-lb,0.0117208559310187,34359738368,34359738368,0,0,297639936,2147483648,1849843712,86.14006042480469,running,0,0,0,0,9257515,left,pdu,68.027,69.295,146670.00696645,0.301,16.5,146670.00696645,1.709,0.973,-7.45,2423.25
2025-09-05 15:40:56,quickpizza,quickpizza-8b95978b5-jgvvs,quickpizza,neuronet-k8s-w2,flux,r4,Neuronet-ClusterTest,39461230000,2202270391,22210961408,33104523264,30457856,0,45037,52109312,55078912,55058432,22210961408,33104523264,32768,quickpizza/quickpizza-8b95978b5-jgvvs,quickpizza,quickpizza-8b95978b5-jgvvs,quickpizza,flux,Neuronet-ClusterTest,163512.804,0.0,flux,flux-node5,flux-node5.av.it.pt,304,neuronet-k8s-w2,0.563565637838282,34359738368,34359738368,0,0,576512000,4294967296,3718455296,86.57703399658203,running,0,0,0,0,5463968,right,pdu,66.945,67.895,165013.0078377,0.294,10.0,165013.0078377,1.649,0.986,-6.265,759.86
2025-09-05 15:41:56,quickpizza,quickpizza-8b95978b5-jgvvs,quickpizza,neuronet-k8s-w2,flux,r4,Neuronet-ClusterTest,88621144000,142495495,22207873024,33104523264,32165888,0,199162,52514816,54804480,54784000,22207873024,33104523264,32768,quickpizza/quickpizza-8b95978b5-jgvvs,quickpizza,quickpizza-8b95978b5-jgvvs,quickpizza,flux,Neuronet-ClusterTest,163512.804,0.0,flux,flux-node3,flux-node3.av.it.pt,306,neuronet-k8s-lb,0.0129538346933771,34359738368,34359738368,0,0,396107776,2147483648,1751375872,81.55479431152344,running,0,0,0,0,5086358,right,pdu,69.434,70.05,165014.00783774,0.304,10.9,165014.00783774,1.619,0.989,-6.44,759.28
2025-09-05 15:42:56,quickpizza,quickpizza-8b95978b5-jgvvs,quickpizza,neuronet-k8s-w2,flux,r4,Neuronet-ClusterTest,107968719000,855519800,22206263296,33104523264,34111488,0,295721,51757056,54345728,54325248,22206263296,33104523264,32768,quickpizza/quickpizza-8b95978b5-jgvvs,quickpizza,quickpizza-8b95978b5-jgvvs,quickpizza,flux,Neuronet-ClusterTest,163512.804,0.0,flux,flux-node4,flux-node4.av.it.pt,182,neuronet-w1,0.176485490782982,64424509440,64424509440,0,0,27697053696,34359738368,6662684672,19.39096450805664,running,0,0,0,0,5462101,left,pdu,65.092,63.57,146673.00696659,0.287,14.2,146673.00696659,1.608,0.985,-7.418,2180.98
2025-09-05 15:43:56,quickpizza,quickpizza-8b95978b5-jgvvs,quickpizza,neuronet-k8s-w2,flux,r4,Neuronet-ClusterTest,235312268000,2297871485,22196760576,33104523264,44568576,0,1039306,134004736,140460032,140439552,22196760576,33104523264,32768,quickpizza/quickpizza-8b95978b5-jgvvs,quickpizza,quickpizza-8b95978b5-jgvvs,quickpizza,flux,Neuronet-ClusterTest,163512.804,0.0,flux,flux-node4,flux-node4.av.it.pt,179,neuronet-m1,0.38580957968183,64424509440,64424509440,0,0,572473344,4294967296,3722493952,86.67106628417969,running,0,0,0,0,8807338,right,pdu,89.92,90.191,217605.01033568,0.392,8.1,217605.01033568,1.561,0.997,-0.985,3452.31
2025-09-05 15:45:56,quickpizza,quickpizza-8b95978b5-jgvvs,quickpizza,neuronet-k8s-w2,flux,r4,Neuronet-ClusterTest,54312655000,1863771303,22210707456,33104523264,28454912,0,162206,44998656,47648768,47640576,22210707456,33104523264,32768,quickpizza/quickpizza-8b95978b5-jgvvs,quickpizza,quickpizza-8b95978b5-jgvvs,quickpizza,flux,Neuronet-ClusterTest,163512.804,0.0,flux,flux-node1,flux-node1.av.it.pt,302,neuronet-k8s-m3,0.285019689601217,34359738368,34359738368,0,0,516632576,4294967296,3778334720,87.97121047973633,running,0,0,0,0,5506604,left,pdu,67.307,68.138,178552.00848076,0.295,16.2,178552.00848076,1.741,0.983,-7.672,1840.41
2025-09-05 15:46:56,quickpizza,quickpizza-8b95978b5-jgvvs,quickpizza,neuronet-k8s-w2,flux,r4,Neuronet-ClusterTest,111995743000,174518476,22207762432,33104523264,30261248,0,604168,38477824,40747008,40738816,22207762432,33104523264,32768,quickpizza/quickpizza-8b95978b5-jgvvs,quickpizza,quickpizza-8b95978b5-jgvvs,quickpizza,flux,Neuronet-ClusterTest,163512.804,0.0,flux,flux-node5,flux-node5.av.it.pt,303,neuronet-k8s-w1,0.159379156434319,34359738368,34359738368,0,0,639451136,4294967296,3655516160,85.11161804199219,running,0,0,0,0,5464472,right,pdu,67.442,68.603,165020.00783803,0.296,13.2,165020.00783803,1.608,0.985,-6.233,760.76
2025-09-05 15:47:56,quickpizza,quickpizza-8b95978b5-jgvvs,quickpizza,neuronet-k8s-w2,flux,r4,Neuronet-ClusterTest,152089333000,1443681913,22205902848,33104523264,32206848,0,974671,46501888,49410048,49401856,22205902848,33104523264,32768,quickpizza/quickpizza-8b95978b5-jgvvs,quickpizza,quickpizza-8b95978b5-jgvvs,quickpizza,flux,Neuronet-ClusterTest,163512.804,0.0,flux,flux-node4,flux-node4.av.it.pt,182,neuronet-w1,0.186082382784442,64424509440,64424509440,0,0,27677126656,34359738368,6682611712,19.448959827423096,running,0,0,0,0,5462401,right,pdu,50.077,51.126,119248.00566398,0.183,20.1,119248.00566398,1.601,0.979,-7.903,2818.41
2025-09-05 15:48:56,quickpizza,quickpizza-8b95978b5-jgvvs,quickpizza,neuronet-k8s-w2,flux,r4,Neuronet-ClusterTest,257471785000,1879429091,22196871168,33104523264,41312256,0,1680872,74850304,79876096,79867904,22196871168,33104523264,32768,quickpizza/quickpizza-8b95978b5-jgvvs,quickpizza,quickpizza-8b95978b5-jgvvs,quickpizza,flux,Neuronet-ClusterTest,163512.804,0.0,flux,flux-node4,flux-node4.av.it.pt,179,neuronet-m1,0.393691476455953,64424509440,64424509440,0,0,547581952,4294967296,3747385344,87.25061416625977,running,0,0,0,0,8807638,right,pdu,58.739,59.845,119249.00566402,0.26,17.7,119249.00566402,1.619,0.972,-8.058,2543.75
2025-09-05 15:49:56,quickpizza,quickpizza-8b95978b5-jgvvs,quickpizza,neuronet-k8s-w2,flux,r4,Neuronet-ClusterTest,393496243000,1929202831,22194999296,33104523264,42704896,0,2412954,74473472,79118336,79110144,22194999296,33104523264,32768,quickpizza/quickpizza-8b95978b5-jgvvs,quickpizza,quickpizza-8b95978b5-jgvvs,quickpizza,flux,Neuronet-ClusterTest,163512.804,0.0,flux,flux-node1,flux-node1.av.it.pt,301,neuronet-k8s-m2,0.328347090764822,34359738368,34359738368,0,0,465973248,4294967296,3828994048,89.15071487426758,running,0,0,0,0,5506866,left,pdu,73.127,74.05,178557.008481,0.32,12.3,178557.008481,1.642,0.987,-7.784,1665.44
2025-09-05 15:50:56,quickpizza,quickpizza-8b95978b5-jgvvs,quickpizza,neuronet-k8s-w2,flux,r4,Neuronet-ClusterTest,493382490000,1701548430,22195720192,33104523264,41152512,0,3120310,72577024,77242368,77234176,22195720192,33104523264,32768,quickpizza/quickpizza-8b95978b5-jgvvs,quickpizza,quickpizza-8b95978b5-jgvvs,quickpizza,flux,Neuronet-ClusterTest,163512.804,0.0,flux,flux-node1,flux-node1.av.it.pt,300,neuronet-k8s-m1,0.299629677179954,34359738368,34359738368,0,0,684621824,4294967296,3610345472,84.05990600585938,running,0,0,0,0,5507100,left,pdu,59.336,63.653,146682.00696702,0.264,16.4,146682.00696702,1.803,0.974,-7.537,4560.46
2025-09-05 15:51:56,quickpizza,quickpizza-8b95978b5-jgvvs,quickpizza,neuronet-k8s-w2,flux,r4,Neuronet-ClusterTest,557028899000,366253924,22192971776,33104523264,43089920,0,3913070,49360896,52260864,52252672,22192971776,33104523264,32768,quickpizza/quickpizza-8b95978b5-jgvvs,quickpizza,quickpizza-8b95978b5-jgvvs,quickpizza,flux,Neuronet-ClusterTest,163512.804,0.0,flux,flux-node5,flux-node5.av.it.pt,304,neuronet-k8s-w2,0.178621689023753,34359738368,34359738368,0,0,568463360,4294967296,3726503936,86.76443099975586,running,0,0,0,0,5464627,right,pdu,65.661,67.951,165026.00783831,0.288,13.4,165026.00783831,1.621,0.988,-6.512,981.75
2025-09-05 15:52:56,quickpizza,quickpizza-8b95978b5-jgvvs,quickpizza,neuronet-k8s-w2,flux,r4,Neuronet-ClusterTest,613003126000,1468102574,22190833664,33104523264,45056000,0,4645516,65122304,69001216,68993024,22190833664,33104523264,32768,quickpizza/quickpizza-8b95978b5-jgvvs,quickpizza,quickpizza-8b95978b5-jgvvs,quickpizza,flux,Neuronet-ClusterTest,163512.804,0.0,flux,flux-node4,flux-node4.av.it.pt,179,neuronet-m1,0.388465323232096,64424509440,64424509440,0,0,534077440,4294967296,3760889856,87.5650405883789,running,0,0,0,0,8807879,left,pdu,87.308,83.325,182687.00867717,0.381,10.4,182687.00867717,1.649,0.993,-2.604,3489.02
2025-09-05 15:54:56,quickpizza,quickpizza-8b95978b5-jgvvs,quickpizza,neuronet-k8s-w2,flux,r4,Neuronet-ClusterTest,16587678000,859787914,22212415488,33104523264,22827008,0,34926,103493632,108056576,108056576,22212415488,33104523264,32768,quickpizza/quickpizza-8b95978b5-jgvvs,,,,,,,,flux,flux-node5,flux-node5.av.it.pt,183,neuronet-w2,0.411234745373318,64424509440,64424509440,0,0,1784401920,34359738368,32575336448,94.806706905365,running,0,0,0,0,9765105,left,pdu,68.607,65.888,178563.00848129,0.301,13.8,178563.00848129,1.607,0.987,-7.645,4781.33
2025-09-05 15:55:56,quickpizza,quickpizza-8b95978b5-jgvvs,quickpizza,neuronet-k8s-w2,flux,r4,Neuronet-ClusterTest,157746949000,1896564183,22199541760,33104523264,34926592,0,239974,69169152,74600448,74600448,22199541760,33104523264,32768,quickpizza/quickpizza-8b95978b5-jgvvs,quickpizza,quickpizza-8b95978b5-jgvvs,quickpizza,flux,Neuronet-ClusterTest,9851.889,123245150.0,flux,flux-node4,flux-node4.av.it.pt,182,neuronet-w1,0.133186749830138,64424509440,64424509440,0,0,27684626432,34359738368,6675111936,19.427132606506348,running,0,0,0,0,5462882,left,pdu,60.751,61.379,146687.00696726,0.268,16.3,146687.00696726,1.637,0.981,-7.16,2330.43
2025-09-05 15:56:56,quickpizza,quickpizza-8b95978b5-jgvvs,quickpizza,neuronet-k8s-w2,flux,r4,Neuronet-ClusterTest,213076894000,527987439,22197239808,33104523264,36765696,0,692780,55201792,59047936,59047936,22197239808,33104523264,32768,quickpizza/quickpizza-8b95978b5-jgvvs,quickpizza,quickpizza-8b95978b5-jgvvs,quickpizza,flux,Neuronet-ClusterTest,13121.637,54495800.00000002,flux,flux-node5,flux-node5.av.it.pt,303,neuronet-k8s-w1,0.165780983390716,34359738368,34359738368,0,0,615698432,4294967296,3679268864,85.66465377807617,running,0,0,0,0,5465071,left,pdu,81.234,82.001,182692.0086774,0.356,10.2,182692.0086774,1.648,0.99,-5.057,758.33
2025-09-05 15:57:56,quickpizza,quickpizza-8b95978b5-jgvvs,quickpizza,neuronet-k8s-w2,flux,r4,Neuronet-ClusterTest,252735909000,1338793620,22195720192,33104523264,38744064,0,1061691,58339328,61919232,61919232,22195720192,33104523264,32768,quickpizza/quickpizza-8b95978b5-jgvvs,quickpizza,quickpizza-8b95978b5-jgvvs,quickpizza,flux,Neuronet-ClusterTest,17465.745,72401799.99999997,flux,flux-node3,flux-node3.av.it.pt,306,neuronet-k8s-lb,0.0147966261426973,34359738368,34359738368,0,0,395448320,2147483648,1752035328,81.58550262451172,running,0,0,0,0,5087318,left,pdu,65.371,64.468,146689.00696735,0.293,17.3,146689.00696735,1.755,0.975,-7.454,3175.37
2025-09-05 15:58:56,quickpizza,quickpizza-8b95978b5-jgvvs,quickpizza,neuronet-k8s-w2,flux,r4,Neuronet-ClusterTest,357270846000,2139431813,22197760000,33104523264,37322752,0,1728157,114765824,120303616,120303616,22197760000,33104523264,32768,quickpizza/quickpizza-8b95978b5-jgvvs,quickpizza,quickpizza-8b95978b5-jgvvs,quickpizza,flux,Neuronet-ClusterTest,24533.397,117794200.00000004,flux,flux-node4,flux-node4.av.it.pt,182,neuronet-w1,0.17908245841083,64424509440,64424509440,0,0,27671519232,34359738368,6688219136,19.4652795791626,running,0,0,0,0,5463061,left,pdu,99.808,93.133,209089.00993119,0.436,10.4,209089.00993119,1.62,0.992,-5.542,1542.35
2025-09-05 15:59:56,quickpizza,quickpizza-8b95978b5-jgvvs,quickpizza,neuronet-k8s-w2,flux,r4,Neuronet-ClusterTest,482826949000,1945870439,22195404800,33104523264,39198720,0,2396612,89620480,94502912,94502912,22195404800,33104523264,32768,quickpizza/quickpizza-8b95978b5-jgvvs,quickpizza,quickpizza-8b95978b5-jgvvs,quickpizza,flux,Neuronet-ClusterTest,31835.688,0.0,flux,flux-node1,flux-node1.av.it.pt,301,neuronet-k8s-m2,0.327390280608069,34359738368,34359738368,0,0,477724672,4294967296,3817242624,88.87710571289062,running,0,0,0,0,5507466,left,pdu,75.882,69.505,178569.00848157,0.296,13.2,178569.00848157,1.692,0.986,-7.835,3114.04
2025-09-05 16:00:56,quickpizza,quickpizza-8b95978b5-jgvvs,quickpizza,neuronet-k8s-w2,flux,r4,Neuronet-ClusterTest,597145473000,1750197347,22195154944,33104523264,38047744,0,3048696,79036416,84508672,84508672,22195154944,33104523264,32768,quickpizza/quickpizza-8b95978b5-jgvvs,quickpizza,quickpizza-8b95978b5-jgvvs,quickpizza,flux,Neuronet-ClusterTest,38753.682,115299900.00000004,flux,flux-node1,flux-node1.av.it.pt,300,neuronet-k8s-m1,0.296326928279761,34359738368,34359738368,0,0,661491712,4294967296,3633475584,84.59844589233398,running,0,0,0,0,5507700,left,pdu,59.264,62.496,146692.0069675,0.263,13.5,146692.0069675,1.687,0.98,-8.686,3322.97
2025-09-05 16:01:56,quickpizza,quickpizza-8b95978b5-jgvvs,quickpizza,neuronet-k8s-w2,flux,r4,Neuronet-ClusterTest,668406450000,260462393,22192058368,33104523264,40034304,0,3909529,57044992,60194816,60194816,22192058368,33104523264,32768,quickpizza/quickpizza-8b95978b5-jgvvs,quickpizza,quickpizza-8b95978b5-jgvvs,quickpizza,flux,Neuronet-ClusterTest,42748.926,66587399.99999998,flux,flux-node5,flux-node5.av.it.pt,305,neuronet-k8s-w3,0.19338767676889,34359738368,34359738368,0,0,1690001408,4294967296,2604965888,60.651588439941406,running,0,0,0,0,5465210,left,pdu,75.111,75.934,178571.00848167,0.331,12.6,178571.00848167,1.657,0.99,-7.064,761.71
2025-09-05 16:02:56,quickpizza,quickpizza-8b95978b5-jgvvs,quickpizza,neuronet-k8s-w2,flux,r4,Neuronet-ClusterTest,717453475000,1443999051,22190235648,33104523264,41967616,0,4541770,69734400,73408512,73408512,22190235648,33104523264,32768,quickpizza/quickpizza-8b95978b5-jgvvs,quickpizza,quickpizza-8b95978b5-jgvvs,quickpizza,flux,Neuronet-ClusterTest,47647.422,81641599.99999999,flux,flux-node5,flux-node5.av.it.pt,183,neuronet-w2,0.649763588125164,64424509440,64424509440,0,0,1763328000,34359738368,32596410368,94.86804008483888,running,0,0,0,0,9765584,right,pdu,71.275,71.847,165039.00783893,0.312,14.5,165039.00783893,1.577,0.992,-6.225,2207.06
2025-09-05 16:03:56,quickpizza,quickpizza-8b95978b5-jgvvs,quickpizza,neuronet-k8s-w2,flux,r4,Neuronet-ClusterTest,818738988000,1951162168,22193700864,33104523264,38604800,0,5382716,85069824,90148864,90148864,22193700864,33104523264,32768,quickpizza/quickpizza-8b95978b5-jgvvs,quickpizza,quickpizza-8b95978b5-jgvvs,quickpizza,flux,Neuronet-ClusterTest,54554.838,115123600.00000007,flux,flux-node5,flux-node5.av.it.pt,184,neuronet-w3,0.367957153068286,64424509440,64424509440,0,0,7285051392,34359738368,27074686976,78.79770994186401,running,0,0,0,0,9765630,right,pdu,85.348,89.463,217636.01033716,0.372,7.9,217636.01033716,1.581,0.997,-1.268,1542.79
2025-09-05 16:04:56,quickpizza,quickpizza-8b95978b5-jgvvs,quickpizza,neuronet-k8s-w2,flux,r4,Neuronet-ClusterTest,938097032000,1879507791,22194540544,33104523264,37302272,0,6131189,81821696,86843392,86843392,22194540544,33104523264,32768,quickpizza/quickpizza-8b95978b5-jgvvs,quickpizza,quickpizza-8b95978b5-jgvvs,quickpizza,flux,Neuronet-ClusterTest,61633.854,117983599.99999994,flux,flux-node3,flux-node3.av.it.pt,185,neuronet-lb,0.0072121653567407,34359738368,34359738368,0,0,295428096,2147483648,1852055552,86.24305725097656,running,0,0,0,0,9259015,right,pdu,67.796,70.794,165041.00783903,0.3,13.2,165041.00783903,1.585,0.991,-6.261,1545.09
2025-09-05 16:05:56,quickpizza,quickpizza-8b95978b5-jgvvs,quickpizza,neuronet-k8s-w2,flux,r4,Neuronet-ClusterTest,1027386952000,1707441937,22197473280,33104523264,33542144,0,6762216,79187968,84131840,84131840,22197473280,33104523264,32768,quickpizza/quickpizza-8b95978b5-jgvvs,quickpizza,quickpizza-8b95978b5-jgvvs,quickpizza,flux,Neuronet-ClusterTest,68409.09,112920599.99999996,flux,flux-node3,flux-node3.av.it.pt,306,neuronet-k8s-lb,0.0155963626714434,34359738368,34359738368,0,0,391987200,2147483648,1755496448,81.74667358398438,running,0,0,0,0,5087798,right,pdu,71.501,66.901,165042.00783907,0.313,10.4,165042.00783907,1.633,0.991,-6.412,1543.17
2025-09-05 16:06:56,quickpizza,quickpizza-8b95978b5-jgvvs,quickpizza,neuronet-k8s-w2,flux,r4,Neuronet-ClusterTest,1113628036000,289165533,22194769920,33104523264,35450880,0,7769914,58400768,61587456,61587456,22194769920,33104523264,32768,quickpizza/quickpizza-8b95978b5-jgvvs,quickpizza,quickpizza-8b95978b5-jgvvs,quickpizza,flux,Neuronet-ClusterTest,72628.596,70325100.00000015,flux,flux-node3,flux-node3.av.it.pt,311,neuronet-5g-core,0.151600971524999,85899345920,85899345920,0,0,8894136320,17179869184,8285732864,48.22931289672852,running,0,0,0,0,1214904,left,pdu,63.625,64.564,178577.00848195,0.28,12.7,178577.00848195,1.686,0.985,-7.951,986.14
2025-09-05 16:07:56,quickpizza,quickpizza-8b95978b5-jgvvs,quickpizza,neuronet-k8s-w2,flux,r4,Neuronet-ClusterTest,1168641179000,1451088877,22192787456,33104523264,37335040,0,8480209,65949696,70098944,70098944,22192787456,33104523264,32768,quickpizza/quickpizza-8b95978b5-jgvvs,quickpizza,quickpizza-8b95978b5-jgvvs,quickpizza,flux,Neuronet-ClusterTest,77638.881,83504749.99999982,flux,flux-node5,flux-node5.av.it.pt,181,neuronet-m3,0.370933174982298,64424509440,64424509440,0,0,640638976,4294967296,3654328320,85.0839614868164,running,0,0,0,0,9765913,right,pdu,88.465,90.195,217642.01033744,0.385,9.4,217642.01033744,1.608,0.997,-0.683,3640.63
2025-09-05 16:08:56,quickpizza,quickpizza-8b95978b5-jgvvs,quickpizza,neuronet-k8s-w2,flux,r4,Neuronet-ClusterTest,1256245680000,1823034274,22195515392,33104523264,34332672,0,9257004,90013696,95236096,95236096,22195515392,33104523264,32768,quickpizza/quickpizza-8b95978b5-jgvvs,quickpizza,quickpizza-8b95978b5-jgvvs,quickpizza,flux,Neuronet-ClusterTest,84485.241,114106000.0,flux,flux-node1,flux-node1.av.it.pt,302,neuronet-k8s-m3,0.277618561582107,34359738368,34359738368,0,0,509124608,4294967296,3785842688,88.1460189819336,running,0,0,0,0,5507985,right,pdu,92.727,92.974,217644.01033754,0.404,9.0,217644.01033754,1.589,0.997,-0.671,1544.44
2025-09-05 16:09:56,quickpizza,quickpizza-8b95978b5-jgvvs,quickpizza,neuronet-k8s-w2,flux,r4,Neuronet-ClusterTest,1375860553000,1906924151,22195826688,33104523264,33611776,0,10103173,93458432,99069952,99069952,22195826688,33104523264,32768,quickpizza/quickpizza-8b95978b5-jgvvs,quickpizza,quickpizza-8b95978b5-jgvvs,quickpizza,flux,Neuronet-ClusterTest,91603.968,118645450.0,flux,flux-node4,flux-node4.av.it.pt,179,neuronet-m1,0.387280347484441,64424509440,64424509440,0,0,525586432,4294967296,3769380864,87.76273727416992,running,0,0,0,0,8808899,right,pdu,73.493,74.054,165047.00783931,0.321,9.8,165047.00783931,1.673,0.992,-6.166,3137.27
2025-09-05 16:10:56,quickpizza,quickpizza-8b95978b5-jgvvs,quickpizza,neuronet-k8s-w2,flux,r4,Neuronet-ClusterTest,1480999005000,1659436860,22187261952,33104523264,41512960,0,10903154,81510400,86294528,86294528,22187261952,33104523264,32768,quickpizza/quickpizza-8b95978b5-jgvvs,quickpizza,quickpizza-8b95978b5-jgvvs,quickpizza,flux,Neuronet-ClusterTest,98353.272,112488400.00000006,flux,flux-node5,flux-node5.av.it.pt,305,neuronet-k8s-w3,0.0,34359738368,34359738368,0,0,1688502272,4294967296,2606465024,60.68649291992188,running,0,0,0,0,5465750,left,pdu,63.773,68.814,178582.00848219,0.282,15.4,178582.00848219,1.668,0.982,-7.891,4732.17
2025-09-05 16:11:56,quickpizza,quickpizza-8b95978b5-jgvvs,quickpizza,neuronet-k8s-w2,flux,r4,Neuronet-ClusterTest,1555810681000,610129726,22196592640,33104523264,31617024,0,11876522,59867136,63066112,63066112,22196592640,33104523264,32768,quickpizza/quickpizza-8b95978b5-jgvvs,quickpizza,quickpizza-8b95978b5-jgvvs,quickpizza,flux,Neuronet-ClusterTest,102548.487,69920249.99999994,flux,flux-node3,flux-node3.av.it.pt,311,neuronet-5g-core,0.092435896202978,85899345920,85899345920,0,0,8901550080,17179869184,8278319104,48.18615913391113,running,0,0,0,0,1215205,left,pdu,71.155,70.038,146704.00696807,0.313,11.9,146704.00696807,1.584,0.989,-7.788,938.96
2025-09-05 16:12:56,quickpizza,quickpizza-8b95978b5-jgvvs,quickpizza,neuronet-k8s-w2,flux,r4,Neuronet-ClusterTest,1606100689000,1436758349,22194270208,33104523264,33595392,0,12551437,66682880,70782976,70782976,22194270208,33104523264,32768,quickpizza/quickpizza-8b95978b5-jgvvs,quickpizza,quickpizza-8b95978b5-jgvvs,quickpizza,flux,Neuronet-ClusterTest,107551.086,0.0,flux,flux-node1,flux-node1.av.it.pt,188,neuronet-m2,0.285222285892516,64424509440,64424509440,0,0,434929664,4294967296,3860037632,89.87350463867188,running,0,0,0,0,9766104,left,pdu,62.21,65.287,178584.00848228,0.283,12.0,178584.00848228,1.666,0.981,-7.792,3292.71
2025-09-05 16:13:56,quickpizza,quickpizza-8b95978b5-jgvvs,quickpizza,neuronet-k8s-w2,flux,r4,Neuronet-ClusterTest,1721181363000,1839022643,22186233856,33104523264,41193472,0,13531878,83501056,88637440,88637440,22186233856,33104523264,32768,quickpizza/quickpizza-8b95978b5-jgvvs,quickpizza,quickpizza-8b95978b5-jgvvs,quickpizza,flux,Neuronet-ClusterTest,114380.937,113830850.00000016,flux,flux-node3,flux-node3.av.it.pt,306,neuronet-k8s-lb,0.0124793780876338,34359738368,34359738368,0,0,391380992,2147483648,1756102656,81.77490234375,running,0,0,0,0,5088278,left,pdu,62.779,63.741,146706.00696816,0.282,16.2,146706.00696816,1.647,0.983,-7.509,2109.11
2025-09-05 16:14:56,quickpizza,quickpizza-8b95978b5-jgvvs,quickpizza,neuronet-k8s-w2,flux,r4,Neuronet-ClusterTest,1821943722000,1944925810,22187270144,33104523264,41238528,0,14158762,86310912,92147712,92147712,22187270144,33104523264,32768,quickpizza/quickpizza-8b95978b5-jgvvs,quickpizza,quickpizza-8b95978b5-jgvvs,quickpizza,flux,Neuronet-ClusterTest,121585.233,120071599.9999998,flux,flux-node3,flux-node3.av.it.pt,185,neuronet-lb,0.0126955135359372,34359738368,34359738368,0,0,294641664,2147483648,1852841984,86.27967834472656,running,0,0,0,0,9259615,left,pdu,55.702,58.58,146707.00696821,0.291,17.8,146707.00696821,1.804,0.959,-7.239,2324.12
2025-09-05 16:15:56,quickpizza,quickpizza-8b95978b5-jgvvs,quickpizza,neuronet-k8s-w2,flux,r4,Neuronet-ClusterTest,1936302965000,1676131243,22188969984,33104523264,38531072,0,15074034,79888384,84336640,84336640,22188969984,33104523264,32768,quickpizza/quickpizza-8b95978b5-jgvvs,quickpizza,quickpizza-8b95978b5-jgvvs,quickpizza,flux,Neuronet-ClusterTest,128314.113,112148000.00000007,flux,flux-node3,flux-node3.av.it.pt,185,neuronet-lb,0.0105962524221318,34359738368,34359738368,0,0,292700160,2147483648,1854783488,86.37008666992188,running,0,0,0,0,9259675,right,pdu,47.576,48.753,119272.00566512,0.212,18.4,119272.00566512,1.643,0.975,-8.034,2564.75
2025-09-05 16:16:56,quickpizza,quickpizza-8b95978b5-jgvvs,quickpizza,neuronet-k8s-w2,flux,r4,Neuronet-ClusterTest,2002706383000,251103277,22185701376,33104523264,40488960,0,15993659,59498496,63291392,63291392,22185701376,33104523264,32768,quickpizza/quickpizza-8b95978b5-jgvvs,quickpizza,quickpizza-8b95978b5-jgvvs,quickpizza,flux,Neuronet-ClusterTest,132507.729,69893599.99999991,flux,flux-node1,flux-node1.av.it.pt,302,neuronet-k8s-m3,0.279613542948416,34359738368,34359738368,0,0,472338432,4294967296,3822628864,89.00251388549805,running,0,0,0,0,5508465,right,pdu,70.837,71.453,165055.00783969,0.31,11.6,165055.00783969,1.588,0.991,-6.245,976.32
2025-09-05 16:17:56,quickpizza,quickpizza-8b95978b5-jgvvs,quickpizza,neuronet-k8s-w2,flux,r4,Neuronet-ClusterTest,2045774953000,1411074241,22184071168,33104523264,42344448,0,16580493,66150400,69844992,69844992,22184071168,33104523264,32768,quickpizza/quickpizza-8b95978b5-jgvvs,quickpizza,quickpizza-8b95978b5-jgvvs,quickpizza,flux,Neuronet-ClusterTest,137513.106,83422950.00000013,flux,flux-node5,flux-node5.av.it.pt,184,neuronet-w3,0.362485837373421,64424509440,64424509440,0,0,7295111168,34359738368,27064627200,78.76843214035034,running,0,0,0,0,9766470,left,pdu,72.865,80.367,178590.00848257,0.321,14.0,178590.00848257,1.658,0.99,-8.185,3745.09
2025-09-05 16:18:56,quickpizza,quickpizza-8b95978b5-jgvvs,quickpizza,neuronet-k8s-w2,flux,r4,Neuronet-ClusterTest,2137922198000,1778695809,22187520000,33104523264,39010304,0,17438472,82579456,87359488,87359488,22187520000,33104523264,32768,quickpizza/quickpizza-8b95978b5-jgvvs,quickpizza,quickpizza-8b95978b5-jgvvs,quickpizza,flux,Neuronet-ClusterTest,144383.511,114506750.0,flux,flux-node3,flux-node3.av.it.pt,306,neuronet-k8s-lb,0.01328715893891,34359738368,34359738368,0,0,392368128,2147483648,1755115520,81.72893524169922,running,0,0,0,0,5088578,right,pdu,72.758,73.235,165057.00783979,0.318,10.1,165057.00783979,1.552,0.992,-6.349,2338.32
2025-09-05 16:19:56,quickpizza,quickpizza-8b95978b5-jgvvs,quickpizza,neuronet-k8s-w2,flux,r4,Neuronet-ClusterTest,2252520095000,1885635119,22188265472,33104523264,37769216,0,18225931,79654912,84955136,84955136,22188265472,33104523264,32768,quickpizza/quickpizza-8b95978b5-jgvvs,quickpizza,quickpizza-8b95978b5-jgvvs,quickpizza,flux,Neuronet-ClusterTest,151397.871,116906000.00000024,flux,flux-node1,flux-node1.av.it.pt,302,neuronet-k8s-m3,0.274877317896905,34359738368,34359738368,0,0,471097344,4294967296,3823869952,89.03141021728516,running,0,0,0,0,5508644,left,pdu,59.324,60.938,146712.00696845,0.265,17.7,146712.00696845,1.856,0.973,-7.37,1548.24
2025-09-05 16:20:56,quickpizza,quickpizza-8b95978b5-jgvvs,quickpizza,neuronet-k8s-w2,flux,r4,Neuronet-ClusterTest,2359203378000,1655213685,22191579136,33104523264,33492992,0,19072047,73601024,78540800,78540800,22191579136,33104523264,32768,quickpizza/quickpizza-8b95978b5-jgvvs,quickpizza,quickpizza-8b95978b5-jgvvs,quickpizza,flux,Neuronet-ClusterTest,158098.848,111682949.99999972,flux,flux-node4,flux-node4.av.it.pt,179,neuronet-m1,0.343050613353568,64424509440,64424509440,0,0,452345856,4294967296,3842621440,89.46800231933594,running,0,0,0,0,8809559,left,pdu,71.326,75.715,178594.00848276,0.315,14.7,178594.00848276,1.748,0.981,-7.72,3570.07
2025-09-05 16:21:56,quickpizza,quickpizza-8b95978b5-jgvvs,quickpizza,neuronet-k8s-w2,flux,r4,Neuronet-ClusterTest,2441249017000,256530348,22188662784,33104523264,35422208,0,20095095,60084224,63270912,63270912,22188662784,33104523264,32768,quickpizza/quickpizza-8b95978b5-jgvvs,quickpizza,quickpizza-8b95978b5-jgvvs,quickpizza,flux,Neuronet-ClusterTest,162332.328,70558000.00000018,flux,flux-node4,flux-node4.av.it.pt,182,neuronet-w1,0.129983970976276,64424509440,64424509440,0,0,27692814336,34359738368,6666924032,19.403302669525143,running,0,0,0,0,5464441,left,pdu,60.187,61.308,146714.00696854,0.267,14.0,146714.00696854,1.635,0.984,-7.581,994.66
2025-09-05 16:22:56,quickpizza,quickpizza-8b95978b5-jgvvs,quickpizza,neuronet-k8s-w2,flux,r4,Neuronet-ClusterTest,2498498690000,1484859826,22186708992,33104523264,37330944,0,20843033,69763072,74022912,74022912,22186708992,33104523264,32768,quickpizza/quickpizza-8b95978b5-jgvvs,quickpizza,quickpizza-8b95978b5-jgvvs,quickpizza,flux,Neuronet-ClusterTest,167300.208,82798000.00000007,flux,flux-node4,flux-node4.av.it.pt,182,neuronet-w1,0.187095784260536,64424509440,64424509440,0,0,27697201152,34359738368,6662537216,19.390535354614254,running,0,0,0,0,5464500,left,pdu,57.221,56.644,146715.00696859,0.275,14.3,146715.00696859,1.644,0.985,-7.315,2556.27
2025-09-05 16:23:56,quickpizza,quickpizza-8b95978b5-jgvvs,quickpizza,neuronet-k8s-w2,flux,r4,Neuronet-ClusterTest,2607104139000,1857608058,22189301760,33104523264,34717696,0,21741916,96989184,101687296,101687296,22189301760,33104523264,32768,quickpizza/quickpizza-8b95978b5-jgvvs,quickpizza,quickpizza-8b95978b5-jgvvs,quickpizza,flux,Neuronet-ClusterTest,174122.94,113712199.9999998,flux,flux-node3,flux-node3.av.it.pt,306,neuronet-k8s-lb,0.0135734280391018,34359738368,34359738368,0,0,391794688,2147483648,1755688960,81.7556381225586,running,0,0,0,0,5088878,right,pdu,56.386,63.697,130043.00617671,0.248,13.2,130043.00617671,1.691,0.98,-7.378,2823.34
2025-09-05 16:24:56,quickpizza,quickpizza-8b95978b5-jgvvs,quickpizza,neuronet-k8s-w2,flux,r4,Neuronet-ClusterTest,2694226451000,2059705803,22189973504,33104523264,33390592,0,22270069,99258368,104087552,104087552,22189973504,33104523264,32768,quickpizza/quickpizza-8b95978b5-jgvvs,quickpizza,quickpizza-8b95978b5-jgvvs,quickpizza,flux,Neuronet-ClusterTest,181337.019,120234649.99999996,flux,flux-node5,flux-node5.av.it.pt,184,neuronet-w3,0.442083814871212,64424509440,64424509440,0,0,7297372160,34359738368,27062366208,78.76185178756714,running,0,0,0,0,9766890,left,pdu,61.526,63.57,146717.00696868,0.273,18.0,146717.00696868,1.781,0.963,-7.486,2387.77
2025-09-05 16:25:56,quickpizza,quickpizza-8b95978b5-jgvvs,quickpizza,neuronet-k8s-w2,flux,r4,Neuronet-ClusterTest,2813995191000,1664901337,22181543936,33104523264,41041920,0,23228973,79650816,84279296,84279296,22181543936,33104523264,32768,quickpizza/quickpizza-8b95978b5-jgvvs,quickpizza,quickpizza-8b95978b5-jgvvs,quickpizza,flux,Neuronet-ClusterTest,188087.244,110659426.2295083,flux,flux-node5,flux-node5.av.it.pt,184,neuronet-w3,0.352566425516536,64424509440,64424509440,0,0,7282257920,34359738368,27077480448,78.80584001541138,running,0,0,0,0,9766950,left,pdu,63.18,61.546,146718.00696873,0.28,18.0,146718.00696873,1.649,0.984,-7.533,3141.93
2025-09-05 16:26:56,quickpizza,quickpizza-8b95978b5-jgvvs,quickpizza,neuronet-k8s-w2,flux,r4,Neuronet-ClusterTest,2885831059000,586465679,22189887488,33104523264,31997952,0,24179519,62009344,65810432,65810432,22189887488,33104523264,32768,quickpizza/quickpizza-8b95978b5-jgvvs,quickpizza,quickpizza-8b95978b5-jgvvs,quickpizza,flux,Neuronet-ClusterTest,192205.809,69806186.440678,flux,flux-node4,flux-node4.av.it.pt,182,neuronet-w1,0.182167284967334,64424509440,64424509440,0,0,27680378880,34359738368,6679359488,19.439494609832764,running,0,0,0,0,5464741,right,pdu,70.698,70.607,165067.00784026,0.31,10.5,165067.00784026,1.553,0.992,-6.281,979.91
2025-09-05 16:27:56,quickpizza,quickpizza-8b95978b5-jgvvs,quickpizza,neuronet-k8s-w2,flux,r4,Neuronet-ClusterTest,2927792162000,1345498006,22187663360,33104523264,33931264,0,24816657,65290240,68882432,68882432,22187663360,33104523264,32768,quickpizza/quickpizza-8b95978b5-jgvvs,quickpizza,quickpizza-8b95978b5-jgvvs,quickpizza,flux,Neuronet-ClusterTest,197136.972,82186050.00000001,flux,flux-node3,flux-node3.av.it.pt,311,neuronet-5g-core,0.150855865898369,85899345920,85899345920,0,0,8884727808,17179869184,8295141376,48.28407764434815,running,0,0,0,0,1216164,left,pdu,60.596,65.971,146720.00696883,0.27,15.5,146720.00696883,1.69,0.974,-7.331,3221.54
2025-09-05 16:28:56,quickpizza,quickpizza-8b95978b5-jgvvs,quickpizza,neuronet-k8s-w2,flux,r4,Neuronet-ClusterTest,3039677599000,1840237813,22179262464,33104523264,41893888,0,25881617,97337344,103047168,103047168,22179262464,33104523264,32768,quickpizza/quickpizza-8b95978b5-jgvvs,quickpizza,quickpizza-8b95978b5-jgvvs,quickpizza,flux,Neuronet-ClusterTest,203986.11,114152299.9999996,flux,flux-node4,flux-node4.av.it.pt,182,neuronet-w1,0.183046569840397,64424509440,64424509440,0,0,27684089856,34359738368,6675648512,19.428694248199463,running,0,0,0,0,5464861,left,pdu,64.751,66.806,146721.00696887,0.291,16.9,146721.00696887,1.729,0.974,-7.641,3665.43
2025-09-05 16:29:56,quickpizza,quickpizza-8b95978b5-jgvvs,quickpizza,neuronet-k8s-w2,flux,r4,Neuronet-ClusterTest,3132770322000,1850115981,22179127296,33104523264,41644032,0,26544891,86409216,91213824,91213824,22179127296,33104523264,32768,quickpizza/quickpizza-8b95978b5-jgvvs,quickpizza,quickpizza-8b95978b5-jgvvs,quickpizza,flux,Neuronet-ClusterTest,211095.06,118482500.0000002,flux,flux-node4,flux-node4.av.it.pt,182,neuronet-w1,0.18209650496614,64424509440,64424509440,0,0,27698696192,34359738368,6661042176,19.38618421554565,running,0,0,0,0,5464921,left,pdu,104.69,100.59,209138.00993352,0.458,8.4,209138.00993352,1.598,0.992,-5.303,2164.26
2025-09-05 16:30:56,quickpizza,quickpizza-8b95978b5-jgvvs,quickpizza,neuronet-k8s-w2,flux,r4,Neuronet-ClusterTest,88698621000,1825946020,22189142016,33104523264,32165888,0,219587,59453440,63766528,63766528,22187978752,33104523264,32768,quickpizza/quickpizza-8b95978b5-jgvvs,quickpizza,quickpizza-8b95978b5-jgvvs,quickpizza,flux,Neuronet-ClusterTest,211174.866,1330100.0000001902,flux,flux-node1,flux-node1.av.it.pt,300,neuronet-k8s-m1,0.356736601581299,34359738368,34359738368,0,0,632324096,4294967296,3662643200,85.27755737304688,running,0,0,0,0,5509500,left,pdu,69.478,73.012,178606.00848333,0.307,14.9,178606.00848333,1.693,0.981,-6.909,1656.56
2025-09-05 16:31:56,quickpizza,quickpizza-8b95978b5-jgvvs,quickpizza,neuronet-k8s-w2,flux,r4,Neuronet-ClusterTest,139392356000,202318752,22185836544,33104523264,33996800,0,622403,48504832,51871744,51871744,22185836544,33104523264,32768,quickpizza/quickpizza-8b95978b5-jgvvs,quickpizza,quickpizza-8b95978b5-jgvvs,quickpizza,flux,Neuronet-ClusterTest,211174.866,0.0,flux,flux-node3,flux-node3.av.it.pt,306,neuronet-k8s-lb,0.0,34359738368,34359738368,0,0,391258112,2147483648,1756225536,81.78062438964844,running,0,0,0,0,5089358,left,pdu,70.563,71.394,178607.00848338,0.304,15.7,178607.00848338,1.713,0.988,-7.49,755.17
2025-09-05 16:32:56,quickpizza,quickpizza-8b95978b5-jgvvs,quickpizza,neuronet-k8s-w2,flux,r4,Neuronet-ClusterTest,189820066000,1546886655,22184132608,33104523264,35893248,0,1088911,60977152,64516096,64516096,22184132608,33104523264,32768,quickpizza/quickpizza-8b95978b5-jgvvs,quickpizza,quickpizza-8b95978b5-jgvvs,quickpizza,flux,Neuronet-ClusterTest,211174.866,0.0,flux,flux-node4,flux-node4.av.it.pt,179,neuronet-m1,0.375370667063606,64424509440,64424509440,0,0,522760192,4294967296,3772207104,87.82854080200195,running,0,0,0,0,8810279,left,pdu,76.884,67.021,178608.00848342,0.338,13.8,178608.00848342,1.593,0.981,-8.829,4634.0
2025-09-05 16:33:56,quickpizza,quickpizza-8b95978b5-jgvvs,quickpizza,neuronet-k8s-w2,flux,r4,Neuronet-ClusterTest,290608965000,1953766591,22174527488,33104523264,45875200,0,1617017,82923520,88186880,88186880,22174527488,33104523264,32768,quickpizza/quickpizza-8b95978b5-jgvvs,quickpizza,quickpizza-8b95978b5-jgvvs,quickpizza,flux,Neuronet-ClusterTest,211174.866,0.0,flux,flux-node5,flux-node5.av.it.pt,181,neuronet-m3,0.363138651549285,64424509440,64424509440,0,0,624455680,4294967296,3670511616,85.46075820922852,running,0,0,0,0,9767474,left,pdu,65.228,66.663,178610.00848352,0.289,16.7,178610.00848352,1.768,0.979,-7.812,1536.71
2025-09-05 16:34:56,quickpizza,quickpizza-8b95978b5-jgvvs,quickpizza,neuronet-k8s-w2,flux,r4,Neuronet-ClusterTest,431863529000,2116002881,22170939392,33104523264,37756928,0,2230573,95268864,100945920,100945920,22170939392,33104523264,32768,quickpizza/quickpizza-8b95978b5-jgvvs,quickpizza,quickpizza-8b95978b5-jgvvs,quickpizza,flux,Neuronet-ClusterTest,211174.866,0.0,flux,flux-node4,flux-node4.av.it.pt,179,neuronet-m1,0.303768444216817,64424509440,64424509440,0,0,569098240,4294967296,3725869056,86.74964904785156,running,0,0,0,0,8810399,right,pdu,69.724,72.479,165076.00784069,0.328,12.6,165076.00784069,1.603,0.991,-6.384,3548.69
2025-09-05 16:35:56,quickpizza,quickpizza-8b95978b5-jgvvs,quickpizza,neuronet-k8s-w2,flux,r4,Neuronet-ClusterTest,540882425000,1645116165,22172278784,33104523264,46411776,0,3001843,69083136,73728000,73728000,22172278784,33104523264,32768,quickpizza/quickpizza-8b95978b5-jgvvs,quickpizza,quickpizza-8b95978b5-jgvvs,quickpizza,flux,Neuronet-ClusterTest,211174.866,0.0,flux,flux-node4,flux-node4.av.it.pt,182,neuronet-w1,0.179859356846842,64424509440,64424509440,0,0,27672129536,34359738368,6687608832,19.46350336074829,running,0,0,0,0,5465281,left,pdu,70.559,67.911,178612.00848361,0.312,13.7,178612.00848361,1.766,0.984,-8.122,3014.61
2025-09-05 16:36:56,quickpizza,quickpizza-8b95978b5-jgvvs,quickpizza,neuronet-k8s-w2,flux,r4,Neuronet-ClusterTest,598197724000,174250982,22179344384,33104523264,38248448,0,3733537,56016896,59088896,59088896,22179344384,33104523264,32768,quickpizza/quickpizza-8b95978b5-jgvvs,quickpizza,quickpizza-8b95978b5-jgvvs,quickpizza,flux,Neuronet-ClusterTest,211174.866,0.0,flux,flux-node3,flux-node3.av.it.pt,306,neuronet-k8s-lb,0.0150839960124489,34359738368,34359738368,0,0,392597504,2147483648,1754886144,81.71825408935547,running,0,0,0,0,5089658,left,pdu,103.62,101.91,209149.00993404,0.453,10.8,209149.00993404,1.555,0.996,-3.438,759.77
2025-09-05 16:37:56,quickpizza,quickpizza-8b95978b5-jgvvs,quickpizza,neuronet-k8s-w2,flux,r4,Neuronet-ClusterTest,656610699000,1532988368,22177325056,33104523264,40255488,0,4475768,66043904,69726208,69726208,22177325056,33104523264,32768,quickpizza/quickpizza-8b95978b5-jgvvs,quickpizza,quickpizza-8b95978b5-jgvvs,quickpizza,flux,Neuronet-ClusterTest,211174.866,0.0,flux,flux-node1,flux-node1.av.it.pt,302,neuronet-k8s-m3,0.271069570383438,34359738368,34359738368,0,0,502484992,4294967296,3792482304,88.30060958862305,running,0,0,0,0,5509725,left,pdu,78.717,84.132,182748.00868006,0.344,11.0,182748.00868006,1.626,0.994,-2.87,3773.93
2025-09-05 16:38:56,quickpizza,quickpizza-8b95978b5-jgvvs,quickpizza,neuronet-k8s-w2,flux,r4,Neuronet-ClusterTest,748331821000,1875266447,22169153536,33104523264,48394240,0,5247030,87642112,91918336,91918336,22169153536,33104523264,32768,quickpizza/quickpizza-8b95978b5-jgvvs,quickpizza,quickpizza-8b95978b5-jgvvs,quickpizza,flux,Neuronet-ClusterTest,211174.866,0.0,flux,flux-node5,flux-node5.av.it.pt,305,neuronet-k8s-w3,0.27824886724963,34359738368,34359738368,0,0,1694904320,4294967296,2600062976,60.53743362426758,running,0,0,0,0,5467430,left,pdu,75.68,69.295,178616.0084838,0.333,19.7,178616.0084838,1.632,0.986,-7.903,2707.81
2025-09-05 16:39:56,quickpizza,quickpizza-8b95978b5-jgvvs,quickpizza,neuronet-k8s-w2,flux,r4,Neuronet-ClusterTest,846917355000,2007286626,22168461312,33104523264,48508928,0,5906507,100737024,106061824,106061824,22168461312,33104523264,32768,quickpizza/quickpizza-8b95978b5-jgvvs,quickpizza,quickpizza-8b95978b5-jgvvs,quickpizza,flux,Neuronet-ClusterTest,211174.866,0.0,flux,flux-node3,flux-node3.av.it.pt,306,neuronet-k8s-lb,0.01459511545363,34359738368,34359738368,0,0,392921088,2147483648,1754562560,81.70318603515625,running,0,0,0,0,5089838,left,pdu,74.121,73.095,178617.00848385,0.327,14.2,178617.00848385,1.667,0.983,-7.784,3666.4
2025-09-05 16:40:56,quickpizza,quickpizza-8b95978b5-jgvvs,quickpizza,neuronet-k8s-w2,flux,r4,Neuronet-ClusterTest,984509887000,1642104510,22171394048,33104523264,44773376,0,6859966,73310208,78721024,78721024,22171394048,33104523264,32768,quickpizza/quickpizza-8b95978b5-jgvvs,quickpizza,quickpizza-8b95978b5-jgvvs,quickpizza,flux,Neuronet-ClusterTest,211174.866,0.0,flux,flux-node1,flux-node1.av.it.pt,188,neuronet-m2,0.350407482317777,64424509440,64424509440,0,0,325701632,4294967296,3969265664,92.41666793823242,running,0,0,0,0,9767784,left,pdu,58.906,63.534,146734.00696949,0.276,17.6,146734.00696949,1.731,0.976,-7.557,1542.26
2025-09-05 16:41:56,quickpizza,quickpizza-8b95978b5-jgvvs,quickpizza,neuronet-k8s-w2,flux,r4,Neuronet-ClusterTest,1045164803000,602536145,22168707072,33104523264,46710784,0,7602162,57094144,60145664,60145664,22168707072,33104523264,32768,quickpizza/quickpizza-8b95978b5-jgvvs,quickpizza,quickpizza-8b95978b5-jgvvs,quickpizza,flux,Neuronet-ClusterTest,211174.866,0.0,flux,flux-node5,flux-node5.av.it.pt,304,neuronet-k8s-w2,0.502470537120197,34359738368,34359738368,0,0,562483200,4294967296,3732484096,86.90366744995117,running,0,0,0,0,5467627,left,pdu,63.323,65.904,146735.00696954,0.279,16.1,146735.00696954,1.674,0.984,-7.462,761.36
2025-09-05 16:42:56,quickpizza,quickpizza-8b95978b5-jgvvs,quickpizza,neuronet-k8s-w2,flux,r4,Neuronet-ClusterTest,1106002872000,1510390127,22167375872,33104523264,37494784,0,8438564,66338816,70066176,70066176,22167375872,33104523264,32768,quickpizza/quickpizza-8b95978b5-jgvvs,quickpizza,quickpizza-8b95978b5-jgvvs,quickpizza,flux,Neuronet-ClusterTest,211174.866,0.0,flux,flux-node1,flux-node1.av.it.pt,302,neuronet-k8s-m3,0.237856024695839,34359738368,34359738368,0,0,486117376,4294967296,3808849920,88.68169784545898,running,0,0,0,0,5510025,left,pdu,87.686,93.526,182755.0086804,0.382,11.1,182755.0086804,1.558,0.996,-2.997,4203.33
2025-09-05 16:43:56,quickpizza,quickpizza-8b95978b5-jgvvs,quickpizza,neuronet-k8s-w2,flux,r4,Neuronet-ClusterTest,1195091618000,1815469623,22169858048,33104523264,45035520,0,9210402,79642624,84148224,84148224,22169858048,33104523264,32768,quickpizza/quickpizza-8b95978b5-jgvvs,quickpizza,quickpizza-8b95978b5-jgvvs,quickpizza,flux,Neuronet-ClusterTest,211174.866,0.0,flux,flux-node5,flux-node5.av.it.pt,305,neuronet-k8s-w3,0.217048196846931,34359738368,34359738368,0,0,1672282112,4294967296,2622685184,61.06414794921875,running,0,0,0,0,5467730,left,pdu,92.171,87.754,209161.00993461,0.403,9.2,209161.00993461,1.582,0.996,-4.631,3776.87
2025-09-05 16:44:56,quickpizza,quickpizza-8b95978b5-jgvvs,quickpizza,neuronet-k8s-w2,flux,r4,Neuronet-ClusterTest,13444781000,2593556644,22194245632,33104523264,20312064,0,0,0,0,128516096,22194245632,33104523264,32768,quickpizza/quickpizza-8b95978b5-jgvvs,quickpizza,quickpizza-8b95978b5-jgvvs,quickpizza,flux,Neuronet-ClusterTest,211174.866,0.0,flux,flux-node5,flux-node5.av.it.pt,305,neuronet-k8s-w3,0.28650938731132,34359738368,34359738368,0,0,1650167808,4294967296,2644799488,61.57903671264648,running,0,0,0,0,5467790,left,pdu,79.536,74.948,178623.00848414,0.349,13.4,178623.00848414,1.682,0.987,-8.078,4453.46
2025-09-05 16:45:57,quickpizza,quickpizza-8b95978b5-jgvvs,quickpizza,neuronet-k8s-w2,flux,r4,Neuronet-ClusterTest,118101514000,1967544207,22181519360,33104523264,32235520,0,229227,69324800,73924608,73924608,22181519360,33104523264,32768,quickpizza/quickpizza-8b95978b5-jgvvs,quickpizza,quickpizza-8b95978b5-jgvvs,quickpizza,flux,Neuronet-ClusterTest,211174.866,0.0,flux,flux-node5,flux-node5.av.it.pt,305,neuronet-k8s-w3,0.27782284083475,34359738368,34359738368,0,0,1637801984,4294967296,2657165312,61.86695098876953,running,0,0,0,0,5467850,right,pdu,73.314,67.323,165089.00784131,0.321,8.5,165089.00784131,1.553,0.991,-6.349,2958.22
2025-09-05 16:46:56,quickpizza,quickpizza-8b95978b5-jgvvs,quickpizza,neuronet-k8s-w2,flux,r4,Neuronet-ClusterTest,186753522000,214154923,22179082240,33104523264,34144256,0,796813,51990528,54853632,54853632,22179082240,33104523264,32768,quickpizza/quickpizza-8b95978b5-jgvvs,quickpizza,quickpizza-8b95978b5-jgvvs,quickpizza,flux,Neuronet-ClusterTest,211174.866,0.0,flux,flux-node3,flux-node3.av.it.pt,306,neuronet-k8s-lb,0.0156524168294829,34359738368,34359738368,0,0,392028160,2147483648,1755455488,81.74476623535156,running,0,0,0,0,5090258,right,pdu,94.317,92.198,217704.01034039,0.411,7.3,217704.01034039,1.686,0.997,-0.866,768.95
2025-09-05 16:47:56,quickpizza,quickpizza-8b95978b5-jgvvs,quickpizza,neuronet-k8s-w2,flux,r4,Neuronet-ClusterTest,219555960000,1393832878,22177583104,33104523264,36126720,0,1100636,54816768,58310656,58310656,22177583104,33104523264,32768,quickpizza/quickpizza-8b95978b5-jgvvs,quickpizza,quickpizza-8b95978b5-jgvvs,quickpizza,flux,Neuronet-ClusterTest,211174.866,0.0,flux,flux-node3,flux-node3.av.it.pt,311,neuronet-5g-core,0.153176177885884,85899345920,85899345920,0,0,8906416128,17179869184,8273453056,48.15783500671387,running,0,0,0,0,1217364,right,pdu,90.063,90.525,217705.01034043,0.393,6.4,217705.01034043,1.603,0.997,-0.624,2269.28
2025-09-05 16:48:56,quickpizza,quickpizza-8b95978b5-jgvvs,quickpizza,neuronet-k8s-w2,flux,r4,Neuronet-ClusterTest,13044138000,2580879068,22191472640,33104523264,22306816,0,0,0,0,76132352,22191472640,33104523264,32768,quickpizza/quickpizza-8b95978b5-jgvvs,quickpizza,quickpizza-8b95978b5-jgvvs,quickpizza,flux,Neuronet-ClusterTest,211174.866,0.0,flux,flux-node5,flux-node5.av.it.pt,183,neuronet-w2,0.363504857750769,64424509440,64424509440,0,0,1672957952,34359738368,32686780416,95.13105154037476,running,0,0,0,0,9768345,right,pdu,70.157,74.459,165092.00784145,0.307,11.3,165092.00784145,1.598,0.991,-6.241,2370.23
2025-09-05 16:49:56,quickpizza,quickpizza-8b95978b5-jgvvs,quickpizza,neuronet-k8s-w2,flux,r4,Neuronet-ClusterTest,125793626000,2417236672,22175023104,33104523264,39374848,0,101063,149557248,155873280,155873280,22175023104,33104523264,32768,quickpizza/quickpizza-8b95978b5-jgvvs,quickpizza,quickpizza-8b95978b5-jgvvs,quickpizza,flux,Neuronet-ClusterTest,211174.866,0.0,flux,flux-node5,flux-node5.av.it.pt,303,neuronet-k8s-w1,0.156478612862045,34359738368,34359738368,0,0,461701120,4294967296,3833266176,89.25018310546875,running,0,0,0,0,5468252,left,pdu,82.172,81.082,178629.00848442,0.36,15.6,178629.00848442,1.64,0.988,-7.732,3657.31
2025-09-05 16:50:56,quickpizza,quickpizza-8b95978b5-jgvvs,quickpizza,neuronet-k8s-w2,flux,r4,Neuronet-ClusterTest,285783463000,1862339413,22172356608,33104523264,40075264,0,366747,80273408,85639168,85639168,22172356608,33104523264,32768,quickpizza/quickpizza-8b95978b5-jgvvs,quickpizza,quickpizza-8b95978b5-jgvvs,quickpizza,flux,Neuronet-ClusterTest,211174.866,0.0,flux,flux-node5,flux-node5.av.it.pt,305,neuronet-k8s-w3,0.388226321206691,34359738368,34359738368,0,0,1633079296,4294967296,2661888000,61.97690963745117,running,0,0,0,0,5468150,left,pdu,61.864,60.998,146744.00696997,0.267,16.3,146744.00696997,1.794,0.976,-7.187,2075.69
2025-09-05 16:51:56,quickpizza,quickpizza-8b95978b5-jgvvs,quickpizza,neuronet-k8s-w2,flux,r4,Neuronet-ClusterTest,336033116000,129765128,22169182208,33104523264,41963520,0,815104,55529472,58621952,58621952,22169182208,33104523264,32768,quickpizza/quickpizza-8b95978b5-jgvvs,quickpizza,quickpizza-8b95978b5-jgvvs,quickpizza,flux,Neuronet-ClusterTest,211174.866,0.0,flux,flux-node5,flux-node5.av.it.pt,305,neuronet-k8s-w3,0.17353851894239,34359738368,34359738368,0,0,1626058752,4294967296,2668908544,62.1403694152832,running,0,0,0,0,5468210,left,pdu,60.779,62.294,146745.00697001,0.269,17.0,146745.00697001,1.632,0.986,-7.521,776.25
2025-09-05 16:52:56,quickpizza,quickpizza-8b95978b5-jgvvs,quickpizza,neuronet-k8s-w2,flux,r4,Neuronet-ClusterTest,385382042000,1503615747,22167351296,33104523264,43896832,0,1298037,69156864,72863744,72863744,22167351296,33104523264,32768,quickpizza/quickpizza-8b95978b5-jgvvs,quickpizza,quickpizza-8b95978b5-jgvvs,quickpizza,flux,Neuronet-ClusterTest,211174.866,0.0,flux,flux-node3,flux-node3.av.it.pt,306,neuronet-k8s-lb,0.0152768593634345,34359738368,34359738368,0,0,391593984,2147483648,1755889664,81.76498413085938,running,0,0,0,0,5090618,left,pdu,83.651,89.638,182769.00868106,0.366,9.6,182769.00868106,1.621,0.995,-4.965,3211.48
2025-09-05 16:53:56,quickpizza,quickpizza-8b95978b5-jgvvs,quickpizza,neuronet-k8s-w2,flux,r4,Neuronet-ClusterTest,474019598000,1877021399,22168338432,33104523264,43020288,0,1880248,81108992,86245376,86245376,22168338432,33104523264,32768,quickpizza/quickpizza-8b95978b5-jgvvs,quickpizza,quickpizza-8b95978b5-jgvvs,quickpizza,flux,Neuronet-ClusterTest,211174.866,0.0,flux,flux-node4,flux-node4.av.it.pt,179,neuronet-m1,0.354455452344568,64424509440,64424509440,0,0,551452672,4294967296,3743514624,87.16049194335938,running,0,0,0,0,8811539,left,pdu,73.33,71.191,178634.00848466,0.322,14.7,178634.00848466,1.641,0.984,-7.76,2999.65
2025-09-05 16:54:56,quickpizza,quickpizza-8b95978b5-jgvvs,quickpizza,neuronet-k8s-w2,flux,r4,Neuronet-ClusterTest,8875055000,873912106,22182785024,33104523264,28520448,0,36310,117522432,123092992,123092992,22182785024,33104523264,32768,quickpizza/quickpizza-8b95978b5-jgvvs,quickpizza,quickpizza-8b95978b5-jgvvs,quickpizza,flux,Neuronet-ClusterTest,32168.355,16248600.000000017,flux,flux-node5,flux-node5.av.it.pt,184,neuronet-w3,0.408034712253702,64424509440,64424509440,0,0,7317520384,34359738368,27042217984,78.70321273803711,running,0,0,0,0,9768690,right,pdu,73.827,74.455,165099.00784178,0.323,9.5,165099.00784178,1.623,0.991,-6.225,2439.51
2025-09-05 16:55:56,quickpizza,quickpizza-8b95978b5-jgvvs,quickpizza,neuronet-k8s-w2,flux,r4,Neuronet-ClusterTest,139031500000,1917395339,22169075712,33104523264,40742912,0,123247,59088896,64151552,64151552,22169075712,33104523264,32768,quickpizza/quickpizza-8b95978b5-jgvvs,quickpizza,quickpizza-8b95978b5-jgvvs,quickpizza,flux,Neuronet-ClusterTest,32168.355,0.0,flux,flux-node3,flux-node3.av.it.pt,311,neuronet-5g-core,0.150898916861381,85899345920,85899345920,0,0,8892620800,17179869184,8287248384,48.23813438415527,running,0,0,0,0,1217844,right,pdu,87.129,97.744,217718.01034105,0.38,5.8,217718.01034105,1.629,0.996,-1.168,2871.05
2025-09-05 16:56:56,quickpizza,quickpizza-8b95978b5-jgvvs,quickpizza,neuronet-k8s-w2,flux,r4,Neuronet-ClusterTest,213424819000,189209677,22166409216,33104523264,42557440,0,661178,57360384,60469248,60469248,22166409216,33104523264,32768,quickpizza/quickpizza-8b95978b5-jgvvs,quickpizza,quickpizza-8b95978b5-jgvvs,quickpizza,flux,Neuronet-ClusterTest,32168.355,0.0,flux,flux-node5,flux-node5.av.it.pt,303,neuronet-k8s-w1,0.161015285508112,34359738368,34359738368,0,0,463224832,4294967296,3831742464,89.21470642089844,running,0,0,0,0,5468671,left,pdu,89.276,89.682,182775.00868135,0.39,11.0,182775.00868135,1.639,0.995,-3.065,786.56
2025-09-05 16:57:56,quickpizza,quickpizza-8b95978b5-jgvvs,quickpizza,neuronet-k8s-w2,flux,r4,Neuronet-ClusterTest,257598000000,1491504146,22164344832,33104523264,44466176,0,1060230,68820992,72777728,72777728,22164344832,33104523264,32768,quickpizza/quickpizza-8b95978b5-jgvvs,quickpizza,quickpizza-8b95978b5-jgvvs,quickpizza,flux,Neuronet-ClusterTest,32168.355,0.0,flux,flux-node3,flux-node3.av.it.pt,306,neuronet-k8s-lb,0.0150710739715474,34359738368,34359738368,0,0,390201344,2147483648,1757282304,81.829833984375,running,0,0,0,0,5090918,right,pdu,87.865,97.8,217721.01034119,0.383,7.7,217721.01034119,1.557,0.997,-1.152,3242.29
2025-09-05 16:58:56,quickpizza,quickpizza-8b95978b5-jgvvs,quickpizza,neuronet-k8s-w2,flux,r4,Neuronet-ClusterTest,351801976000,1988022460,22164508672,33104523264,44068864,0,1656859,81993728,87121920,87121920,22164508672,33104523264,32768,quickpizza/quickpizza-8b95978b5-jgvvs,quickpizza,quickpizza-8b95978b5-jgvvs,quickpizza,flux,Neuronet-ClusterTest,32168.355,0.0,flux,flux-node1,flux-node1.av.it.pt,301,neuronet-k8s-m2,0.399498424838733,34359738368,34359738368,0,0,434487296,4294967296,3860480000,89.88380432128906,running,0,0,0,0,5511006,right,pdu,70.42,71.096,165104.00784202,0.308,12.1,165104.00784202,1.62,0.99,-6.289,3060.46
2025-09-05 16:59:56,quickpizza,quickpizza-8b95978b5-jgvvs,quickpizza,neuronet-k8s-w2,flux,r4,Neuronet-ClusterTest,471386305000,1989293543,22162575360,33104523264,45613056,0,2279766,96264192,100909056,100909056,22162575360,33104523264,32768,quickpizza/quickpizza-8b95978b5-jgvvs,quickpizza,quickpizza-8b95978b5-jgvvs,quickpizza,flux,Neuronet-ClusterTest,32168.355,0.0,flux,flux-node3,flux-node3.av.it.pt,306,neuronet-k8s-lb,0.015646105565588,34359738368,34359738368,0,0,389025792,2147483648,1758457856,81.88457489013672,running,0,0,0,0,5091038,right,pdu,62.48,56.915,119309.00566687,0.276,13.0,119309.00566687,1.702,0.983,-8.539,3304.87
2025-09-05 17:00:56,quickpizza,quickpizza-8b95978b5-jgvvs,quickpizza,neuronet-k8s-w2,flux,r4,Neuronet-ClusterTest,586586726000,1792758019,22164873216,33104523264,42643456,0,3010351,80187392,85053440,85053440,22164873216,33104523264,32768,quickpizza/quickpizza-8b95978b5-jgvvs,quickpizza,quickpizza-8b95978b5-jgvvs,quickpizza,flux,Neuronet-ClusterTest,32168.355,0.0,flux,flux-node4,flux-node4.av.it.pt,179,neuronet-m1,0.386494671966511,64424509440,64424509440,0,0,342761472,4294967296,3952205824,92.01946258544922,running,0,0,0,0,8811959,right,pdu,103.55,103.88,217725.01034138,0.451,7.3,217725.01034138,1.574,0.996,-1.125,3589.69
2025-09-05 17:01:56,quickpizza,quickpizza-8b95978b5-jgvvs,quickpizza,neuronet-k8s-w2,flux,r4,Neuronet-ClusterTest,663387457000,415254005,22162243584,33104523264,44687360,0,3911118,59170816,62496768,62496768,22162243584,33104523264,32768,quickpizza/quickpizza-8b95978b5-jgvvs,quickpizza,quickpizza-8b95978b5-jgvvs,quickpizza,flux,Neuronet-ClusterTest,32168.355,0.0,flux,flux-node5,flux-node5.av.it.pt,305,neuronet-k8s-w3,0.14718453821989,34359738368,34359738368,0,0,1627967488,4294967296,2666999808,62.09592819213867,running,0,0,0,0,5468810,right,pdu,94.782,96.731,217727.01034148,0.413,9.0,217727.01034148,1.536,0.997,-0.564,773.24
2025-09-05 17:02:56,quickpizza,quickpizza-8b95978b5-jgvvs,quickpizza,neuronet-k8s-w2,flux,r4,Neuronet-ClusterTest,714695065000,1449792463,22159912960,33104523264,46645248,0,4615164,71344128,75194368,75194368,22159912960,33104523264,32768,quickpizza/quickpizza-8b95978b5-jgvvs,quickpizza,quickpizza-8b95978b5-jgvvs,quickpizza,flux,Neuronet-ClusterTest,32168.355,0.0,flux,flux-node3,flux-node3.av.it.pt,306,neuronet-k8s-lb,0.01559392955879,34359738368,34359738368,0,0,390766592,2147483648,1756717056,81.80351257324219,running,0,0,0,0,5091218,left,pdu,59.38,60.898,146757.00697058,0.267,17.2,146757.00697058,1.777,0.97,-7.478,4769.82
2025-09-05 17:03:56,quickpizza,quickpizza-8b95978b5-jgvvs,quickpizza,neuronet-k8s-w2,flux,r4,Neuronet-ClusterTest,809213204000,1919838399,22164365312,33104523264,43692032,0,5409057,89157632,94195712,94195712,22164365312,33104523264,32768,quickpizza/quickpizza-8b95978b5-jgvvs,quickpizza,quickpizza-8b95978b5-jgvvs,quickpizza,flux,Neuronet-ClusterTest,32168.355,0.0,flux,flux-node3,flux-node3.av.it.pt,311,neuronet-5g-core,0.140616766077185,85899345920,85899345920,0,0,8884416512,17179869184,8295452672,48.28588962554932,running,0,0,0,0,1218324,right,pdu,59.403,64.683,119312.00566702,0.253,22.0,119312.00566702,1.63,0.983,-8.368,3800.05
2025-09-05 17:04:56,quickpizza,quickpizza-8b95978b5-jgvvs,quickpizza,neuronet-k8s-w2,flux,r4,Neuronet-ClusterTest,915001789000,1904958919,22164594688,33104523264,42565632,0,6110396,91860992,96886784,96886784,22164594688,33104523264,32768,quickpizza/quickpizza-8b95978b5-jgvvs,quickpizza,quickpizza-8b95978b5-jgvvs,quickpizza,flux,Neuronet-ClusterTest,32168.355,0.0,flux,flux-node5,flux-node5.av.it.pt,305,neuronet-k8s-w3,0.294849763096672,34359738368,34359738368,0,0,1649242112,4294967296,2645725184,61.60058975219727,running,0,0,0,0,5468990,left,pdu,71.354,72.499,178647.00848528,0.315,12.2,178647.00848528,1.689,0.984,-8.984,2091.93
2025-09-05 17:05:56,quickpizza,quickpizza-8b95978b5-jgvvs,quickpizza,neuronet-k8s-w2,flux,r4,Neuronet-ClusterTest,1041394359000,1691133901,22167560192,33104523264,38666240,0,7046920,80891904,86122496,86122496,22167560192,33104523264,32768,quickpizza/quickpizza-8b95978b5-jgvvs,quickpizza,quickpizza-8b95978b5-jgvvs,quickpizza,flux,Neuronet-ClusterTest,32168.355,0.0,flux,flux-node3,flux-node3.av.it.pt,185,neuronet-lb,0.0,34359738368,34359738368,0,0,287797248,2147483648,1859686400,86.59839630126953,running,0,0,0,0,9262675,left,pdu,67.939,68.893,178648.00848532,0.299,12.5,178648.00848532,1.651,0.986,-7.82,3069.28
2025-09-05 17:06:56,quickpizza,quickpizza-8b95978b5-jgvvs,quickpizza,neuronet-k8s-w2,flux,r4,Neuronet-ClusterTest,1109059017000,108554415,22164205568,33104523264,40718336,0,7932077,64040960,67129344,67129344,22164205568,33104523264,32768,quickpizza/quickpizza-8b95978b5-jgvvs,quickpizza,quickpizza-8b95978b5-jgvvs,quickpizza,flux,Neuronet-ClusterTest,32168.355,0.0,flux,flux-node4,flux-node4.av.it.pt,182,neuronet-w1,0.178362624637589,64424509440,64424509440,0,0,27670007808,34359738368,6689730560,19.46967840194702,running,0,0,0,0,5467141,left,pdu,68.106,66.719,146761.00697077,0.3,13.1,146761.00697077,1.665,0.985,-7.505,781.71
2025-09-05 17:07:56,quickpizza,quickpizza-8b95978b5-jgvvs,quickpizza,neuronet-k8s-w2,flux,r4,Neuronet-ClusterTest,1150287837000,1343856018,22162468864,33104523264,42627072,0,8559312,70938624,74498048,74498048,22162468864,33104523264,32768,quickpizza/quickpizza-8b95978b5-jgvvs,quickpizza,quickpizza-8b95978b5-jgvvs,quickpizza,flux,Neuronet-ClusterTest,32168.355,0.0,flux,flux-node3,flux-node3.av.it.pt,185,neuronet-lb,0.0126688513758691,34359738368,34359738368,0,0,290955264,2147483648,1856528384,86.45133972167969,running,0,0,0,0,9262795,right,pdu,69.541,69.494,165115.00784254,0.305,12.1,165115.00784254,1.559,0.992,-6.293,2514.19
2025-09-05 17:08:56,quickpizza,quickpizza-8b95978b5-jgvvs,quickpizza,neuronet-k8s-w2,flux,r4,Neuronet-ClusterTest,1252097522000,1859325560,22165417984,33104523264,39727104,0,9485061,92336128,97763328,97763328,22165417984,33104523264,32768,quickpizza/quickpizza-8b95978b5-jgvvs,quickpizza,quickpizza-8b95978b5-jgvvs,quickpizza,flux,Neuronet-ClusterTest,32168.355,0.0,flux,flux-node3,flux-node3.av.it.pt,306,neuronet-k8s-lb,0.0155104338289467,34359738368,34359738368,0,0,390668288,2147483648,1756815360,81.80809020996094,running,0,0,0,0,5091578,left,pdu,69.231,63.705,178652.00848551,0.305,11.7,178652.00848551,1.648,0.981,-7.883,3189.69
2025-09-05 17:09:56,quickpizza,quickpizza-8b95978b5-jgvvs,quickpizza,neuronet-k8s-w2,flux,r4,Neuronet-ClusterTest,1367627463000,1914762565,22154924032,33104523264,38633472,0,10304524,100343808,105566208,105566208,22154924032,33104523264,32768,quickpizza/quickpizza-8b95978b5-jgvvs,quickpizza,quickpizza-8b95978b5-jgvvs,quickpizza,flux,Neuronet-ClusterTest,32168.355,0.0,flux,flux-node5,flux-node5.av.it.pt,183,neuronet-w2,0.652966301402321,64424509440,64424509440,0,0,1855909888,34359738368,32503828480,94.59859132766724,running,0,0,0,0,9769604,left,pdu,64.488,68.635,178653.00848556,0.306,13.2,178653.00848556,1.665,0.985,-8.11,1556.56
2025-09-05 17:10:56,quickpizza,quickpizza-8b95978b5-jgvvs,quickpizza,neuronet-k8s-w2,flux,r4,Neuronet-ClusterTest,1480690629000,1700379298,22157475840,33104523264,46235648,0,11208315,72450048,76759040,76759040,22157475840,33104523264,32768,quickpizza/quickpizza-8b95978b5-jgvvs,quickpizza,quickpizza-8b95978b5-jgvvs,quickpizza,flux,Neuronet-ClusterTest,32168.355,0.0,flux,flux-node3,flux-node3.av.it.pt,306,neuronet-k8s-lb,0.0144986073957365,34359738368,34359738368,0,0,390799360,2147483648,1756684288,81.80198669433594,running,0,0,0,0,5091698,left,pdu,61.693,60.926,146765.00697096,0.275,15.4,146765.00697096,1.704,0.97,-7.346,4217.16
2025-09-05 17:11:56,quickpizza,quickpizza-8b95978b5-jgvvs,quickpizza,neuronet-k8s-w2,flux,r4,Neuronet-ClusterTest,1552048967000,347589137,22154682368,33104523264,48226304,0,12196636,62423040,65560576,65560576,22154682368,33104523264,32768,quickpizza/quickpizza-8b95978b5-jgvvs,quickpizza,quickpizza-8b95978b5-jgvvs,quickpizza,flux,Neuronet-ClusterTest,32168.355,0.0,flux,flux-node1,flux-node1.av.it.pt,300,neuronet-k8s-m1,0.292180154952865,34359738368,34359738368,0,0,729509888,4294967296,3565457408,83.01477432250977,running,0,0,0,0,5511960,left,pdu,66.758,63.955,178655.00848566,0.294,15.4,178655.00848566,1.699,0.983,-8.285,773.0
2025-09-05 17:12:56,quickpizza,quickpizza-8b95978b5-jgvvs,quickpizza,neuronet-k8s-w2,flux,r4,Neuronet-ClusterTest,1601427268000,1448974163,22164430848,33104523264,38354944,0,12909928,70512640,74022912,74022912,22164430848,33104523264,32768,quickpizza/quickpizza-8b95978b5-jgvvs,quickpizza,quickpizza-8b95978b5-jgvvs,quickpizza,flux,Neuronet-ClusterTest,32168.355,0.0,flux,flux-node3,flux-node3.av.it.pt,185,neuronet-lb,0.0125279614828908,34359738368,34359738368,0,0,288563200,2147483648,1858920448,86.56272888183594,running,0,0,0,0,9263096,right,pdu,70.324,68.519,165121.00784283,0.308,10.0,165121.00784283,1.599,0.989,-6.543,5613.64
2025-09-05 17:13:56,quickpizza,quickpizza-8b95978b5-jgvvs,quickpizza,neuronet-k8s-w2,flux,r4,Neuronet-ClusterTest,15323426000,925949283,22180540416,33104523264,22310912,0,39730,135925760,141541376,141524992,22180540416,33104523264,32768,quickpizza/quickpizza-8b95978b5-jgvvs,quickpizza,quickpizza-8b95978b5-jgvvs,quickpizza,flux,Neuronet-ClusterTest,32168.355,0.0,flux,flux-node5,flux-node5.av.it.pt,305,neuronet-k8s-w3,0.294875386831727,34359738368,34359738368,0,0,1662832640,4294967296,2632134656,61.28416061401367,running,0,0,0,0,5469530,left,pdu,59.344,65.669,146768.00697111,0.263,15.5,146768.00697111,1.727,0.981,-7.335,3600.42
2025-09-05 17:14:56,quickpizza,quickpizza-8b95978b5-jgvvs,quickpizza,neuronet-k8s-w2,flux,r4,Neuronet-ClusterTest,174305282000,2403677941,22163632128,33104523264,38547456,0,63996,177704960,185077760,185061376,22163632128,33104523264,32768,quickpizza/quickpizza-8b95978b5-jgvvs,quickpizza,quickpizza-8b95978b5-jgvvs,quickpizza,flux,Neuronet-ClusterTest,10370.892,131629450.0,flux,flux-node1,flux-node1.av.it.pt,188,neuronet-m2,0.378104382386429,64424509440,64424509440,0,0,560988160,4294967296,3733979136,86.9384765625,running,0,0,0,0,9769824,left,pdu,69.919,77.234,178659.00848585,0.308,14.9,178659.00848585,1.603,0.989,-7.684,3581.66
2025-09-05 17:15:56,quickpizza,quickpizza-8b95978b5-jgvvs,quickpizza,neuronet-k8s-w2,flux,r4,Neuronet-ClusterTest,278442177000,2007257014,22162677760,33104523264,38752256,0,232924,83132416,88637440,88621056,22162677760,33104523264,32768,quickpizza/quickpizza-8b95978b5-jgvvs,quickpizza,quickpizza-8b95978b5-jgvvs,quickpizza,flux,Neuronet-ClusterTest,17627.292,118957377.04918036,flux,flux-node3,flux-node3.av.it.pt,185,neuronet-lb,0.0146677213928602,34359738368,34359738368,0,0,288468992,2147483648,1859014656,86.5671157836914,running,0,0,0,0,9263275,left,pdu,60.35,61.037,146770.0069712,0.266,16.2,146770.0069712,1.739,0.981,-7.672,2537.31
2025-09-05 17:16:56,quickpizza,quickpizza-8b95978b5-jgvvs,quickpizza,neuronet-k8s-w2,flux,r4,Neuronet-ClusterTest,356631204000,349250433,22170210304,33104523264,30674944,0,837532,60235776,63770624,63754240,22170210304,33104523264,32768,quickpizza/quickpizza-8b95978b5-jgvvs,quickpizza,quickpizza-8b95978b5-jgvvs,quickpizza,flux,Neuronet-ClusterTest,21020.73,0.0,flux,flux-node5,flux-node5.av.it.pt,184,neuronet-w3,0.350799906326319,64424509440,64424509440,0,0,7282520064,34359738368,27077218304,78.80507707595825,running,0,0,0,0,9770010,right,pdu,74.109,64.667,165125.00784302,0.324,13.2,165125.00784302,1.53,0.992,-6.023,772.47
2025-09-05 17:17:56,quickpizza,quickpizza-8b95978b5-jgvvs,quickpizza,neuronet-k8s-w2,flux,r4,Neuronet-ClusterTest,396525307000,1418484024,22167912448,33104523264,32669696,0,1223658,66334720,70496256,70479872,22167912448,33104523264,32768,quickpizza/quickpizza-8b95978b5-jgvvs,quickpizza,quickpizza-8b95978b5-jgvvs,quickpizza,flux,Neuronet-ClusterTest,25382.685,72699250.00000003,flux,flux-node1,flux-node1.av.it.pt,188,neuronet-m2,0.344898161998216,64424509440,64424509440,0,0,576602112,4294967296,3718365184,86.57493591308594,running,0,0,0,0,9770004,left,pdu,66.866,70.404,146772.0069713,0.296,13.1,146772.0069713,1.687,0.984,-7.593,3760.26
2025-09-05 17:18:56,quickpizza,quickpizza-8b95978b5-jgvvs,quickpizza,neuronet-k8s-w2,flux,r4,Neuronet-ClusterTest,518804483000,1999232603,22158196736,33104523264,41930752,0,1986517,96997376,102465536,102449152,22158196736,33104523264,32768,quickpizza/quickpizza-8b95978b5-jgvvs,quickpizza,quickpizza-8b95978b5-jgvvs,quickpizza,flux,Neuronet-ClusterTest,32424.033,117355799.99999996,flux,flux-node1,flux-node1.av.it.pt,301,neuronet-k8s-m2,0.335751066653604,34359738368,34359738368,0,0,466726912,4294967296,3828240384,89.1331672668457,running,0,0,0,0,5512206,right,pdu,87.758,87.984,217753.01034271,0.382,7.3,217753.01034271,1.527,0.996,-0.981,2435.71
2025-09-05 17:19:56,quickpizza,quickpizza-8b95978b5-jgvvs,quickpizza,neuronet-k8s-w2,flux,r4,Neuronet-ClusterTest,618379344000,2111349661,22157008896,33104523264,32415744,0,2444259,106831872,112504832,112488448,22157008896,33104523264,32768,quickpizza/quickpizza-8b95978b5-jgvvs,quickpizza,quickpizza-8b95978b5-jgvvs,quickpizza,flux,Neuronet-ClusterTest,39821.772,123295649.99999996,flux,flux-node3,flux-node3.av.it.pt,185,neuronet-lb,0.0186935212672047,34359738368,34359738368,0,0,290582528,2147483648,1856901120,86.46869659423828,running,0,0,0,0,9263515,right,pdu,70.134,67.788,165129.00784321,0.307,12.6,165129.00784321,1.574,0.991,-6.456,2214.09
2025-09-05 17:20:56,quickpizza,quickpizza-8b95978b5-jgvvs,quickpizza,neuronet-k8s-w2,flux,r4,Neuronet-ClusterTest,737447425000,1721840542,22159269888,33104523264,41021440,0,3198611,76570624,81514496,81498112,22159269888,33104523264,32768,quickpizza/quickpizza-8b95978b5-jgvvs,quickpizza,quickpizza-8b95978b5-jgvvs,quickpizza,flux,Neuronet-ClusterTest,46737.375,115260050.00000004,flux,flux-node5,flux-node5.av.it.pt,305,neuronet-k8s-w3,0.265189801285435,34359738368,34359738368,0,0,1619480576,4294967296,2675486720,62.29352951049805,running,0,0,0,0,5469950,right,pdu,67.518,66.54,165130.00784325,0.296,11.7,165130.00784325,1.611,0.991,-6.472,4008.06
2025-09-05 17:21:56,quickpizza,quickpizza-8b95978b5-jgvvs,quickpizza,neuronet-k8s-w2,flux,r4,Neuronet-ClusterTest,812411337000,688444553,22166659072,33104523264,32292864,0,4064736,61562880,65605632,65589248,22166659072,33104523264,32768,quickpizza/quickpizza-8b95978b5-jgvvs,quickpizza,quickpizza-8b95978b5-jgvvs,quickpizza,flux,Neuronet-ClusterTest,50769.855,67208000.00000006,flux,flux-node5,flux-node5.av.it.pt,303,neuronet-k8s-w1,0.167592469608041,34359738368,34359738368,0,0,441024512,4294967296,3853942784,89.73159790039062,running,0,0,0,0,5470172,left,pdu,86.124,86.517,209221.00993746,0.376,8.5,209221.00993746,1.551,0.995,-3.399,1005.17
2025-09-05 17:22:56,quickpizza,quickpizza-8b95978b5-jgvvs,quickpizza,neuronet-k8s-w2,flux,r4,Neuronet-ClusterTest,866443627000,1503511850,22164942848,33104523264,34263040,0,4760889,73547776,77787136,77770752,22164942848,33104523264,32768,quickpizza/quickpizza-8b95978b5-jgvvs,quickpizza,quickpizza-8b95978b5-jgvvs,quickpizza,flux,Neuronet-ClusterTest,55654.647,81413199.99999991,flux,flux-node5,flux-node5.av.it.pt,305,neuronet-k8s-w3,0.193956300700394,34359738368,34359738368,0,0,1681657856,4294967296,2613309440,60.84585189819336,running,0,0,0,0,5470070,left,pdu,69.959,71.927,178669.00848632,0.307,14.6,178669.00848632,1.691,0.986,-7.851,3844.04
2025-09-05 17:23:56,quickpizza,quickpizza-8b95978b5-jgvvs,quickpizza,neuronet-k8s-w2,flux,r4,Neuronet-ClusterTest,973718869000,1966941604,22157123584,33104523264,42586112,0,5638444,107950080,113774592,113758208,22157123584,33104523264,32768,quickpizza/quickpizza-8b95978b5-jgvvs,quickpizza,quickpizza-8b95978b5-jgvvs,quickpizza,flux,Neuronet-ClusterTest,62595.018,115672850.0,flux,flux-node5,flux-node5.av.it.pt,184,neuronet-w3,0.367354999482249,64424509440,64424509440,0,0,7289958400,34359738368,27069779968,78.78342866897583,running,0,0,0,0,9770430,left,pdu,96.631,100.83,209224.00993761,0.422,10.8,209224.00993761,1.547,0.996,-4.456,1548.43
2025-09-05 17:24:56,quickpizza,quickpizza-8b95978b5-jgvvs,quickpizza,neuronet-k8s-w2,flux,r4,Neuronet-ClusterTest,320275000,0,22174605312,33104523264,23093248,0,0,0,0,6946816,22174605312,33104523264,32768,quickpizza/quickpizza-8b95978b5-jgvvs,quickpizza,quickpizza-8b95978b5-jgvvs,quickpizza,flux,Neuronet-ClusterTest,68315.604,95343100.00000018,flux,flux-node4,flux-node4.av.it.pt,179,neuronet-m1,0.410139026785362,64424509440,64424509440,0,0,509267968,4294967296,3785699328,88.14268112182617,running,0,0,0,0,8813399,left,pdu,63.407,67.78,146779.00697163,0.281,13.7,146779.00697163,1.819,0.973,-7.517,3613.28
2025-09-05 17:25:56,quickpizza,quickpizza-8b95978b5-jgvvs,quickpizza,neuronet-k8s-w2,flux,r4,Neuronet-ClusterTest,99661637000,1878533099,22163791872,33104523264,34148352,0,213535,64929792,69672960,69672960,22163791872,33104523264,32768,quickpizza/quickpizza-8b95978b5-jgvvs,quickpizza,quickpizza-8b95978b5-jgvvs,quickpizza,flux,Neuronet-ClusterTest,68315.604,0.0,flux,flux-node3,flux-node3.av.it.pt,306,neuronet-k8s-lb,0.0158666020577043,34359738368,34359738368,0,0,389423104,2147483648,1758060544,81.86607360839844,running,0,0,0,0,5092599,right,pdu,69.601,74.272,165142.00784382,0.305,11.1,165142.00784382,1.578,0.992,-6.253,2224.54
2025-09-05 17:26:56,quickpizza,quickpizza-8b95978b5-jgvvs,quickpizza,neuronet-k8s-w2,flux,r4,Neuronet-ClusterTest,162098234000,350659758,22160945152,33104523264,35991552,0,725561,52695040,55775232,55775232,22160945152,33104523264,32768,quickpizza/quickpizza-8b95978b5-jgvvs,quickpizza,quickpizza-8b95978b5-jgvvs,quickpizza,flux,Neuronet-ClusterTest,68315.604,0.0,flux,flux-node3,flux-node3.av.it.pt,185,neuronet-lb,0.0,34359738368,34359738368,0,0,289570816,2147483648,1857912832,86.51580810546875,running,0,0,0,0,9263935,right,pdu,90.048,92.584,217766.01034333,0.392,8.3,217766.01034333,1.535,0.997,-0.19,769.91
2025-09-05 17:27:56,quickpizza,quickpizza-8b95978b5-jgvvs,quickpizza,neuronet-k8s-w2,flux,r4,Neuronet-ClusterTest,199938804000,1411693744,22158999552,33104523264,37990400,0,1085932,58597376,62316544,62316544,22158999552,33104523264,32768,quickpizza/quickpizza-8b95978b5-jgvvs,quickpizza,quickpizza-8b95978b5-jgvvs,quickpizza,flux,Neuronet-ClusterTest,68315.604,0.0,flux,flux-node5,flux-node5.av.it.pt,183,neuronet-w2,0.606582001159282,64424509440,64424509440,0,0,1821097984,34359738368,32538640384,94.69990730285645,running,0,0,0,0,9770685,left,pdu,83.853,77.294,182818.00868339,0.367,10.3,182818.00868339,1.561,0.994,-4.766,3299.14
2025-09-05 17:28:56,quickpizza,quickpizza-8b95978b5-jgvvs,quickpizza,neuronet-k8s-w2,flux,r4,Neuronet-ClusterTest,303497830000,1988998178,22158741504,33104523264,38076416,0,1703857,82030592,86708224,86708224,22158741504,33104523264,32768,quickpizza/quickpizza-8b95978b5-jgvvs,quickpizza,quickpizza-8b95978b5-jgvvs,quickpizza,flux,Neuronet-ClusterTest,68315.604,0.0,flux,flux-node3,flux-node3.av.it.pt,185,neuronet-lb,0.0064969989572096,34359738368,34359738368,0,0,289226752,2147483648,1858256896,86.53182983398438,running,0,0,0,0,9264055,left,pdu,82.768,81.17,182819.00868344,0.361,10.0,182819.00868344,1.626,0.995,-3.776,1549.92
2025-09-05 17:29:56,quickpizza,quickpizza-8b95978b5-jgvvs,quickpizza,neuronet-k8s-w2,flux,r4,Neuronet-ClusterTest,451087528000,1979496015,22156931072,33104523264,39174144,0,2424969,91656192,97333248,97333248,22156931072,33104523264,32768,quickpizza/quickpizza-8b95978b5-jgvvs,quickpizza,quickpizza-8b95978b5-jgvvs,quickpizza,flux,Neuronet-ClusterTest,68315.604,0.0,flux,flux-node3,flux-node3.av.it.pt,306,neuronet-k8s-lb,0.0148557312330224,34359738368,34359738368,0,0,389304320,2147483648,1758179328,81.8716049194336,running,0,0,0,0,5092838,left,pdu,73.64,69.016,178677.0084867,0.323,14.9,178677.0084867,1.595,0.987,-7.804,1565.02
2025-09-05 17:30:56,quickpizza,quickpizza-8b95978b5-jgvvs,quickpizza,neuronet-k8s-w2,flux,r4,Neuronet-ClusterTest,547178170000,1757385305,22147444736,33104523264,36638720,0,3080826,72802304,77709312,77709312,22147444736,33104523264,32768,quickpizza/quickpizza-8b95978b5-jgvvs,quickpizza,quickpizza-8b95978b5-jgvvs,quickpizza,flux,Neuronet-ClusterTest,68315.604,0.0,flux,flux-node5,flux-node5.av.it.pt,303,neuronet-k8s-w1,0.181236601346719,34359738368,34359738368,0,0,421105664,4294967296,3873861632,90.19536972045898,running,0,0,0,0,5470712,left,pdu,75.047,75.767,182822.00868358,0.329,11.5,182822.00868358,1.674,0.994,-4.023,2206.0
2025-09-05 17:31:56,quickpizza,quickpizza-8b95978b5-jgvvs,quickpizza,neuronet-k8s-w2,flux,r4,Neuronet-ClusterTest,617471831000,192479500,22156238848,33104523264,38649856,0,3894740,57499648,60444672,60444672,22156238848,33104523264,32768,quickpizza/quickpizza-8b95978b5-jgvvs,quickpizza,quickpizza-8b95978b5-jgvvs,quickpizza,flux,Neuronet-ClusterTest,68315.604,0.0,flux,flux-node3,flux-node3.av.it.pt,185,neuronet-lb,0.0124762098260011,34359738368,34359738368,0,0,289677312,2147483648,1857806336,86.51084899902344,running,0,0,0,0,9264235,left,pdu,74.837,75.902,178680.00848684,0.331,16.4,178680.00848684,1.686,0.987,-8.157,998.01
2025-09-05 17:32:56,quickpizza,quickpizza-8b95978b5-jgvvs,quickpizza,neuronet-k8s-w2,flux,r4,Neuronet-ClusterTest,650399987000,1292248950,22153977856,33104523264,40558592,0,4349819,60063744,63569920,63569920,22153977856,33104523264,32768,quickpizza/quickpizza-8b95978b5-jgvvs,quickpizza,quickpizza-8b95978b5-jgvvs,quickpizza,flux,Neuronet-ClusterTest,68315.604,0.0,flux,flux-node4,flux-node4.av.it.pt,179,neuronet-m1,0.393983929756482,64424509440,64424509440,0,0,506077184,4294967296,3788890112,88.21697235107422,running,0,0,0,0,8813879,right,pdu,90.37,88.755,217775.01034376,0.435,6.9,217775.01034376,1.602,0.997,-0.524,4793.45
2025-09-05 17:33:56,quickpizza,quickpizza-8b95978b5-jgvvs,quickpizza,neuronet-k8s-w2,flux,r4,Neuronet-ClusterTest,773539543000,1863296673,22155972608,33104523264,38117376,0,5401769,87506944,92049408,92049408,22155972608,33104523264,32768,quickpizza/quickpizza-8b95978b5-jgvvs,quickpizza,quickpizza-8b95978b5-jgvvs,quickpizza,flux,Neuronet-ClusterTest,68315.604,0.0,flux,flux-node5,flux-node5.av.it.pt,305,neuronet-k8s-w3,0.408437800515882,34359738368,34359738368,0,0,1646211072,4294967296,2648756224,61.67116165161133,running,0,0,0,0,5470730,right,pdu,63.884,68.166,165145.00784397,0.279,10.4,165145.00784397,1.571,0.99,-6.074,1553.17
2025-09-05 17:34:56,quickpizza,quickpizza-8b95978b5-jgvvs,quickpizza,neuronet-k8s-w2,flux,r4,Neuronet-ClusterTest,887770824000,1949251064,22155206656,33104523264,38379520,0,6108752,95563776,100397056,100397056,22155206656,33104523264,32768,quickpizza/quickpizza-8b95978b5-jgvvs,quickpizza,quickpizza-8b95978b5-jgvvs,quickpizza,flux,Neuronet-ClusterTest,68315.604,0.0,flux,flux-node1,flux-node1.av.it.pt,300,neuronet-k8s-m1,0.296295574201763,34359738368,34359738368,0,0,719769600,4294967296,3575197696,83.24155807495117,running,0,0,0,0,5513340,left,pdu,74.089,74.296,178683.00848699,0.326,11.7,178683.00848699,1.626,0.986,-8.142,2521.63
2025-09-05 17:35:56,quickpizza,quickpizza-8b95978b5-jgvvs,quickpizza,neuronet-k8s-w2,flux,r4,Neuronet-ClusterTest,985530987000,1678845882,22147543040,33104523264,46559232,0,6831921,74866688,79982592,79982592,22147543040,33104523264,32768,quickpizza/quickpizza-8b95978b5-jgvvs,quickpizza,quickpizza-8b95978b5-jgvvs,quickpizza,flux,Neuronet-ClusterTest,68315.604,0.0,flux,flux-node1,flux-node1.av.it.pt,302,neuronet-k8s-m3,0.275181758049128,34359738368,34359738368,0,0,486453248,4294967296,3808514048,88.67387771606445,running,0,0,0,0,5513204,left,pdu,81.404,75.234,178685.00848708,0.358,12.0,178685.00848708,1.658,0.985,-8.185,2250.08
2025-09-05 17:36:56,quickpizza,quickpizza-8b95978b5-jgvvs,quickpizza,neuronet-k8s-w2,flux,r4,Neuronet-ClusterTest,1064688164000,236300419,22155202560,33104523264,37687296,0,7823387,58908672,61886464,61886464,22155202560,33104523264,32768,quickpizza/quickpizza-8b95978b5-jgvvs,quickpizza,quickpizza-8b95978b5-jgvvs,quickpizza,flux,Neuronet-ClusterTest,68315.604,0.0,flux,flux-node5,flux-node5.av.it.pt,305,neuronet-k8s-w3,0.146413239309875,34359738368,34359738368,0,0,1612013568,4294967296,2682953728,62.467384338378906,running,0,0,0,0,5470910,left,pdu,65.693,66.639,146792.00697225,0.292,17.0,146792.00697225,1.699,0.977,-7.342,771.68
2025-09-05 17:37:56,quickpizza,quickpizza-8b95978b5-jgvvs,quickpizza,neuronet-k8s-w2,flux,r4,Neuronet-ClusterTest,1124801153000,1501312534,22153551872,33104523264,39559168,0,8655339,68796416,72806400,72806400,22153551872,33104523264,32768,quickpizza/quickpizza-8b95978b5-jgvvs,quickpizza,quickpizza-8b95978b5-jgvvs,quickpizza,flux,Neuronet-ClusterTest,68315.604,0.0,flux,flux-node5,flux-node5.av.it.pt,181,neuronet-m3,0.359421419799371,64424509440,64424509440,0,0,633184256,4294967296,3661783040,85.25753021240234,running,0,0,0,0,9771313,left,pdu,77.461,75.922,178687.00848718,0.341,14.7,178687.00848718,1.678,0.979,-7.752,1549.22
2025-09-05 17:38:56,quickpizza,quickpizza-8b95978b5-jgvvs,quickpizza,neuronet-k8s-w2,flux,r4,Neuronet-ClusterTest,1224803898000,1906522110,22146019328,33104523264,47546368,0,9446627,94728192,99373056,99373056,22146019328,33104523264,32768,quickpizza/quickpizza-8b95978b5-jgvvs,quickpizza,quickpizza-8b95978b5-jgvvs,quickpizza,flux,Neuronet-ClusterTest,68315.604,0.0,flux,flux-node1,flux-node1.av.it.pt,301,neuronet-k8s-m2,0.351284723354436,34359738368,34359738368,0,0,442335232,4294967296,3852632064,89.70108032226562,running,0,0,0,0,5513406,right,pdu,64.949,66.631,165151.00784425,0.285,12.2,165151.00784425,1.61,0.989,-6.337,2807.63
2025-09-05 17:39:56,quickpizza,quickpizza-8b95978b5-jgvvs,quickpizza,neuronet-k8s-w2,flux,r4,Neuronet-ClusterTest,1331324902000,1841554276,22145982464,33104523264,46718976,0,10208247,81879040,86802432,86802432,22145982464,33104523264,32768,quickpizza/quickpizza-8b95978b5-jgvvs,quickpizza,quickpizza-8b95978b5-jgvvs,quickpizza,flux,Neuronet-ClusterTest,68315.604,0.0,flux,flux-node3,flux-node3.av.it.pt,311,neuronet-5g-core,0.12242401013896,85899345920,85899345920,0,0,8866365440,17179869184,8313503744,48.390960693359375,running,0,0,0,0,1220484,right,pdu,62.524,69.625,165152.0078443,0.291,13.4,165152.0078443,1.66,0.989,-6.531,1548.94
2025-09-05 17:40:56,quickpizza,quickpizza-8b95978b5-jgvvs,quickpizza,neuronet-k8s-w2,flux,r4,Neuronet-ClusterTest,1444207877000,1635536940,22148898816,33104523264,42917888,0,11136227,72810496,77217792,77217792,22148898816,33104523264,32768,quickpizza/quickpizza-8b95978b5-jgvvs,quickpizza,quickpizza-8b95978b5-jgvvs,quickpizza,flux,Neuronet-ClusterTest,68315.604,0.0,flux,flux-node5,flux-node5.av.it.pt,305,neuronet-k8s-w3,0.290507933716991,34359738368,34359738368,0,0,1617731584,4294967296,2677235712,62.334251403808594,running,0,0,0,0,5471150,left,pdu,64.242,60.54,146796.00697244,0.283,15.4,146796.00697244,1.63,0.986,-7.438,1550.01
2025-09-05 17:41:56,quickpizza,quickpizza-8b95978b5-jgvvs,quickpizza,neuronet-k8s-w2,flux,r4,Neuronet-ClusterTest,1506192179000,406883331,22145957888,33104523264,44797952,0,12002287,59670528,62672896,62672896,22145957888,33104523264,32768,quickpizza/quickpizza-8b95978b5-jgvvs,quickpizza,quickpizza-8b95978b5-jgvvs,quickpizza,flux,Neuronet-ClusterTest,68315.604,0.0,flux,flux-node5,flux-node5.av.it.pt,305,neuronet-k8s-w3,0.209181451323331,34359738368,34359738368,0,0,1619161088,4294967296,2675806208,62.300968170166016,running,0,0,0,0,5471210,right,pdu,51.989,53.114,119344.00566854,0.219,12.8,119344.00566854,1.608,0.975,-8.511,998.88
2025-09-05 17:42:56,quickpizza,quickpizza-8b95978b5-jgvvs,quickpizza,neuronet-k8s-w2,flux,r4,Neuronet-ClusterTest,1558270193000,1429884741,22144147456,33104523264,46682112,0,12798387,65802240,69611520,69611520,22144147456,33104523264,32768,quickpizza/quickpizza-8b95978b5-jgvvs,quickpizza,quickpizza-8b95978b5-jgvvs,quickpizza,flux,Neuronet-ClusterTest,68315.604,0.0,flux,flux-node4,flux-node4.av.it.pt,179,neuronet-m1,0.405311964174839,64424509440,64424509440,0,0,463376384,4294967296,3831590912,89.21117782592773,running,0,0,0,0,8814479,left,pdu,79.361,76.284,178693.00848746,0.347,13.3,178693.00848746,1.667,0.988,-7.633,3787.47
2025-09-05 17:43:56,quickpizza,quickpizza-8b95978b5-jgvvs,quickpizza,neuronet-k8s-w2,flux,r4,Neuronet-ClusterTest,1654318344000,1827272963,22147969024,33104523264,42901504,0,13675011,88301568,92962816,92962816,22147969024,33104523264,32768,quickpizza/quickpizza-8b95978b5-jgvvs,quickpizza,quickpizza-8b95978b5-jgvvs,quickpizza,flux,Neuronet-ClusterTest,68315.604,0.0,flux,flux-node3,flux-node3.av.it.pt,185,neuronet-lb,0.0128212383061297,34359738368,34359738368,0,0,287862784,2147483648,1859620864,86.59534454345703,running,0,0,0,0,9264955,right,pdu,88.203,88.477,217792.01034456,0.384,6.8,217792.01034456,1.614,0.997,-0.85,4577.23
2025-09-05 17:44:56,quickpizza,quickpizza-8b95978b5-jgvvs,quickpizza,neuronet-k8s-w2,flux,r4,Neuronet-ClusterTest,1755772304000,1902375541,22147796992,33104523264,42369024,0,14396253,90193920,95342592,95342592,22147796992,33104523264,32768,quickpizza/quickpizza-8b95978b5-jgvvs,quickpizza,quickpizza-8b95978b5-jgvvs,quickpizza,flux,Neuronet-ClusterTest,68315.604,0.0,flux,flux-node1,flux-node1.av.it.pt,301,neuronet-k8s-m2,0.335971025483213,34359738368,34359738368,0,0,448741376,4294967296,3846225920,89.55192565917969,running,0,0,0,0,5513766,right,pdu,69.76,69.684,165158.00784458,0.306,12.7,165158.00784458,1.575,0.99,-6.444,2757.62
2025-09-05 17:45:56,quickpizza,quickpizza-8b95978b5-jgvvs,quickpizza,neuronet-k8s-w2,flux,r4,Neuronet-ClusterTest,1873332152000,1682838960,22151716864,33104523264,37752832,0,15352215,79470592,84508672,84508672,22151716864,33104523264,32768,quickpizza/quickpizza-8b95978b5-jgvvs,quickpizza,quickpizza-8b95978b5-jgvvs,quickpizza,flux,Neuronet-ClusterTest,68315.604,0.0,flux,flux-node3,flux-node3.av.it.pt,306,neuronet-k8s-lb,0.0144052506517201,34359738368,34359738368,0,0,386170880,2147483648,1761312768,82.01751708984375,running,0,0,0,0,5093798,right,pdu,69.259,70.718,165159.00784463,0.291,9.7,165159.00784463,1.64,0.992,-6.297,1553.67
2025-09-05 17:46:56,quickpizza,quickpizza-8b95978b5-jgvvs,quickpizza,neuronet-k8s-w2,flux,r4,Neuronet-ClusterTest,1945381794000,856997321,22149042176,33104523264,39710720,0,16244085,60542976,63676416,63676416,22149042176,33104523264,32768,quickpizza/quickpizza-8b95978b5-jgvvs,quickpizza,quickpizza-8b95978b5-jgvvs,quickpizza,flux,Neuronet-ClusterTest,68315.604,0.0,flux,flux-node1,flux-node1.av.it.pt,302,neuronet-k8s-m3,0.240197607623018,34359738368,34359738368,0,0,490557440,4294967296,3804409856,88.57831954956055,running,0,0,0,0,5513865,right,pdu,92.902,93.113,217797.0103448,0.404,6.8,217797.0103448,1.58,0.997,-0.803,998.01
2025-09-05 17:47:56,quickpizza,quickpizza-8b95978b5-jgvvs,quickpizza,neuronet-k8s-w2,flux,r4,Neuronet-ClusterTest,2001051604000,1452133426,22146899968,33104523264,41644032,0,16954424,70512640,74461184,74461184,22146899968,33104523264,32768,quickpizza/quickpizza-8b95978b5-jgvvs,quickpizza,quickpizza-8b95978b5-jgvvs,quickpizza,flux,Neuronet-ClusterTest,68315.604,0.0,flux,flux-node3,flux-node3.av.it.pt,311,neuronet-5g-core,0.152244969134262,85899345920,85899345920,0,0,8882073600,17179869184,8297795584,48.299527168273926,running,0,0,0,0,1220965,right,pdu,65.78,67.06,165161.00784473,0.288,9.8,165161.00784473,1.591,0.991,-6.428,4354.25
2025-09-05 17:48:56,quickpizza,quickpizza-8b95978b5-jgvvs,quickpizza,neuronet-k8s-w2,flux,r4,Neuronet-ClusterTest,2092828131000,1845308705,22150492160,33104523264,37773312,0,17717536,85508096,90349568,90349568,22150492160,33104523264,32768,quickpizza/quickpizza-8b95978b5-jgvvs,quickpizza,quickpizza-8b95978b5-jgvvs,quickpizza,flux,Neuronet-ClusterTest,68315.604,0.0,flux,flux-node3,flux-node3.av.it.pt,311,neuronet-5g-core,0.138528617684643,85899345920,85899345920,0,0,8878899200,17179869184,8300969984,48.3180046081543,running,0,0,0,0,1221024,right,pdu,66.766,63.55,165162.00784477,0.292,9.8,165162.00784477,1.564,0.99,-6.317,2282.93
2025-09-05 17:49:56,quickpizza,quickpizza-8b95978b5-jgvvs,quickpizza,neuronet-k8s-w2,flux,r4,Neuronet-ClusterTest,2208509099000,1884814804,22139977728,33104523264,47828992,0,18503990,96169984,101449728,101449728,22139977728,33104523264,32768,quickpizza/quickpizza-8b95978b5-jgvvs,quickpizza,quickpizza-8b95978b5-jgvvs,quickpizza,flux,Neuronet-ClusterTest,68315.604,0.0,flux,flux-node5,flux-node5.av.it.pt,304,neuronet-k8s-w2,0.785270401424345,34359738368,34359738368,0,0,475140096,4294967296,3819827200,88.93728256225586,running,0,0,0,0,5471708,left,pdu,60.218,64.679,146806.00697291,0.267,16.3,146806.00697291,1.623,0.987,-7.434,2113.07
2025-09-05 17:50:56,quickpizza,quickpizza-8b95978b5-jgvvs,quickpizza,neuronet-k8s-w2,flux,r4,Neuronet-ClusterTest,2323270898000,1681001970,22142943232,33104523264,44208128,0,19382079,78229504,82956288,82956288,22142943232,33104523264,32768,quickpizza/quickpizza-8b95978b5-jgvvs,quickpizza,quickpizza-8b95978b5-jgvvs,quickpizza,flux,Neuronet-ClusterTest,68315.604,0.0,flux,flux-node4,flux-node4.av.it.pt,179,neuronet-m1,0.356871058590428,64424509440,64424509440,0,0,320729088,4294967296,3974238208,92.53244400024414,running,0,0,0,0,8814959,left,pdu,71.247,72.094,178703.00848794,0.313,14.8,178703.00848794,1.676,0.988,-7.963,4366.33
2025-09-05 17:51:56,quickpizza,quickpizza-8b95978b5-jgvvs,quickpizza,neuronet-k8s-w2,flux,r4,Neuronet-ClusterTest,2387949834000,724788435,22140628992,33104523264,46051328,0,20221348,61018112,64331776,64331776,22140628992,33104523264,32768,quickpizza/quickpizza-8b95978b5-jgvvs,quickpizza,quickpizza-8b95978b5-jgvvs,quickpizza,flux,Neuronet-ClusterTest,68315.604,0.0,flux,flux-node3,flux-node3.av.it.pt,311,neuronet-5g-core,0.146906521079145,85899345920,85899345920,0,0,8878448640,17179869184,8301420544,48.320627212524414,running,0,0,0,0,1221204,right,pdu,94.973,93.518,217805.01034518,0.414,7.8,217805.01034518,1.606,0.996,-0.874,991.24
2025-09-05 17:52:56,quickpizza,quickpizza-8b95978b5-jgvvs,quickpizza,neuronet-k8s-w2,flux,r4,Neuronet-ClusterTest,2444993389000,1446784969,22138417152,33104523264,47910912,0,21007949,69312512,72978432,72978432,22138417152,33104523264,32768,quickpizza/quickpizza-8b95978b5-jgvvs,quickpizza,quickpizza-8b95978b5-jgvvs,quickpizza,flux,Neuronet-ClusterTest,68315.604,0.0,flux,flux-node1,flux-node1.av.it.pt,188,neuronet-m2,0.35463961381414,64424509440,64424509440,0,0,530251776,4294967296,3764715520,87.65411376953125,running,0,0,0,0,9772105,left,pdu,73.39,74.252,178705.00848803,0.322,13.8,178705.00848803,1.665,0.988,-8.13,3039.28
2025-09-05 17:53:56,quickpizza,quickpizza-8b95978b5-jgvvs,quickpizza,neuronet-k8s-w2,flux,r4,Neuronet-ClusterTest,2526723425000,1770174196,22143512576,33104523264,43888640,0,21699407,98201600,103063552,103063552,22143512576,33104523264,32768,quickpizza/quickpizza-8b95978b5-jgvvs,quickpizza,quickpizza-8b95978b5-jgvvs,quickpizza,flux,Neuronet-ClusterTest,68315.604,0.0,flux,flux-node3,flux-node3.av.it.pt,306,neuronet-k8s-lb,0.0154062651684773,34359738368,34359738368,0,0,387678208,2147483648,1759805440,81.94732666015625,running,0,0,0,0,5094278,left,pdu,62.131,64.421,146810.0069731,0.275,13.3,146810.0069731,1.649,0.97,-7.486,1583.31
2025-09-05 17:54:56,quickpizza,quickpizza-8b95978b5-jgvvs,quickpizza,neuronet-k8s-w2,flux,r4,Neuronet-ClusterTest,2637982886000,1908751493,22144319488,33104523264,42823680,0,22514440,93069312,98373632,98373632,22144319488,33104523264,32768,quickpizza/quickpizza-8b95978b5-jgvvs,quickpizza,quickpizza-8b95978b5-jgvvs,quickpizza,flux,Neuronet-ClusterTest,68315.604,0.0,flux,flux-node3,flux-node3.av.it.pt,185,neuronet-lb,0.011463348594971,34359738368,34359738368,0,0,285630464,2147483648,1861853184,86.69929504394531,running,0,0,0,0,9265615,left,pdu,61.554,58.382,146811.00697315,0.275,15.1,146811.00697315,1.721,0.979,-7.259,6656.77
2025-09-05 17:55:56,quickpizza,quickpizza-8b95978b5-jgvvs,quickpizza,neuronet-k8s-w2,flux,r4,Neuronet-ClusterTest,2758641019000,1639051387,22146969600,33104523264,39092224,0,23394892,75931648,80424960,80424960,22146969600,33104523264,32768,quickpizza/quickpizza-8b95978b5-jgvvs,quickpizza,quickpizza-8b95978b5-jgvvs,quickpizza,flux,Neuronet-ClusterTest,68315.604,0.0,flux,flux-node4,flux-node4.av.it.pt,179,neuronet-m1,0.414740552253193,64424509440,64424509440,0,0,317874176,4294967296,3977093120,92.59891510009766,running,0,0,0,0,8815259,left,pdu,83.213,82.486,178709.00848822,0.365,15.8,178709.00848822,1.603,0.99,-7.653,2813.36
2025-09-05 17:56:56,quickpizza,quickpizza-8b95978b5-jgvvs,quickpizza,neuronet-k8s-w2,flux,r4,Neuronet-ClusterTest,2829557776000,810680962,22143811584,33104523264,40996864,0,24298830,60616704,64208896,64208896,22143811584,33104523264,32768,quickpizza/quickpizza-8b95978b5-jgvvs,quickpizza,quickpizza-8b95978b5-jgvvs,quickpizza,flux,Neuronet-ClusterTest,68315.604,0.0,flux,flux-node3,flux-node3.av.it.pt,311,neuronet-5g-core,0.146096501354333,85899345920,85899345920,0,0,8872697856,17179869184,8307171328,48.35410118103027,running,0,0,0,0,1221505,left,pdu,70.44,75.95,178710.00848827,0.309,16.1,178710.00848827,1.716,0.987,-7.776,1004.11
2025-09-05 17:57:56,quickpizza,quickpizza-8b95978b5-jgvvs,quickpizza,neuronet-k8s-w2,flux,r4,Neuronet-ClusterTest,2878320422000,1433962096,22141964288,33104523264,42942464,0,24962428,68276224,72024064,72024064,22141964288,33104523264,32768,quickpizza/quickpizza-8b95978b5-jgvvs,quickpizza,quickpizza-8b95978b5-jgvvs,quickpizza,flux,Neuronet-ClusterTest,68315.604,0.0,flux,flux-node1,flux-node1.av.it.pt,301,neuronet-k8s-m2,0.277388478224721,34359738368,34359738368,0,0,459689984,4294967296,3835277312,89.2970085144043,running,0,0,0,0,5514547,left,pdu,74.221,74.757,178711.00848832,0.326,13.1,178711.00848832,1.73,0.986,-7.931,3086.92
2025-09-05 17:58:56,quickpizza,quickpizza-8b95978b5-jgvvs,quickpizza,neuronet-k8s-w2,flux,r4,Neuronet-ClusterTest,251936000,13875176,22159462400,33104523264,25759744,0,4544,8445952,8970240,8970240,22159462400,33104523264,32768,quickpizza/quickpizza-8b95978b5-jgvvs,,,,,,,,flux,flux-node3,flux-node3.av.it.pt,185,neuronet-lb,0.0122388892811575,34359738368,34359738368,0,0,284831744,2147483648,1862651904,86.73648834228516,running,0,0,0,0,9265855,right,pdu,95.423,89.038,217816.0103457,0.416,6.0,217816.0103457,1.624,0.996,-0.636,4862.62
2025-09-05 17:59:56,quickpizza,quickpizza-8b95978b5-jgvvs,quickpizza,neuronet-k8s-w2,flux,r4,Neuronet-ClusterTest,123659353000,2434364228,22141284352,33104523264,43749376,0,65634,161394688,168624128,168624128,22141284352,33104523264,32768,quickpizza/quickpizza-8b95978b5-jgvvs,quickpizza,quickpizza-8b95978b5-jgvvs,quickpizza,flux,Neuronet-ClusterTest,9074.211,0.0,flux,flux-node3,flux-node3.av.it.pt,311,neuronet-5g-core,0.146216816419872,85899345920,85899345920,0,0,8880791552,17179869184,8299077632,48.306989669799805,running,0,0,0,0,1221684,left,pdu,71.279,74.638,178714.00848846,0.314,13.4,178714.00848846,1.652,0.979,-8.11,3490.1
2025-09-05 18:00:56,quickpizza,quickpizza-8b95978b5-jgvvs,quickpizza,neuronet-k8s-w2,flux,r4,Neuronet-ClusterTest,290326370000,1943178512,22137323520,33104523264,46407680,0,227356,67854336,72597504,72597504,22137323520,33104523264,32768,quickpizza/quickpizza-8b95978b5-jgvvs,quickpizza,quickpizza-8b95978b5-jgvvs,quickpizza,flux,Neuronet-ClusterTest,16539.036,124413750.0,flux,flux-node3,flux-node3.av.it.pt,185,neuronet-lb,0.0073761100293756,34359738368,34359738368,0,0,287375360,2147483648,1860108288,86.6180419921875,running,0,0,0,0,9265975,right,pdu,64.552,73.119,165176.00784544,0.283,12.7,165176.00784544,1.667,0.988,-6.15,2071.79
2025-09-05 18:01:56,quickpizza,quickpizza-8b95978b5-jgvvs,quickpizza,neuronet-k8s-w2,flux,r4,Neuronet-ClusterTest,337824552000,209935531,22145236992,33104523264,37711872,0,597382,57982976,61304832,61304832,22145236992,33104523264,32768,quickpizza/quickpizza-8b95978b5-jgvvs,quickpizza,quickpizza-8b95978b5-jgvvs,quickpizza,flux,Neuronet-ClusterTest,19734.651,53260250.00000003,flux,flux-node3,flux-node3.av.it.pt,185,neuronet-lb,0.0143704772167013,34359738368,34359738368,0,0,287035392,2147483648,1860448256,86.63387298583984,running,0,0,0,0,9266035,left,pdu,82.216,85.909,182865.00868562,0.36,10.5,182865.00868562,1.582,0.993,-4.078,770.23
2025-09-05 18:02:56,quickpizza,quickpizza-8b95978b5-jgvvs,quickpizza,neuronet-k8s-w2,flux,r4,Neuronet-ClusterTest,387282801000,1570707058,22143291392,33104523264,39620608,0,1052473,68509696,72638464,72638464,22143291392,33104523264,32768,quickpizza/quickpizza-8b95978b5-jgvvs,quickpizza,quickpizza-8b95978b5-jgvvs,quickpizza,flux,Neuronet-ClusterTest,23981.61,70782649.99999997,flux,flux-node5,flux-node5.av.it.pt,184,neuronet-w3,0.369473771599492,64424509440,64424509440,0,0,7287222272,34359738368,27072516096,78.79139184951782,running,0,0,0,0,9772771,left,pdu,60.739,60.934,146820.00697358,0.27,18.2,146820.00697358,1.723,0.972,-7.199,4095.89
2025-09-05 18:03:56,quickpizza,quickpizza-8b95978b5-jgvvs,quickpizza,neuronet-k8s-w2,flux,r4,Neuronet-ClusterTest,478718801000,2026112869,22133985280,33104523264,48930816,0,1654358,88461312,93982720,93982720,22133985280,33104523264,32768,quickpizza/quickpizza-8b95978b5-jgvvs,quickpizza,quickpizza-8b95978b5-jgvvs,quickpizza,flux,Neuronet-ClusterTest,31087.686,118434600.0,flux,flux-node1,flux-node1.av.it.pt,300,neuronet-k8s-m1,0.2988470431168,34359738368,34359738368,0,0,731062272,4294967296,3563905024,82.97863006591797,running,0,0,0,0,5515081,left,pdu,65.275,65.53,146821.00697362,0.287,13.6,146821.00697362,1.689,0.985,-7.422,5708.3
2025-09-05 18:04:56,quickpizza,quickpizza-8b95978b5-jgvvs,quickpizza,neuronet-k8s-w2,flux,r4,Neuronet-ClusterTest,13043199000,2698933268,22160150528,33104523264,22392832,0,0,0,0,108908544,22160150528,33104523264,32768,quickpizza/quickpizza-8b95978b5-jgvvs,quickpizza,quickpizza-8b95978b5-jgvvs,quickpizza,flux,Neuronet-ClusterTest,34620.417,58878849.99999999,flux,flux-node4,flux-node4.av.it.pt,179,neuronet-m1,0.390189710028193,64424509440,64424509440,0,0,471707648,4294967296,3823259648,89.0172004699707,running,0,0,0,0,8815798,left,pdu,67.307,69.541,178720.00848874,0.299,14.6,178720.00848874,1.739,0.98,-7.724,3697.27
2025-09-05 18:05:56,quickpizza,quickpizza-8b95978b5-jgvvs,quickpizza,neuronet-k8s-w2,flux,r4,Neuronet-ClusterTest,118517340000,1981255249,22146994176,33104523264,34611200,0,180297,71446528,76398592,76398592,22146994176,33104523264,32768,quickpizza/quickpizza-8b95978b5-jgvvs,quickpizza,quickpizza-8b95978b5-jgvvs,quickpizza,flux,Neuronet-ClusterTest,34620.417,0.0,flux,flux-node5,flux-node5.av.it.pt,184,neuronet-w3,0.411731614360873,64424509440,64424509440,0,0,7071236096,34359738368,27288502272,79.41999435424805,running,0,0,0,0,9772950,left,pdu,70.114,76.248,178721.00848879,0.31,12.8,178721.00848879,1.602,0.988,-7.629,1789.74
2025-09-05 18:06:56,quickpizza,quickpizza-8b95978b5-jgvvs,quickpizza,neuronet-k8s-w2,flux,r4,Neuronet-ClusterTest,188806757000,298307160,22144651264,33104523264,36454400,0,713564,54288384,57384960,57384960,22144651264,33104523264,32768,quickpizza/quickpizza-8b95978b5-jgvvs,quickpizza,quickpizza-8b95978b5-jgvvs,quickpizza,flux,Neuronet-ClusterTest,34620.417,0.0,flux,flux-node5,flux-node5.av.it.pt,303,neuronet-k8s-w1,0.173456270121053,34359738368,34359738368,0,0,359620608,4294967296,3935346688,91.6269302368164,running,0,0,0,0,5472872,left,pdu,61.173,59.491,146824.00697377,0.271,18.3,146824.00697377,1.758,0.959,-7.259,772.65
2025-09-05 18:07:56,quickpizza,quickpizza-8b95978b5-jgvvs,quickpizza,neuronet-k8s-w2,flux,r4,Neuronet-ClusterTest,226383809000,1431133138,22142337024,33104523264,38416384,0,1058614,60178432,63787008,63787008,22142337024,33104523264,32768,quickpizza/quickpizza-8b95978b5-jgvvs,quickpizza,quickpizza-8b95978b5-jgvvs,quickpizza,flux,Neuronet-ClusterTest,34620.417,0.0,flux,flux-node4,flux-node4.av.it.pt,182,neuronet-w1,0.178777431391793,64424509440,64424509440,0,0,27666718720,34359738368,6693019648,19.47925090789795,running,0,0,0,0,5470801,left,pdu,74.364,74.38,178724.00848893,0.327,15.6,178724.00848893,1.645,0.988,-7.728,2697.61
2025-09-05 18:08:56,quickpizza,quickpizza-8b95978b5-jgvvs,quickpizza,neuronet-k8s-w2,flux,r4,Neuronet-ClusterTest,322510467000,1888712257,22143340544,33104523264,36962304,0,1750292,83156992,88023040,88023040,22143340544,33104523264,32768,quickpizza/quickpizza-8b95978b5-jgvvs,quickpizza,quickpizza-8b95978b5-jgvvs,quickpizza,flux,Neuronet-ClusterTest,34620.417,0.0,flux,flux-node5,flux-node5.av.it.pt,181,neuronet-m3,0.373068577646803,64424509440,64424509440,0,0,595263488,4294967296,3699703808,86.14044189453125,running,0,0,0,0,9773174,left,pdu,96.242,96.735,209294.00994093,0.42,10.0,209294.00994093,1.548,0.997,-5.287,4651.94
2025-09-05 18:09:56,quickpizza,quickpizza-8b95978b5-jgvvs,quickpizza,neuronet-k8s-w2,flux,r4,Neuronet-ClusterTest,461638137000,2033841456,22143119360,33104523264,38940672,0,2420956,96952320,102744064,102744064,22143119360,33104523264,32768,quickpizza/quickpizza-8b95978b5-jgvvs,quickpizza,quickpizza-8b95978b5-jgvvs,quickpizza,flux,Neuronet-ClusterTest,34620.417,0.0,flux,flux-node1,flux-node1.av.it.pt,300,neuronet-k8s-m1,0.2962327451567,34359738368,34359738368,0,0,711548928,4294967296,3583418368,83.4329605102539,running,0,0,0,0,5515440,left,pdu,68.178,62.051,146827.00697391,0.304,16.3,146827.00697391,1.725,0.974,-7.382,2575.47
2025-09-05 18:10:56,quickpizza,quickpizza-8b95978b5-jgvvs,quickpizza,neuronet-k8s-w2,flux,r4,Neuronet-ClusterTest,565172681000,1741945962,22144282624,33104523264,36249600,0,3077788,73879552,78667776,78667776,22144282624,33104523264,32768,quickpizza/quickpizza-8b95978b5-jgvvs,quickpizza,quickpizza-8b95978b5-jgvvs,quickpizza,flux,Neuronet-ClusterTest,34620.417,0.0,flux,flux-node1,flux-node1.av.it.pt,302,neuronet-k8s-m3,0.264567654227034,34359738368,34359738368,0,0,501170176,4294967296,3793797120,88.33122253417969,running,0,0,0,0,5515305,left,pdu,73.743,69.108,178727.00848908,0.325,11.9,178727.00848908,1.658,0.982,-7.983,1553.94
2025-09-05 18:11:56,quickpizza,quickpizza-8b95978b5-jgvvs,quickpizza,neuronet-k8s-w2,flux,r4,Neuronet-ClusterTest,643683602000,194478105,22140854272,33104523264,38252544,0,4008561,57925632,60932096,60932096,22140854272,33104523264,32768,quickpizza/quickpizza-8b95978b5-jgvvs,quickpizza,quickpizza-8b95978b5-jgvvs,quickpizza,flux,Neuronet-ClusterTest,34620.417,0.0,flux,flux-node1,flux-node1.av.it.pt,301,neuronet-k8s-m2,0.344175129670011,34359738368,34359738368,0,0,452616192,4294967296,3842351104,89.46170806884766,running,0,0,0,0,5515386,left,pdu,87.718,90.099,182878.00868624,0.384,10.9,182878.00868624,1.699,0.992,-4.723,773.71
2025-09-05 18:12:56,quickpizza,quickpizza-8b95978b5-jgvvs,quickpizza,neuronet-k8s-w2,flux,r4,Neuronet-ClusterTest,688136912000,1391552461,22139146240,33104523264,40140800,0,4599320,66789376,70799360,70799360,22139146240,33104523264,32768,quickpizza/quickpizza-8b95978b5-jgvvs,quickpizza,quickpizza-8b95978b5-jgvvs,quickpizza,flux,Neuronet-ClusterTest,34620.417,0.0,flux,flux-node3,flux-node3.av.it.pt,185,neuronet-lb,0.0126931491670776,34359738368,34359738368,0,0,286449664,2147483648,1861033984,86.66114807128906,running,0,0,0,0,9266695,left,pdu,95.037,83.85,209301.00994126,0.415,13.1,209301.00994126,1.584,0.994,-3.963,2634.75
2025-09-05 18:13:56,quickpizza,quickpizza-8b95978b5-jgvvs,quickpizza,neuronet-k8s-w2,flux,r4,Neuronet-ClusterTest,797191538000,1979211006,22141853696,33104523264,37662720,0,5529065,93945856,99618816,99618816,22141853696,33104523264,32768,quickpizza/quickpizza-8b95978b5-jgvvs,quickpizza,quickpizza-8b95978b5-jgvvs,quickpizza,flux,Neuronet-ClusterTest,34620.417,0.0,flux,flux-node1,flux-node1.av.it.pt,301,neuronet-k8s-m2,0.331963766629943,34359738368,34359738368,0,0,441962496,4294967296,3853004800,89.70975875854492,running,0,0,0,0,5515505,right,pdu,99.279,94.806,217839.0103468,0.433,7.2,217839.0103468,1.618,0.997,-1.065,1696.57
2025-09-05 18:14:56,quickpizza,quickpizza-8b95978b5-jgvvs,quickpizza,neuronet-k8s-w2,flux,r4,Neuronet-ClusterTest,908496564000,1892007714,22131146752,33104523264,36634624,0,6299781,87658496,92975104,92975104,22131146752,33104523264,32768,quickpizza/quickpizza-8b95978b5-jgvvs,quickpizza,quickpizza-8b95978b5-jgvvs,quickpizza,flux,Neuronet-ClusterTest,34620.417,0.0,flux,flux-node4,flux-node4.av.it.pt,179,neuronet-m1,0.386317687751857,64424509440,64424509440,0,0,515416064,4294967296,3779551232,87.9995346069336,running,0,0,0,0,8816398,right,pdu,74.674,71.696,165192.0078462,0.307,10.3,165192.0078462,1.539,0.993,-6.162,4142.53
2025-09-05 18:15:56,quickpizza,quickpizza-8b95978b5-jgvvs,quickpizza,neuronet-k8s-w2,flux,r4,Neuronet-ClusterTest,1009100842000,1667517169,22133768192,33104523264,44191744,0,7056109,73490432,78098432,78098432,22133768192,33104523264,32768,quickpizza/quickpizza-8b95978b5-jgvvs,quickpizza,quickpizza-8b95978b5-jgvvs,quickpizza,flux,Neuronet-ClusterTest,34620.417,0.0,flux,flux-node3,flux-node3.av.it.pt,311,neuronet-5g-core,0.148887945925607,85899345920,85899345920,0,0,8886685696,17179869184,8293183488,48.27268123626709,running,0,0,0,0,1222644,left,pdu,59.539,63.105,146833.00697419,0.264,14.8,146833.00697419,1.646,0.984,-7.398,3612.43
2025-09-05 18:16:56,quickpizza,quickpizza-8b95978b5-jgvvs,quickpizza,neuronet-k8s-w2,flux,r4,Neuronet-ClusterTest,1084454677000,642009990,22130864128,33104523264,46202880,0,7972803,59932672,63012864,63012864,22130864128,33104523264,32768,quickpizza/quickpizza-8b95978b5-jgvvs,quickpizza,quickpizza-8b95978b5-jgvvs,quickpizza,flux,Neuronet-ClusterTest,34620.417,0.0,flux,flux-node5,flux-node5.av.it.pt,184,neuronet-w3,0.44002874465328,64424509440,64424509440,0,0,7075397632,34359738368,27284340736,79.40788269042969,running,0,0,0,0,9773610,right,pdu,99.736,96.802,217844.01034703,0.434,7.0,217844.01034703,1.553,0.997,-0.401,782.54
2025-09-05 18:17:56,quickpizza,quickpizza-8b95978b5-jgvvs,quickpizza,neuronet-k8s-w2,flux,r4,Neuronet-ClusterTest,1134943943000,1433885818,22141177856,33104523264,35876864,0,8671863,69328896,73306112,73306112,22141177856,33104523264,32768,quickpizza/quickpizza-8b95978b5-jgvvs,quickpizza,quickpizza-8b95978b5-jgvvs,quickpizza,flux,Neuronet-ClusterTest,34620.417,0.0,flux,flux-node5,flux-node5.av.it.pt,181,neuronet-m3,0.363027668731129,64424509440,64424509440,0,0,598908928,4294967296,3696058368,86.0555648803711,running,0,0,0,0,9773713,right,pdu,67.736,71.465,165195.00784634,0.296,10.8,165195.00784634,1.624,0.989,-6.357,4563.0
2025-09-05 18:18:56,quickpizza,quickpizza-8b95978b5-jgvvs,quickpizza,neuronet-k8s-w2,flux,r4,Neuronet-ClusterTest,1230009893000,1782901381,22133354496,33104523264,43593728,0,9512053,85909504,90841088,90841088,22133354496,33104523264,32768,quickpizza/quickpizza-8b95978b5-jgvvs,quickpizza,quickpizza-8b95978b5-jgvvs,quickpizza,flux,Neuronet-ClusterTest,34620.417,0.0,flux,flux-node1,flux-node1.av.it.pt,301,neuronet-k8s-m2,0.345671621243469,34359738368,34359738368,0,0,432398336,4294967296,3862568960,89.93244171142578,running,0,0,0,0,5515806,right,pdu,93.82,97.104,217847.01034718,0.409,7.6,217847.01034718,1.56,0.997,-0.671,4650.74
2025-09-05 18:19:56,quickpizza,quickpizza-8b95978b5-jgvvs,quickpizza,neuronet-k8s-w2,flux,r4,Neuronet-ClusterTest,35439986000,2612725554,22153678848,33104523264,22921216,0,49259,152485888,158384128,158384128,22153678848,33104523264,32768,quickpizza/quickpizza-8b95978b5-jgvvs,quickpizza,quickpizza-8b95978b5-jgvvs,quickpizza,flux,Neuronet-ClusterTest,34620.417,0.0,flux,flux-node5,flux-node5.av.it.pt,305,neuronet-k8s-w3,0.287946729042707,34359738368,34359738368,0,0,1618268160,4294967296,2676699136,62.32175827026367,running,0,0,0,0,5473491,right,pdu,67.251,72.396,165198.00784648,0.294,11.0,165198.00784648,1.585,0.988,-6.281,3124.16
2025-09-05 18:20:56,quickpizza,quickpizza-8b95978b5-jgvvs,quickpizza,neuronet-k8s-w2,flux,r4,Neuronet-ClusterTest,176217550000,1851559746,22140989440,33104523264,34627584,0,225768,66236416,70983680,70983680,22140989440,33104523264,32768,quickpizza/quickpizza-8b95978b5-jgvvs,quickpizza,quickpizza-8b95978b5-jgvvs,quickpizza,flux,Neuronet-ClusterTest,34620.417,0.0,flux,flux-node5,flux-node5.av.it.pt,305,neuronet-k8s-w3,0.281276114764476,34359738368,34359738368,0,0,1570471936,4294967296,2724495360,63.434600830078125,running,0,0,0,0,5473550,right,pdu,45.493,48.943,119377.0056701,0.202,17.8,119377.0056701,1.692,0.977,-8.249,2596.38
2025-09-05 18:21:56,quickpizza,quickpizza-8b95978b5-jgvvs,quickpizza,neuronet-k8s-w2,flux,r4,Neuronet-ClusterTest,236459577000,368958985,22138556416,33104523264,36478976,0,715854,56619008,60071936,60071936,22138556416,33104523264,32768,quickpizza/quickpizza-8b95978b5-jgvvs,quickpizza,quickpizza-8b95978b5-jgvvs,quickpizza,flux,Neuronet-ClusterTest,34620.417,0.0,flux,flux-node5,flux-node5.av.it.pt,184,neuronet-w3,0.277165289854614,64424509440,64424509440,0,0,7306797056,34359738368,27052941312,78.7344217300415,running,0,0,0,0,9773911,left,pdu,69.084,76.435,178741.00848974,0.304,14.4,178741.00848974,1.681,0.986,-7.915,779.7
2025-09-05 18:22:56,quickpizza,quickpizza-8b95978b5-jgvvs,quickpizza,neuronet-k8s-w2,flux,r4,Neuronet-ClusterTest,279015246000,1463314484,22136336384,33104523264,27308032,0,1095170,65421312,69775360,69775360,22136336384,33104523264,32768,quickpizza/quickpizza-8b95978b5-jgvvs,quickpizza,quickpizza-8b95978b5-jgvvs,quickpizza,flux,Neuronet-ClusterTest,34620.417,0.0,flux,flux-node5,flux-node5.av.it.pt,305,neuronet-k8s-w3,0.332775765745113,34359738368,34359738368,0,0,1551159296,4294967296,2743808000,63.88425827026367,running,0,0,0,0,5473670,left,pdu,59.149,61.328,146841.00697457,0.263,14.0,146841.00697457,1.613,0.981,-7.195,4333.25
2025-09-05 18:23:56,quickpizza,quickpizza-8b95978b5-jgvvs,quickpizza,neuronet-k8s-w2,flux,r4,Neuronet-ClusterTest,368632364000,1995349186,22137270272,33104523264,36982784,0,1653969,91291648,96960512,96960512,22137270272,33104523264,32768,quickpizza/quickpizza-8b95978b5-jgvvs,quickpizza,quickpizza-8b95978b5-jgvvs,quickpizza,flux,Neuronet-ClusterTest,34620.417,0.0,flux,flux-node4,flux-node4.av.it.pt,179,neuronet-m1,0.396568197221643,64424509440,64424509440,0,0,481533952,4294967296,3813433344,88.78841400146484,running,0,0,0,0,8816938,left,pdu,76.598,77.572,182895.00868705,0.334,9.4,182895.00868705,1.65,0.995,-3.812,2329.03
2025-09-05 18:25:56,quickpizza,quickpizza-8b95978b5-jgvvs,quickpizza,neuronet-k8s-w2,flux,r4,Neuronet-ClusterTest,91739723000,1752407455,22147379200,33104523264,27119616,0,301497,61734912,66711552,66711552,22147379200,33104523264,32768,quickpizza/quickpizza-8b95978b5-jgvvs,quickpizza,quickpizza-8b95978b5-jgvvs,quickpizza,flux,Neuronet-ClusterTest,5886.915,99204101.69491526,flux,flux-node3,flux-node3.av.it.pt,311,neuronet-5g-core,0.127140686921027,85899345920,85899345920,0,0,8867213312,17179869184,8312655872,48.38602542877197,running,0,0,0,0,1223244,left,pdu,73.68,74.65,178746.00848998,0.299,17.4,178746.00848998,1.653,0.987,-8.038,1874.6
2025-09-05 18:26:56,quickpizza,quickpizza-8b95978b5-jgvvs,quickpizza,neuronet-k8s-w2,flux,r4,Neuronet-ClusterTest,139421601000,87298148,22144045056,33104523264,28983296,0,718994,52813824,55730176,55730176,22144045056,33104523264,32768,quickpizza/quickpizza-8b95978b5-jgvvs,quickpizza,quickpizza-8b95978b5-jgvvs,quickpizza,flux,Neuronet-ClusterTest,9236.367,55824200.00000001,flux,flux-node1,flux-node1.av.it.pt,188,neuronet-m2,0.342486700297944,64424509440,64424509440,0,0,517246976,4294967296,3777720320,87.95690536499023,running,0,0,0,0,9774144,left,pdu,64.349,62.473,146845.00697476,0.285,15.3,146845.00697476,1.628,0.985,-7.176,772.21
2025-09-05 18:27:56,quickpizza,quickpizza-8b95978b5-jgvvs,quickpizza,neuronet-k8s-w2,flux,r4,Neuronet-ClusterTest,189688790000,1579991923,22142382080,33104523264,30986240,0,1164559,64827392,68300800,68300800,22142382080,33104523264,32768,quickpizza/quickpizza-8b95978b5-jgvvs,quickpizza,quickpizza-8b95978b5-jgvvs,quickpizza,flux,Neuronet-ClusterTest,13658.547,73703000.0,flux,flux-node1,flux-node1.av.it.pt,300,neuronet-k8s-m1,0.295928997253468,34359738368,34359738368,0,0,721108992,4294967296,3573858304,83.21037292480469,running,0,0,0,0,5516520,left,pdu,73.994,87.221,178748.00849007,0.344,13.7,178748.00849007,1.663,0.982,-7.899,2810.52
2025-09-05 18:28:56,quickpizza,quickpizza-8b95978b5-jgvvs,quickpizza,neuronet-k8s-w2,flux,r4,Neuronet-ClusterTest,275797928000,1914575237,22133022720,33104523264,40624128,0,1697459,84959232,90406912,90406912,22133022720,33104523264,32768,quickpizza/quickpizza-8b95978b5-jgvvs,quickpizza,quickpizza-8b95978b5-jgvvs,quickpizza,flux,Neuronet-ClusterTest,20776.791,118637400.0,flux,flux-node3,flux-node3.av.it.pt,185,neuronet-lb,0.0111883101028833,34359738368,34359738368,0,0,283435008,2147483648,1864048640,86.80152893066406,running,0,0,0,0,9267655,left,pdu,77.52,78.47,178749.00849012,0.341,16.8,178749.00849012,1.706,0.987,-7.975,3759.54
2025-09-05 18:29:56,quickpizza,quickpizza-8b95978b5-jgvvs,quickpizza,neuronet-k8s-w2,flux,r4,Neuronet-ClusterTest,397895634000,1985873225,22130831360,33104523264,42352640,0,2333967,93552640,99225600,99225600,22130831360,33104523264,32768,quickpizza/quickpizza-8b95978b5-jgvvs,quickpizza,quickpizza-8b95978b5-jgvvs,quickpizza,flux,Neuronet-ClusterTest,28048.506,121195250.0,flux,flux-node5,flux-node5.av.it.pt,305,neuronet-k8s-w3,0.462551581626842,34359738368,34359738368,0,0,1603227648,4294967296,2691739648,62.67194747924805,running,0,0,0,0,5474090,left,pdu,62.238,68.054,146848.00697491,0.274,16.1,146848.00697491,1.688,0.983,-7.521,4317.37
2025-09-05 18:30:56,quickpizza,quickpizza-8b95978b5-jgvvs,quickpizza,neuronet-k8s-w2,flux,r4,Neuronet-ClusterTest,513341433000,1804604411,22130651136,33104523264,41385984,0,3113906,68591616,73379840,73379840,22130651136,33104523264,32768,quickpizza/quickpizza-8b95978b5-jgvvs,quickpizza,quickpizza-8b95978b5-jgvvs,quickpizza,flux,Neuronet-ClusterTest,34936.092,114793099.99999993,flux,flux-node3,flux-node3.av.it.pt,311,neuronet-5g-core,0.15131056173051,85899345920,85899345920,0,0,8879144960,17179869184,8300724224,48.31657409667969,running,0,0,0,0,1223544,left,pdu,100.34,104.31,209329.00994259,0.439,10.4,209329.00994259,1.598,0.993,-6.571,3430.52
2025-09-05 18:31:56,quickpizza,quickpizza-8b95978b5-jgvvs,quickpizza,neuronet-k8s-w2,flux,r4,Neuronet-ClusterTest,590265238000,804783167,22127558656,33104523264,43388928,0,4021865,56201216,59973632,59973632,22127558656,33104523264,32768,quickpizza/quickpizza-8b95978b5-jgvvs,quickpizza,quickpizza-8b95978b5-jgvvs,quickpizza,flux,Neuronet-ClusterTest,38978.49,67373300.00000001,flux,flux-node5,flux-node5.av.it.pt,181,neuronet-m3,0.349255603632092,64424509440,64424509440,0,0,435703808,4294967296,3859263488,89.8554801940918,running,0,0,0,0,9774553,left,pdu,61.94,62.663,146850.006975,0.273,15.1,146850.006975,1.827,0.981,-7.394,992.44
2025-09-05 18:32:56,quickpizza,quickpizza-8b95978b5-jgvvs,quickpizza,neuronet-k8s-w2,flux,r4,Neuronet-ClusterTest,640369520000,1472285967,22136709120,33104523264,34344960,0,4681552,66342912,70217728,70217728,22136709120,33104523264,32768,quickpizza/quickpizza-8b95978b5-jgvvs,quickpizza,quickpizza-8b95978b5-jgvvs,quickpizza,flux,Neuronet-ClusterTest,43860.696,81370100.00000009,flux,flux-node3,flux-node3.av.it.pt,311,neuronet-5g-core,0.146965476369619,85899345920,85899345920,0,0,8873807872,17179869184,8306061312,48.34764003753662,running,0,0,0,0,1223664,left,pdu,70.09,77.572,178754.00849036,0.308,17.1,178754.00849036,1.732,0.986,-7.613,3270.77
2025-09-05 18:33:56,quickpizza,quickpizza-8b95978b5-jgvvs,quickpizza,neuronet-k8s-w2,flux,r4,Neuronet-ClusterTest,736120799000,1810512065,22128783360,33104523264,42188800,0,5521366,79667200,84271104,84271104,22128783360,33104523264,32768,quickpizza/quickpizza-8b95978b5-jgvvs,quickpizza,quickpizza-8b95978b5-jgvvs,quickpizza,flux,Neuronet-ClusterTest,50734.473,112684868.85245894,flux,flux-node3,flux-node3.av.it.pt,306,neuronet-k8s-lb,0.0144890455975017,34359738368,34359738368,0,0,385359872,2147483648,1762123776,82.05528259277344,running,0,0,0,0,5096678,left,pdu,69.549,70.285,178755.00849041,0.309,13.7,178755.00849041,1.662,0.982,-8.03,2629.72
2025-09-05 18:34:56,quickpizza,quickpizza-8b95978b5-jgvvs,quickpizza,neuronet-k8s-w2,flux,r4,Neuronet-ClusterTest,868718452000,1986630303,22127726592,33104523264,42663936,0,6299150,83066880,88592384,88592384,22127726592,33104523264,32768,quickpizza/quickpizza-8b95978b5-jgvvs,quickpizza,quickpizza-8b95978b5-jgvvs,quickpizza,flux,Neuronet-ClusterTest,57873.447,120999559.32203393,flux,flux-node5,flux-node5.av.it.pt,184,neuronet-w3,0.321626130970916,64424509440,64424509440,0,0,7274508288,34359738368,27085230080,78.82839441299438,running,0,0,0,0,9774690,right,pdu,68.69,69.227,165215.00784729,0.303,13.0,165215.00784729,1.598,0.992,-6.11,1551.24
2025-09-05 18:35:56,quickpizza,quickpizza-8b95978b5-jgvvs,quickpizza,neuronet-k8s-w2,flux,r4,Neuronet-ClusterTest,977805117000,1632961049,22130917376,33104523264,38768640,0,7098316,76308480,80969728,80969728,22130917376,33104523264,32768,quickpizza/quickpizza-8b95978b5-jgvvs,quickpizza,quickpizza-8b95978b5-jgvvs,quickpizza,flux,Neuronet-ClusterTest,64651.383,112965600.00000004,flux,flux-node3,flux-node3.av.it.pt,185,neuronet-lb,0.020548102209944,34359738368,34359738368,0,0,284831744,2147483648,1862651904,86.73648834228516,running,0,0,0,0,9268075,left,pdu,96.81,98.039,209337.00994297,0.423,9.3,209337.00994297,1.584,0.996,-4.556,3877.41
2025-09-05 18:36:56,quickpizza,quickpizza-8b95978b5-jgvvs,quickpizza,neuronet-k8s-w2,flux,r4,Neuronet-ClusterTest,1038170587000,415941471,22128259072,33104523264,40677376,0,7861092,58773504,62464000,62464000,22128259072,33104523264,32768,quickpizza/quickpizza-8b95978b5-jgvvs,quickpizza,quickpizza-8b95978b5-jgvvs,quickpizza,flux,Neuronet-ClusterTest,68896.101,70745299.99999988,flux,flux-node1,flux-node1.av.it.pt,302,neuronet-k8s-m3,0.297957627502348,34359738368,34359738368,0,0,472997888,4294967296,3821969408,88.9871597290039,running,0,0,0,0,5516865,left,pdu,95.935,96.504,209338.00994302,0.419,10.5,209338.00994302,1.622,0.994,-5.319,948.02
2025-09-05 18:37:56,quickpizza,quickpizza-8b95978b5-jgvvs,quickpizza,neuronet-k8s-w2,flux,r4,Neuronet-ClusterTest,1082032629000,1382294890,22126055424,33104523264,42598400,0,8483689,63926272,67878912,67878912,22126055424,33104523264,32768,quickpizza/quickpizza-8b95978b5-jgvvs,quickpizza,quickpizza-8b95978b5-jgvvs,quickpizza,flux,Neuronet-ClusterTest,73825.992,82164850.00000006,flux,flux-node3,flux-node3.av.it.pt,185,neuronet-lb,0.0127469258228372,34359738368,34359738368,0,0,284803072,2147483648,1862680576,86.73782348632812,running,0,0,0,0,9268195,left,pdu,99.764,97.132,209340.00994312,0.436,11.6,209340.00994312,1.57,0.996,-4.707,2869.62
2025-09-05 18:38:56,quickpizza,quickpizza-8b95978b5-jgvvs,quickpizza,neuronet-k8s-w2,flux,r4,Neuronet-ClusterTest,1190092085000,1758165448,22129160192,33104523264,39157760,0,9486775,79732736,84365312,84365312,22129160192,33104523264,32768,quickpizza/quickpizza-8b95978b5-jgvvs,quickpizza,quickpizza-8b95978b5-jgvvs,quickpizza,flux,Neuronet-ClusterTest,80647.371,113689650.0,flux,flux-node4,flux-node4.av.it.pt,179,neuronet-m1,0.394109806012715,64424509440,64424509440,0,0,488095744,4294967296,3806871552,88.63563537597656,running,0,0,0,0,8817838,left,pdu,92.055,81.647,182915.008688,0.402,10.5,182915.008688,1.63,0.994,-3.132,2468.92
2025-09-05 18:39:56,quickpizza,quickpizza-8b95978b5-jgvvs,quickpizza,neuronet-k8s-w2,flux,r4,Neuronet-ClusterTest,1310472272000,1842534419,22130135040,33104523264,37777408,0,10356590,80273408,85618688,85618688,22130135040,33104523264,32768,quickpizza/quickpizza-8b95978b5-jgvvs,quickpizza,quickpizza-8b95978b5-jgvvs,quickpizza,flux,Neuronet-ClusterTest,87652.05,116744650.00000006,flux,flux-node5,flux-node5.av.it.pt,305,neuronet-k8s-w3,0.316662790625278,34359738368,34359738368,0,0,1626357760,4294967296,2668609536,62.13340759277344,running,0,0,0,0,5474690,left,pdu,103.36,105.18,209343.00994326,0.452,11.7,209343.00994326,1.564,0.995,-4.85,1554.05
2025-09-05 18:40:56,quickpizza,quickpizza-8b95978b5-jgvvs,quickpizza,neuronet-k8s-w2,flux,r4,Neuronet-ClusterTest,1396927132000,1614972412,22134145024,33104523264,33144832,0,11081930,70254592,74661888,74661888,22134145024,33104523264,32768,quickpizza/quickpizza-8b95978b5-jgvvs,quickpizza,quickpizza-8b95978b5-jgvvs,quickpizza,flux,Neuronet-ClusterTest,94342.995,109687622.95081957,flux,flux-node3,flux-node3.av.it.pt,306,neuronet-k8s-lb,0.0152319404692431,34359738368,34359738368,0,0,384651264,2147483648,1762832384,82.0882797241211,running,0,0,0,0,5097098,left,pdu,66.313,67.208,178764.00849083,0.292,10.6,178764.00849083,1.698,0.986,-7.335,2271.78
2025-09-05 18:41:56,quickpizza,quickpizza-8b95978b5-jgvvs,quickpizza,neuronet-k8s-w2,flux,r4,Neuronet-ClusterTest,1474491922000,97984494,22131765248,33104523264,35147776,0,12078163,59641856,62615552,62615552,22131765248,33104523264,32768,quickpizza/quickpizza-8b95978b5-jgvvs,quickpizza,quickpizza-8b95978b5-jgvvs,quickpizza,flux,Neuronet-ClusterTest,98586.153,71917932.20339,flux,flux-node4,flux-node4.av.it.pt,179,neuronet-m1,0.337592368976266,64424509440,64424509440,0,0,327811072,4294967296,3967156224,92.3675537109375,running,0,0,0,0,8818018,left,pdu,63.013,61.244,146860.00697548,0.261,14.5,146860.00697548,1.685,0.984,-6.734,998.56
2025-09-05 18:42:56,quickpizza,quickpizza-8b95978b5-jgvvs,quickpizza,neuronet-k8s-w2,flux,r4,Neuronet-ClusterTest,1535787172000,1459529328,22130200576,33104523264,37023744,0,12889179,71049216,74764288,74764288,22130200576,33104523264,32768,quickpizza/quickpizza-8b95978b5-jgvvs,quickpizza,quickpizza-8b95978b5-jgvvs,quickpizza,flux,Neuronet-ClusterTest,103609.914,83729349.99999999,flux,flux-node4,flux-node4.av.it.pt,182,neuronet-w1,0.183825026233551,64424509440,64424509440,0,0,27672068096,34359738368,6687670272,19.463682174682617,running,0,0,0,0,5472901,left,pdu,74.523,80.49,178766.00849093,0.327,14.2,178766.00849093,1.683,0.984,-7.911,3292.84
2025-09-05 18:43:56,quickpizza,quickpizza-8b95978b5-jgvvs,quickpizza,neuronet-k8s-w2,flux,r4,Neuronet-ClusterTest,1635702148000,1857598272,22122926080,33104523264,33583104,0,13727094,77619200,82632704,82632704,22122926080,33104523264,32768,quickpizza/quickpizza-8b95978b5-jgvvs,quickpizza,quickpizza-8b95978b5-jgvvs,quickpizza,flux,Neuronet-ClusterTest,110465.865,114265850.0,flux,flux-node5,flux-node5.av.it.pt,305,neuronet-k8s-w3,0.294407629383549,34359738368,34359738368,0,0,1629638656,4294967296,2665328640,62.0570182800293,running,0,0,0,0,5474930,left,pdu,64.464,66.396,178768.00849102,0.285,14.2,178768.00849102,1.578,0.985,-7.931,1550.69
2025-09-05 18:44:56,quickpizza,quickpizza-8b95978b5-jgvvs,quickpizza,neuronet-k8s-w2,flux,r4,Neuronet-ClusterTest,1744331036000,1873482472,22123675648,33104523264,43458560,0,14514054,102936576,108670976,108670976,22123675648,33104523264,32768,quickpizza/quickpizza-8b95978b5-jgvvs,quickpizza,quickpizza-8b95978b5-jgvvs,quickpizza,flux,Neuronet-ClusterTest,117506.67,117346749.99999988,flux,flux-node4,flux-node4.av.it.pt,182,neuronet-w1,0.183075533938197,64424509440,64424509440,0,0,27665788928,34359738368,6693949440,19.481956958770752,running,0,0,0,0,5473022,right,pdu,66.468,66.985,165227.00784786,0.292,11.6,165227.00784786,1.584,0.99,-6.476,3244.32
2025-09-05 18:45:56,quickpizza,quickpizza-8b95978b5-jgvvs,quickpizza,neuronet-k8s-w2,flux,r4,Neuronet-ClusterTest,1828038846000,1657905215,22126497792,33104523264,39444480,0,15197707,70324224,74911744,74911744,22126497792,33104523264,32768,quickpizza/quickpizza-8b95978b5-jgvvs,quickpizza,quickpizza-8b95978b5-jgvvs,quickpizza,flux,Neuronet-ClusterTest,124202.886,111603600.0,flux,flux-node3,flux-node3.av.it.pt,306,neuronet-k8s-lb,0.01491168874107,34359738368,34359738368,0,0,382803968,2147483648,1764679680,82.17430114746094,running,0,0,0,0,5097398,right,pdu,91.069,96.162,217889.01034917,0.397,7.6,217889.01034917,1.598,0.997,-0.942,4024.39
2025-09-05 18:46:56,quickpizza,quickpizza-8b95978b5-jgvvs,quickpizza,neuronet-k8s-w2,flux,r4,Neuronet-ClusterTest,1912401720000,626390203,22123339776,33104523264,41447424,0,16275599,59830272,62885888,62885888,22123339776,33104523264,32768,quickpizza/quickpizza-8b95978b5-jgvvs,quickpizza,quickpizza-8b95978b5-jgvvs,quickpizza,flux,Neuronet-ClusterTest,128359.587,69278350.00000001,flux,flux-node3,flux-node3.av.it.pt,311,neuronet-5g-core,0.151370832987736,85899345920,85899345920,0,0,8866574336,17179869184,8313294848,48.38974475860596,running,0,0,0,0,1224505,right,pdu,72.173,70.961,165229.00784796,0.315,11.6,165229.00784796,1.576,0.992,-6.213,996.24
2025-09-05 18:47:56,quickpizza,quickpizza-8b95978b5-jgvvs,quickpizza,neuronet-k8s-w2,flux,r4,Neuronet-ClusterTest,1969207495000,1458238056,22121537536,33104523264,43335680,0,17059373,67448832,71303168,71303168,22121537536,33104523264,32768,quickpizza/quickpizza-8b95978b5-jgvvs,quickpizza,quickpizza-8b95978b5-jgvvs,quickpizza,flux,Neuronet-ClusterTest,133319.253,84062135.5932203,flux,flux-node1,flux-node1.av.it.pt,300,neuronet-k8s-m1,0.299273415042518,34359738368,34359738368,0,0,721801216,4294967296,3573166080,83.19425582885742,running,0,0,0,0,5517720,right,pdu,96.23,94.608,217892.01034931,0.419,9.1,217892.01034931,1.541,0.997,-0.838,2321.87
2025-09-05 18:48:56,quickpizza,quickpizza-8b95978b5-jgvvs,quickpizza,neuronet-k8s-w2,flux,r4,Neuronet-ClusterTest,2075443400000,1833102790,22125772800,33104523264,39153664,0,17952750,85405696,89968640,89968640,22125772800,33104523264,32768,quickpizza/quickpizza-8b95978b5-jgvvs,quickpizza,quickpizza-8b95978b5-jgvvs,quickpizza,flux,Neuronet-ClusterTest,140046.501,112120799.99999988,flux,flux-node5,flux-node5.av.it.pt,184,neuronet-w3,0.299935399548503,64424509440,64424509440,0,0,7280549888,34359738368,27079188480,78.81081104278564,running,0,0,0,0,9775531,right,pdu,60.024,64.15,130180.00618322,0.263,12.0,130180.00618322,1.64,0.986,-6.575,2846.66
2025-09-05 18:49:56,quickpizza,quickpizza-8b95978b5-jgvvs,quickpizza,neuronet-k8s-w2,flux,r4,Neuronet-ClusterTest,2166288077000,1917945352,22125879296,33104523264,38461440,0,18568975,94507008,100306944,100306944,22125879296,33104523264,32768,quickpizza/quickpizza-8b95978b5-jgvvs,quickpizza,quickpizza-8b95978b5-jgvvs,quickpizza,flux,Neuronet-ClusterTest,147112.065,117759400.0000002,flux,flux-node1,flux-node1.av.it.pt,300,neuronet-k8s-m1,0.29790987614294,34359738368,34359738368,0,0,690085888,4294967296,3604881408,83.93268585205078,running,0,0,0,0,5517840,right,pdu,74.328,70.515,165233.00784815,0.327,9.8,165233.00784815,1.619,0.991,-5.987,1574.5
2025-09-05 18:50:56,quickpizza,quickpizza-8b95978b5-jgvvs,quickpizza,neuronet-k8s-w2,flux,r4,Neuronet-ClusterTest,2270673423000,1667599471,22129045504,33104523264,34574336,0,19387243,75759616,80244736,80244736,22129045504,33104523264,32768,quickpizza/quickpizza-8b95978b5-jgvvs,quickpizza,quickpizza-8b95978b5-jgvvs,quickpizza,flux,Neuronet-ClusterTest,153868.821,112612599.9999999,flux,flux-node5,flux-node5.av.it.pt,184,neuronet-w3,0.375705682176777,64424509440,64424509440,0,0,7284457472,34359738368,27075280896,78.7994384765625,running,0,0,0,0,9775650,right,pdu,92.64,98.003,217897.01034955,0.403,8.0,217897.01034955,1.535,0.997,-0.687,4024.8
2025-09-05 18:51:56,quickpizza,quickpizza-8b95978b5-jgvvs,quickpizza,neuronet-k8s-w2,flux,r4,Neuronet-ClusterTest,2349102485000,956047082,22126374912,33104523264,36446208,0,20433220,59969536,63827968,63827968,22126374912,33104523264,32768,quickpizza/quickpizza-8b95978b5-jgvvs,quickpizza,quickpizza-8b95978b5-jgvvs,quickpizza,flux,Neuronet-ClusterTest,158069.511,0.0,flux,flux-node4,flux-node4.av.it.pt,182,neuronet-w1,0.181553526772028,64424509440,64424509440,0,0,27651035136,34359738368,6708703232,19.524896144866943,running,0,0,0,0,5473440,right,pdu,88.851,91.308,217898.0103496,0.387,6.0,217898.0103496,1.597,0.997,-0.767,995.69
2025-09-05 18:52:56,quickpizza,quickpizza-8b95978b5-jgvvs,quickpizza,neuronet-k8s-w2,flux,r4,Neuronet-ClusterTest,2408278998000,1479286839,22124445696,33104523264,38359040,0,21263369,67964928,72056832,72056832,22124445696,33104523264,32768,quickpizza/quickpizza-8b95978b5-jgvvs,quickpizza,quickpizza-8b95978b5-jgvvs,quickpizza,flux,Neuronet-ClusterTest,163045.767,82937599.99999991,flux,flux-node4,flux-node4.av.it.pt,179,neuronet-m1,0.389981866498012,64424509440,64424509440,0,0,495542272,4294967296,3799425024,88.4622573852539,running,0,0,0,0,8818679,right,pdu,91.753,96.818,217900.01034969,0.4,8.6,217900.01034969,1.579,0.996,-0.413,5814.88
2025-09-05 18:53:56,quickpizza,quickpizza-8b95978b5-jgvvs,quickpizza,neuronet-k8s-w2,flux,r4,Neuronet-ClusterTest,2497513397000,1787531432,22127345664,33104523264,35180544,0,22060453,81711104,86511616,86511616,22127345664,33104523264,32768,quickpizza/quickpizza-8b95978b5-jgvvs,quickpizza,quickpizza-8b95978b5-jgvvs,quickpizza,flux,Neuronet-ClusterTest,169883.367,113960000.00000007,flux,flux-node1,flux-node1.av.it.pt,301,neuronet-k8s-m2,0.334702627342564,34359738368,34359738368,0,0,419315712,4294967296,3875651584,90.23704528808594,running,0,0,0,0,5517906,right,pdu,94.516,89.316,217901.01034974,0.412,8.9,217901.01034974,1.68,0.996,-0.918,4821.48
2025-09-05 18:54:56,quickpizza,quickpizza-8b95978b5-jgvvs,quickpizza,neuronet-k8s-w2,flux,r4,Neuronet-ClusterTest,2626462637000,1942067964,22127210496,33104523264,34996224,0,22958238,93274112,98267136,98267136,22127210496,33104523264,32768,quickpizza/quickpizza-8b95978b5-jgvvs,quickpizza,quickpizza-8b95978b5-jgvvs,quickpizza,flux,Neuronet-ClusterTest,177036.951,119226400.00000004,flux,flux-node1,flux-node1.av.it.pt,300,neuronet-k8s-m1,0.30409055701363,34359738368,34359738368,0,0,679440384,4294967296,3615526912,84.18054580688477,running,0,0,0,0,5518140,right,pdu,67.557,68.118,165238.00784838,0.295,8.3,165238.00784838,1.582,0.991,-6.38,1550.26
2025-09-05 18:55:56,quickpizza,quickpizza-8b95978b5-jgvvs,quickpizza,neuronet-k8s-w2,flux,r4,Neuronet-ClusterTest,2710345744000,1676311774,22119149568,33104523264,42422272,0,23633865,79052800,83267584,83267584,22119149568,33104523264,32768,quickpizza/quickpizza-8b95978b5-jgvvs,quickpizza,quickpizza-8b95978b5-jgvvs,quickpizza,flux,Neuronet-ClusterTest,183721.464,111408550.0000001,flux,flux-node4,flux-node4.av.it.pt,179,neuronet-m1,0.339019214794845,64424509440,64424509440,0,0,360316928,4294967296,3934650368,91.6107177734375,running,0,0,0,0,8818858,right,pdu,99.561,97.49,217905.01034993,0.433,7.7,217904.01034988,1.586,0.997,-0.238,3922.07
2025-09-05 18:56:56,quickpizza,quickpizza-8b95978b5-jgvvs,quickpizza,neuronet-k8s-w2,flux,r4,Neuronet-ClusterTest,2792865153000,595286935,22128549888,33104523264,32468992,0,24692829,62873600,65961984,65961984,22128549888,33104523264,32768,quickpizza/quickpizza-8b95978b5-jgvvs,quickpizza,quickpizza-8b95978b5-jgvvs,quickpizza,flux,Neuronet-ClusterTest,187888.587,69452049.99999987,flux,flux-node3,flux-node3.av.it.pt,311,neuronet-5g-core,0.149100323440244,85899345920,85899345920,0,0,8867233792,17179869184,8312635392,48.38590621948242,running,0,0,0,0,1225104,right,pdu,70.698,69.478,165241.00784853,0.31,11.4,165241.00784853,1.649,0.989,-6.464,992.45
2025-09-05 18:57:56,quickpizza,quickpizza-8b95978b5-jgvvs,quickpizza,neuronet-k8s-w2,flux,r4,Neuronet-ClusterTest,2846711418000,1475597880,22126211072,33104523264,34418688,0,25492872,70557696,74022912,74022912,22126211072,33104523264,32768,quickpizza/quickpizza-8b95978b5-jgvvs,quickpizza,quickpizza-8b95978b5-jgvvs,quickpizza,flux,Neuronet-ClusterTest,192920.535,83865800.00000006,flux,flux-node4,flux-node4.av.it.pt,179,neuronet-m1,0.387016161031233,64424509440,64424509440,0,0,546201600,4294967296,3748765696,87.28275299072266,running,0,0,0,0,8818979,right,pdu,51.031,54.323,130188.0061836,0.227,14.7,130188.0061836,1.664,0.981,-7.243,3643.17
2025-09-05 18:58:56,quickpizza,quickpizza-8b95978b5-jgvvs,quickpizza,neuronet-k8s-w2,flux,r4,Neuronet-ClusterTest,2944034259000,1794743861,22118301696,33104523264,41893888,0,26427902,83062784,87928832,87928832,22118301696,33104523264,32768,quickpizza/quickpizza-8b95978b5-jgvvs,quickpizza,quickpizza-8b95978b5-jgvvs,quickpizza,flux,Neuronet-ClusterTest,199740.135,113660000.00000007,flux,flux-node5,flux-node5.av.it.pt,304,neuronet-k8s-w2,0.65344565400466,34359738368,34359738368,0,0,450781184,4294967296,3844186112,89.50443267822266,running,0,0,0,0,5475848,right,pdu,66.253,66.79,165243.00784862,0.29,13.7,165243.00784862,1.628,0.991,-6.305,2115.76
2025-09-05 18:59:56,quickpizza,quickpizza-8b95978b5-jgvvs,quickpizza,neuronet-k8s-w2,flux,r4,Neuronet-ClusterTest,3050285377000,1838010301,22120415232,33104523264,40919040,0,27210758,86155264,90898432,90898432,22120415232,33104523264,32768,quickpizza/quickpizza-8b95978b5-jgvvs,quickpizza,quickpizza-8b95978b5-jgvvs,quickpizza,flux,Neuronet-ClusterTest,206725.872,114520278.68852448,flux,flux-node5,flux-node5.av.it.pt,305,neuronet-k8s-w3,0.303996569643259,34359738368,34359738368,0,0,1603608576,4294967296,2691358720,62.66307830810547,running,0,0,0,0,5475890,left,pdu,70.925,72.261,178787.00849193,0.314,13.8,178787.00849193,1.697,0.985,-7.553,1550.66
2025-09-05 19:00:56,quickpizza,quickpizza-8b95978b5-jgvvs,quickpizza,neuronet-k8s-w2,flux,r4,Neuronet-ClusterTest,3150329900000,1673322838,22123569152,33104523264,36659200,0,27968217,75722752,80445440,80445440,22123569152,33104523264,32768,quickpizza/quickpizza-8b95978b5-jgvvs,quickpizza,quickpizza-8b95978b5-jgvvs,quickpizza,flux,Neuronet-ClusterTest,213467.043,114257135.59322035,flux,flux-node1,flux-node1.av.it.pt,188,neuronet-m2,0.346154645705552,64424509440,64424509440,0,0,421519360,4294967296,3873447936,90.18573760986328,running,0,0,0,0,9776184,right,pdu,93.526,93.785,217912.01035026,0.407,7.6,217912.01035026,1.626,0.997,-0.679,2395.7
2025-09-05 19:01:56,quickpizza,quickpizza-8b95978b5-jgvvs,quickpizza,neuronet-k8s-w2,flux,r4,Neuronet-ClusterTest,3223894990000,217949349,22120300544,33104523264,38723584,0,28716214,62754816,66031616,66031616,22120300544,33104523264,32768,quickpizza/quickpizza-8b95978b5-jgvvs,quickpizza,quickpizza-8b95978b5-jgvvs,quickpizza,flux,Neuronet-ClusterTest,217255.032,63133150.00000002,flux,flux-node4,flux-node4.av.it.pt,179,neuronet-m1,0.40631511631814,64424509440,64424509440,0,0,373166080,4294967296,3921801216,91.31155014038086,running,0,0,0,0,8819218,right,pdu,42.018,44.173,119412.00567177,0.187,16.4,119412.00567177,1.737,0.967,-8.249,770.95
2025-09-05 19:02:56,quickpizza,quickpizza-8b95978b5-jgvvs,quickpizza,neuronet-k8s-w2,flux,r4,Neuronet-ClusterTest,3275691397000,1500175843,22118666240,33104523264,40644608,0,29250803,71204864,75280384,75280384,22118666240,33104523264,32768,quickpizza/quickpizza-8b95978b5-jgvvs,quickpizza,quickpizza-8b95978b5-jgvvs,quickpizza,flux,Neuronet-ClusterTest,221881.47,77107299.99999991,flux,flux-node5,flux-node5.av.it.pt,305,neuronet-k8s-w3,0.177462715100454,34359738368,34359738368,0,0,1628876800,4294967296,2666090496,62.07475662231445,running,0,0,0,0,5476069,right,pdu,93.22,97.931,217916.01035045,0.406,7.9,217916.01035045,1.625,0.997,-0.675,3754.13
2025-09-05 19:03:56,quickpizza,quickpizza-8b95978b5-jgvvs,quickpizza,neuronet-k8s-w2,flux,r4,Neuronet-ClusterTest,3377927287000,1929242720,22120751104,33104523264,38944768,0,29868572,96919552,102473728,102473728,22120751104,33104523264,32768,quickpizza/quickpizza-8b95978b5-jgvvs,quickpizza,quickpizza-8b95978b5-jgvvs,quickpizza,flux,Neuronet-ClusterTest,228850.536,116151099.99999984,flux,flux-node3,flux-node3.av.it.pt,311,neuronet-5g-core,0.144708096031989,85899345920,85899345920,0,0,8860913664,17179869184,8318955520,48.42269420623779,running,0,0,0,0,1225524,left,pdu,69.164,68.4,178792.00849216,0.305,14.8,178792.00849216,1.563,0.988,-8.046,1869.67
2025-09-05 19:04:56,quickpizza,quickpizza-8b95978b5-jgvvs,quickpizza,neuronet-k8s-w2,flux,r4,Neuronet-ClusterTest,3498773852000,1961462157,22119186432,33104523264,39768064,0,30487664,92143616,96841728,96841728,22119186432,33104523264,32768,quickpizza/quickpizza-8b95978b5-jgvvs,quickpizza,quickpizza-8b95978b5-jgvvs,quickpizza,flux,Neuronet-ClusterTest,236063.712,120219600.00000012,flux,flux-node5,flux-node5.av.it.pt,304,neuronet-k8s-w2,0.728735248998022,34359738368,34359738368,0,0,431063040,4294967296,3863904256,89.96353149414062,running,0,0,0,0,5476207,right,pdu,67.561,68.289,165250.00784895,0.296,11.4,165250.00784895,1.601,0.989,-6.122,3277.2
2025-09-05 19:05:56,quickpizza,quickpizza-8b95978b5-jgvvs,quickpizza,neuronet-k8s-w2,flux,r4,Neuronet-ClusterTest,3600265017000,1707281632,22121177088,33104523264,36831232,0,31124897,80584704,85663744,85663744,22121177088,33104523264,32768,quickpizza/quickpizza-8b95978b5-jgvvs,quickpizza,quickpizza-8b95978b5-jgvvs,quickpizza,flux,Neuronet-ClusterTest,242867.169,111532081.96721303,flux,flux-node5,flux-node5.av.it.pt,305,neuronet-k8s-w3,0.293644577383706,34359738368,34359738368,0,0,1544675328,4294967296,2750291968,64.03522491455078,running,0,0,0,0,5476250,left,pdu,59.777,60.274,146885.00697666,0.267,13.6,146885.00697666,1.781,0.968,-7.756,4418.07
2025-09-05 19:06:56,quickpizza,quickpizza-8b95978b5-jgvvs,quickpizza,neuronet-k8s-w2,flux,r4,Neuronet-ClusterTest,3667672175000,498960117,22118199296,33104523264,38838272,0,31813770,62930944,66142208,66142208,22118199296,33104523264,32768,quickpizza/quickpizza-8b95978b5-jgvvs,quickpizza,quickpizza-8b95978b5-jgvvs,quickpizza,flux,Neuronet-ClusterTest,246710.109,65134576.27118648,flux,flux-node3,flux-node3.av.it.pt,306,neuronet-k8s-lb,0.0125394052794424,34359738368,34359738368,0,0,383328256,2147483648,1764155392,82.14988708496094,running,0,0,0,0,5098659,right,pdu,70.014,71.322,165258.00784933,0.306,10.3,165258.00784933,1.539,0.993,-6.281,787.36
2025-09-05 19:07:56,quickpizza,quickpizza-8b95978b5-jgvvs,quickpizza,neuronet-k8s-w2,flux,r4,Neuronet-ClusterTest,3715714261000,1511448296,22116229120,33104523264,40812544,0,32338173,73113600,76795904,76795904,22116229120,33104523264,32768,quickpizza/quickpizza-8b95978b5-jgvvs,quickpizza,quickpizza-8b95978b5-jgvvs,quickpizza,flux,Neuronet-ClusterTest,251382.255,77869100.00000013,flux,flux-node3,flux-node3.av.it.pt,306,neuronet-k8s-lb,0.0132974448817425,34359738368,34359738368,0,0,383070208,2147483648,1764413440,82.16190338134766,running,0,0,0,0,5098718,left,pdu,67.219,68.297,146887.00697676,0.297,18.8,146887.00697676,1.624,0.984,-7.589,4426.43
2025-09-05 19:08:56,quickpizza,quickpizza-8b95978b5-jgvvs,quickpizza,neuronet-k8s-w2,flux,r4,Neuronet-ClusterTest,3815236438000,1944367079,22118203392,33104523264,38916096,0,33034356,99037184,104812544,104812544,22118203392,33104523264,32768,quickpizza/quickpizza-8b95978b5-jgvvs,quickpizza,quickpizza-8b95978b5-jgvvs,quickpizza,flux,Neuronet-ClusterTest,258363.723,116357799.9999999,flux,flux-node5,flux-node5.av.it.pt,305,neuronet-k8s-w3,0.288785502990495,34359738368,34359738368,0,0,1578115072,4294967296,2716852224,63.25664520263672,running,0,0,0,0,5476429,left,pdu,62.337,63.868,146888.00697681,0.279,16.8,146888.00697681,1.755,0.978,-7.505,2746.98
2025-09-05 19:09:56,quickpizza,quickpizza-8b95978b5-jgvvs,quickpizza,neuronet-k8s-w2,flux,r4,Neuronet-ClusterTest,3933630216000,2000856311,22117335040,33104523264,39223296,0,33634341,98635776,103206912,103206912,22117335040,33104523264,32768,quickpizza/quickpizza-8b95978b5-jgvvs,quickpizza,quickpizza-8b95978b5-jgvvs,quickpizza,flux,Neuronet-ClusterTest,265563.207,119991399.99999994,flux,flux-node5,flux-node5.av.it.pt,304,neuronet-k8s-w2,0.690279644179987,34359738368,34359738368,0,0,439418880,4294967296,3855548416,89.76898193359375,running,0,0,0,0,5476508,left,pdu,70.909,68.142,178799.0084925,0.29,13.2,178799.0084925,1.747,0.987,-7.72,2740.32
2025-09-05 19:10:56,quickpizza,quickpizza-8b95978b5-jgvvs,quickpizza,neuronet-k8s-w2,flux,r4,Neuronet-ClusterTest,4044184824000,1709467094,22119415808,33104523264,36294656,0,34268506,76943360,81457152,81457152,22119415808,33104523264,32768,quickpizza/quickpizza-8b95978b5-jgvvs,quickpizza,quickpizza-8b95978b5-jgvvs,quickpizza,flux,Neuronet-ClusterTest,272338.953,112929099.99999976,flux,flux-node5,flux-node5.av.it.pt,303,neuronet-k8s-w1,0.165284689085626,34359738368,34359738368,0,0,578473984,4294967296,3716493312,86.53135299682617,running,0,0,0,0,5476712,left,pdu,62.612,71.251,178800.00849254,0.282,12.1,178800.00849254,1.654,0.988,-7.68,2811.04
2025-09-05 19:11:56,quickpizza,quickpizza-8b95978b5-jgvvs,quickpizza,neuronet-k8s-w2,flux,r4,Neuronet-ClusterTest,4110301834000,562847871,22116757504,33104523264,38309888,0,34904054,64598016,68468736,68468736,22116757504,33104523264,32768,quickpizza/quickpizza-8b95978b5-jgvvs,quickpizza,quickpizza-8b95978b5-jgvvs,quickpizza,flux,Neuronet-ClusterTest,276137.562,63310149.99999994,flux,flux-node1,flux-node1.av.it.pt,300,neuronet-k8s-m1,0.295548679222759,34359738368,34359738368,0,0,668643328,4294967296,3626323968,84.43193435668945,running,0,0,0,0,5519160,left,pdu,67.796,68.05,178802.00849264,0.299,14.2,178802.00849264,1.724,0.985,-7.847,790.88
2025-09-05 19:12:56,quickpizza,quickpizza-8b95978b5-jgvvs,quickpizza,neuronet-k8s-w2,flux,r4,Neuronet-ClusterTest,4149220083000,1359883453,22114566144,33104523264,40222720,0,35349427,71274496,74997760,74997760,22114566144,33104523264,32768,quickpizza/quickpizza-8b95978b5-jgvvs,quickpizza,quickpizza-8b95978b5-jgvvs,quickpizza,flux,Neuronet-ClusterTest,280747.998,76840600.00000075,flux,flux-node4,flux-node4.av.it.pt,179,neuronet-m1,0.40987091289004,64424509440,64424509440,0,0,526118912,4294967296,3768848384,87.75033950805664,running,0,0,0,0,8819879,left,pdu,60.898,57.491,146892.006977,0.271,18.7,146892.006977,1.739,0.973,-7.744,3266.45
2025-09-05 19:13:56,quickpizza,quickpizza-8b95978b5-jgvvs,quickpizza,neuronet-k8s-w2,flux,r4,Neuronet-ClusterTest,4253847261000,1895082267,22115774464,33104523264,38608896,0,36059853,104566784,110043136,110043136,22115774464,33104523264,32768,quickpizza/quickpizza-8b95978b5-jgvvs,quickpizza,quickpizza-8b95978b5-jgvvs,quickpizza,flux,Neuronet-ClusterTest,287714.859,116114349.99999958,flux,flux-node3,flux-node3.av.it.pt,306,neuronet-k8s-lb,0.015797534882135,34359738368,34359738368,0,0,382951424,2147483648,1764532224,82.16743469238281,running,0,0,0,0,5099078,left,pdu,72.547,69.732,178804.00849273,0.32,14.2,178804.00849273,1.638,0.977,-7.72,3741.34
2025-09-05 19:14:56,quickpizza,quickpizza-8b95978b5-jgvvs,quickpizza,neuronet-k8s-w2,flux,r4,Neuronet-ClusterTest,4389263304000,2008905603,22114828288,33104523264,39018496,0,36742924,99721216,105193472,105193472,22114828288,33104523264,32768,quickpizza/quickpizza-8b95978b5-jgvvs,quickpizza,quickpizza-8b95978b5-jgvvs,quickpizza,flux,Neuronet-ClusterTest,294990.948,121268149.99999964,flux,flux-node1,flux-node1.av.it.pt,300,neuronet-k8s-m1,0.299740593249311,34359738368,34359738368,0,0,675176448,4294967296,3619790848,84.27982330322266,running,0,0,0,0,5519340,left,pdu,67.923,75.417,178805.00849278,0.3,15.0,178805.00849278,1.662,0.98,-7.804,1559.3
2025-09-05 19:15:56,quickpizza,quickpizza-8b95978b5-jgvvs,quickpizza,neuronet-k8s-w2,flux,r4,Neuronet-ClusterTest,4496936704000,1616326602,22118223872,33104523264,36302848,0,37440671,77164544,81784832,81784832,22118223872,33104523264,32768,quickpizza/quickpizza-8b95978b5-jgvvs,quickpizza,quickpizza-8b95978b5-jgvvs,quickpizza,flux,Neuronet-ClusterTest,301759.836,112814800.00000058,flux,flux-node4,flux-node4.av.it.pt,179,neuronet-m1,0.394597967485368,64424509440,64424509440,0,0,365068288,4294967296,3929899008,91.50009155273438,running,0,0,0,0,8820059,left,pdu,84.724,79.93,178806.00849283,0.372,13.0,178806.00849283,1.693,0.989,-7.879,4221.89
2025-09-05 19:16:56,quickpizza,quickpizza-8b95978b5-jgvvs,quickpizza,neuronet-k8s-w2,flux,r4,Neuronet-ClusterTest,4557550925000,132616117,22114877440,33104523264,38264832,0,38088349,65314816,68591616,68591616,22114877440,33104523264,32768,quickpizza/quickpizza-8b95978b5-jgvvs,quickpizza,quickpizza-8b95978b5-jgvvs,quickpizza,flux,Neuronet-ClusterTest,305604.726,64081500.00000023,flux,flux-node3,flux-node3.av.it.pt,185,neuronet-lb,0.0256032113402896,34359738368,34359738368,0,0,282873856,2147483648,1864609792,86.8276596069336,running,0,0,0,0,9270535,right,pdu,90.044,92.067,217937.01035145,0.392,7.2,217937.01035145,1.602,0.996,-1.172,788.5
2025-09-05 19:17:56,quickpizza,quickpizza-8b95978b5-jgvvs,quickpizza,neuronet-k8s-w2,flux,r4,Neuronet-ClusterTest,4588779243000,1326241520,22113300480,33104523264,40144896,0,38446392,66764800,70328320,70328320,22113300480,33104523264,32768,quickpizza/quickpizza-8b95978b5-jgvvs,quickpizza,quickpizza-8b95978b5-jgvvs,quickpizza,flux,Neuronet-ClusterTest,310286.685,0.0,flux,flux-node3,flux-node3.av.it.pt,311,neuronet-5g-core,0.147905025637322,85899345920,85899345920,0,0,8848568320,17179869184,8331300864,48.49455356597901,running,0,0,0,0,1226364,right,pdu,71.943,65.574,165265.00784967,0.315,8.1,165265.00784967,1.588,0.989,-6.17,1557.15
2025-09-05 19:18:56,quickpizza,quickpizza-8b95978b5-jgvvs,quickpizza,neuronet-k8s-w2,flux,r4,Neuronet-ClusterTest,4719853079000,2031291961,22115377152,33104523264,38469632,0,39320364,93196288,98680832,98680832,22115377152,33104523264,32768,quickpizza/quickpizza-8b95978b5-jgvvs,quickpizza,quickpizza-8b95978b5-jgvvs,quickpizza,flux,Neuronet-ClusterTest,317262.393,0.0,flux,flux-node4,flux-node4.av.it.pt,179,neuronet-m1,0.397581769762234,64424509440,64424509440,0,0,522416128,4294967296,3772551168,87.83655166625977,running,0,0,0,0,8820238,right,pdu,47.878,69.804,119427.00567248,0.29,18.6,119427.00567248,1.618,0.989,-7.768,1561.83
2025-09-05 19:19:56,quickpizza,quickpizza-8b95978b5-jgvvs,quickpizza,neuronet-k8s-w2,flux,r4,Neuronet-ClusterTest,13574289000,1000941473,22134890496,33104523264,18616320,0,42646,125837312,130547712,130547712,22134890496,33104523264,32768,quickpizza/quickpizza-8b95978b5-jgvvs,quickpizza,quickpizza-8b95978b5-jgvvs,quickpizza,flux,Neuronet-ClusterTest,322311.756,84156050.00000021,flux,flux-node1,flux-node1.av.it.pt,188,neuronet-m2,0.350512759835776,64424509440,64424509440,0,0,531644416,4294967296,3763322880,87.62168884277344,running,0,0,0,0,9777324,right,pdu,89.137,89.185,217942.01035169,0.388,10.7,217942.01035169,1.567,0.997,-0.981,2373.94
2025-09-05 19:20:56,quickpizza,quickpizza-8b95978b5-jgvvs,quickpizza,neuronet-k8s-w2,flux,r4,Neuronet-ClusterTest,134043668000,1837023996,22121390080,33104523264,30859264,0,274536,69009408,73617408,73617408,22121390080,33104523264,32768,quickpizza/quickpizza-8b95978b5-jgvvs,quickpizza,quickpizza-8b95978b5-jgvvs,quickpizza,flux,Neuronet-ClusterTest,8659.581,122107900.0,flux,flux-node3,flux-node3.av.it.pt,306,neuronet-k8s-lb,0.0157793423068074,34359738368,34359738368,0,0,382406656,2147483648,1765076992,82.19280242919922,running,0,0,0,0,5099498,right,pdu,96.52,96.75,217943.01035174,0.42,8.0,217943.01035174,1.543,0.997,-0.377,3632.12
2025-09-05 19:21:56,quickpizza,quickpizza-8b95978b5-jgvvs,quickpizza,neuronet-k8s-w2,flux,r4,Neuronet-ClusterTest,190735828000,94866624,22118428672,33104523264,32731136,0,756077,54890496,57856000,57856000,22118428672,33104523264,32768,quickpizza/quickpizza-8b95978b5-jgvvs,quickpizza,quickpizza-8b95978b5-jgvvs,quickpizza,flux,Neuronet-ClusterTest,12054.768,56586450.0,flux,flux-node3,flux-node3.av.it.pt,306,neuronet-k8s-lb,0.0157288810492558,34359738368,34359738368,0,0,382185472,2147483648,1765298176,82.2031021118164,running,0,0,0,0,5099558,left,pdu,66.893,62.938,178814.00849321,0.302,12.8,178814.00849321,1.619,0.987,-7.728,782.56
2025-09-05 19:22:56,quickpizza,quickpizza-8b95978b5-jgvvs,quickpizza,neuronet-k8s-w2,flux,r4,Neuronet-ClusterTest,239075880000,1487661889,22116573184,33104523264,34689024,0,1178624,66560000,70262784,70262784,22116573184,33104523264,32768,quickpizza/quickpizza-8b95978b5-jgvvs,quickpizza,quickpizza-8b95978b5-jgvvs,quickpizza,flux,Neuronet-ClusterTest,16498.818,75322881.35593219,flux,flux-node1,flux-node1.av.it.pt,301,neuronet-k8s-m2,0.331601669966698,34359738368,34359738368,0,0,420814848,4294967296,3874152448,90.20214080810548,running,0,0,0,0,5519646,right,pdu,72.368,73.612,165271.00784995,0.317,10.1,165271.00784995,1.698,0.987,-6.436,3944.63
2025-09-05 19:23:56,quickpizza,quickpizza-8b95978b5-jgvvs,quickpizza,neuronet-k8s-w2,flux,r4,Neuronet-ClusterTest,362126640000,2228202226,22117531648,33104523264,33820672,0,1812832,120193024,126140416,126140416,22117531648,33104523264,32768,quickpizza/quickpizza-8b95978b5-jgvvs,quickpizza,quickpizza-8b95978b5-jgvvs,quickpizza,flux,Neuronet-ClusterTest,23728.407,120493150.0,flux,flux-node4,flux-node4.av.it.pt,182,neuronet-w1,0.186286730070503,64424509440,64424509440,0,0,27655221248,34359738368,6704517120,19.512712955474854,running,0,0,0,0,5475361,right,pdu,92.023,92.011,217948.01035197,0.401,6.0,217948.01035197,1.566,0.997,-0.624,2008.93
2025-09-05 19:24:56,quickpizza,quickpizza-8b95978b5-jgvvs,quickpizza,neuronet-k8s-w2,flux,r4,Neuronet-ClusterTest,474383279000,2055476596,22114033664,33104523264,36696064,0,2322679,106496000,112332800,112332800,22114033664,33104523264,32768,quickpizza/quickpizza-8b95978b5-jgvvs,quickpizza,quickpizza-8b95978b5-jgvvs,quickpizza,flux,Neuronet-ClusterTest,31052.805,122073300.0,flux,flux-node5,flux-node5.av.it.pt,184,neuronet-w3,0.0,64424509440,64424509440,0,0,7285354496,34359738368,27074383872,78.79682779312134,running,0,0,0,0,9777690,right,pdu,75.02,74.324,165273.00785005,0.328,12.0,165273.00785005,1.573,0.991,-5.414,2976.6
2025-09-05 19:25:56,quickpizza,quickpizza-8b95978b5-jgvvs,quickpizza,neuronet-k8s-w2,flux,r4,Neuronet-ClusterTest,587223735000,1713234833,22113431552,33104523264,36335616,0,2986453,77209600,82288640,82288640,22113431552,33104523264,32768,quickpizza/quickpizza-8b95978b5-jgvvs,quickpizza,quickpizza-8b95978b5-jgvvs,quickpizza,flux,Neuronet-ClusterTest,38060.529,116795400.00000004,flux,flux-node4,flux-node4.av.it.pt,179,neuronet-m1,0.413558434976093,64424509440,64424509440,0,0,351477760,4294967296,3943489536,91.81652069091795,running,0,0,0,0,8820658,right,pdu,93.085,93.602,217951.01035212,0.406,9.6,217951.01035212,1.584,0.996,-0.58,2579.86
2025-09-05 19:26:56,quickpizza,quickpizza-8b95978b5-jgvvs,quickpizza,neuronet-k8s-w2,flux,r4,Neuronet-ClusterTest,655777944000,284569858,22110662656,33104523264,38371328,0,3799115,59904000,62971904,62971904,22110662656,33104523264,32768,quickpizza/quickpizza-8b95978b5-jgvvs,quickpizza,quickpizza-8b95978b5-jgvvs,quickpizza,flux,Neuronet-ClusterTest,42118.527,67633299.99999999,flux,flux-node5,flux-node5.av.it.pt,304,neuronet-k8s-w2,0.0750869294350547,34359738368,34359738368,0,0,496529408,4294967296,3798437888,88.43927383422852,running,0,0,0,0,5477528,left,pdu,67.259,71.545,178820.00849349,0.306,16.3,178820.00849349,1.655,0.986,-7.963,771.56
2025-09-05 19:27:56,quickpizza,quickpizza-8b95978b5-jgvvs,quickpizza,neuronet-k8s-w2,flux,r4,Neuronet-ClusterTest,704341128000,1468720038,22108442624,33104523264,40378368,0,4423248,69455872,73359360,73359360,22108442624,33104523264,32768,quickpizza/quickpizza-8b95978b5-jgvvs,quickpizza,quickpizza-8b95978b5-jgvvs,quickpizza,flux,Neuronet-ClusterTest,47010.81,81538049.99999993,flux,flux-node1,flux-node1.av.it.pt,301,neuronet-k8s-m2,0.221107063880267,34359738368,34359738368,0,0,437600256,4294967296,3857367040,89.81132507324219,running,0,0,0,0,5519946,left,pdu,66.838,64.743,146908.00697776,0.297,14.7,146908.00697776,1.633,0.984,-7.37,3180.39
2025-09-05 19:28:56,quickpizza,quickpizza-8b95978b5-jgvvs,quickpizza,neuronet-k8s-w2,flux,r4,Neuronet-ClusterTest,815906192000,1869037671,22112337920,33104523264,36098048,0,5377157,82984960,87912448,87912448,22112337920,33104523264,32768,quickpizza/quickpizza-8b95978b5-jgvvs,quickpizza,quickpizza-8b95978b5-jgvvs,quickpizza,flux,Neuronet-ClusterTest,53835.171,113739350.00000007,flux,flux-node4,flux-node4.av.it.pt,182,neuronet-w1,0.181906587185056,64424509440,64424509440,0,0,27677618176,34359738368,6682120192,19.447529315948486,running,0,0,0,0,5475661,right,pdu,102.39,102.65,217956.01035235,0.446,7.9,217956.01035235,1.562,0.997,-0.194,1622.52
2025-09-05 19:29:56,quickpizza,quickpizza-8b95978b5-jgvvs,quickpizza,neuronet-k8s-w2,flux,r4,Neuronet-ClusterTest,936665818000,1918780566,22111375360,33104523264,36438016,0,6131385,82161664,87244800,87244800,22111375360,33104523264,32768,quickpizza/quickpizza-8b95978b5-jgvvs,quickpizza,quickpizza-8b95978b5-jgvvs,quickpizza,flux,Neuronet-ClusterTest,61042.338,118150278.6885246,flux,flux-node1,flux-node1.av.it.pt,301,neuronet-k8s-m2,0.280202767536538,34359738368,34359738368,0,0,427995136,4294967296,3866972160,90.03496170043945,running,0,0,0,0,5520067,right,pdu,67.927,70.03,165279.00785033,0.298,11.7,165279.00785033,1.636,0.991,-6.166,1552.25
2025-09-05 19:30:56,quickpizza,quickpizza-8b95978b5-jgvvs,quickpizza,neuronet-k8s-w2,flux,r4,Neuronet-ClusterTest,1031437478000,1680845353,22114254848,33104523264,33239040,0,6840494,71077888,75575296,75575296,22114254848,33104523264,32768,quickpizza/quickpizza-8b95978b5-jgvvs,quickpizza,quickpizza-8b95978b5-jgvvs,quickpizza,flux,Neuronet-ClusterTest,67827.708,115006271.1864406,flux,flux-node4,flux-node4.av.it.pt,182,neuronet-w1,0.182531209705508,64424509440,64424509440,0,0,27647807488,34359738368,6711930880,19.534289836883545,running,0,0,0,0,5475781,right,pdu,41.624,45.202,119437.00567295,0.186,14.6,119437.00567295,1.641,0.969,-8.277,1551.68
2025-09-05 19:31:56,quickpizza,quickpizza-8b95978b5-jgvvs,quickpizza,neuronet-k8s-w2,flux,r4,Neuronet-ClusterTest,1101980965000,208575247,22112006144,33104523264,35102720,0,7717260,62017536,65024000,65024000,22112006144,33104523264,32768,quickpizza/quickpizza-8b95978b5-jgvvs,quickpizza,quickpizza-8b95978b5-jgvvs,quickpizza,flux,Neuronet-ClusterTest,72047.892,70336400.00000013,flux,flux-node3,flux-node3.av.it.pt,306,neuronet-k8s-lb,0.0155632080112496,34359738368,34359738368,0,0,380600320,2147483648,1766883328,82.27691650390625,running,0,0,0,0,5100158,right,pdu,62.87,58.66,130220.00618512,0.277,12.5,130220.00618512,1.622,0.986,-7.299,994.6
2025-09-05 19:32:56,quickpizza,quickpizza-8b95978b5-jgvvs,quickpizza,neuronet-k8s-w2,flux,r4,Neuronet-ClusterTest,1150836775000,1426085457,22110384128,33104523264,36978688,0,8352746,67088384,70938624,70938624,22110384128,33104523264,32768,quickpizza/quickpizza-8b95978b5-jgvvs,quickpizza,quickpizza-8b95978b5-jgvvs,quickpizza,flux,Neuronet-ClusterTest,77039.586,0.0,flux,flux-node5,flux-node5.av.it.pt,183,neuronet-w2,0.642390531310792,64424509440,64424509440,0,0,1736114176,34359738368,32623624192,94.9472427368164,running,0,0,0,0,9778184,right,pdu,91.137,89.67,217962.01035264,0.397,7.1,217962.01035264,1.708,0.996,-0.958,2935.87
2025-09-05 19:33:56,quickpizza,quickpizza-8b95978b5-jgvvs,quickpizza,neuronet-k8s-w2,flux,r4,Neuronet-ClusterTest,1246951963000,1879208213,22114344960,33104523264,33505280,0,9180214,99983360,105058304,105058304,22114344960,33104523264,32768,quickpizza/quickpizza-8b95978b5-jgvvs,quickpizza,quickpizza-8b95978b5-jgvvs,quickpizza,flux,Neuronet-ClusterTest,83931.576,114866500.00000007,flux,flux-node3,flux-node3.av.it.pt,311,neuronet-5g-core,0.130530542991354,85899345920,85899345920,0,0,8845271040,17179869184,8334598144,48.51374626159668,running,0,0,0,0,1227324,right,pdu,72.161,75.461,165284.00785057,0.316,11.4,165284.00785057,1.578,0.99,-6.209,2089.86
2025-09-05 19:34:56,quickpizza,quickpizza-8b95978b5-jgvvs,quickpizza,neuronet-k8s-w2,flux,r4,Neuronet-ClusterTest,1381511451000,1932930795,22114254848,33104523264,33017856,0,10110069,102797312,108310528,108310528,22114254848,33104523264,32768,quickpizza/quickpizza-8b95978b5-jgvvs,quickpizza,quickpizza-8b95978b5-jgvvs,quickpizza,flux,Neuronet-ClusterTest,91027.119,118259050.00000007,flux,flux-node5,flux-node5.av.it.pt,183,neuronet-w2,0.376217936188796,64424509440,64424509440,0,0,1715699712,34359738368,32644038656,95.00665664672852,running,0,0,0,0,9778304,left,pdu,83.472,84.378,178829.00849392,0.366,15.1,178829.00849392,1.599,0.989,-7.756,2370.93
2025-09-05 19:35:56,quickpizza,quickpizza-8b95978b5-jgvvs,quickpizza,neuronet-k8s-w2,flux,r4,Neuronet-ClusterTest,1467788343000,1709954025,22105227264,33104523264,40955904,0,10811292,75464704,80461824,80461824,22105227264,33104523264,32768,quickpizza/quickpizza-8b95978b5-jgvvs,quickpizza,quickpizza-8b95978b5-jgvvs,quickpizza,flux,Neuronet-ClusterTest,97726.467,111655799.99999996,flux,flux-node3,flux-node3.av.it.pt,311,neuronet-5g-core,0.126957678543997,85899345920,85899345920,0,0,8853291008,17179869184,8326578176,48.467063903808594,running,0,0,0,0,1227444,left,pdu,78.379,75.548,178831.00849402,0.344,12.9,178831.00849402,1.698,0.987,-7.987,4737.55
2025-09-05 19:36:56,quickpizza,quickpizza-8b95978b5-jgvvs,quickpizza,neuronet-k8s-w2,flux,r4,Neuronet-ClusterTest,1544746962000,366030254,22114025472,33104523264,31059968,0,11798443,61710336,65069056,65069056,22114025472,33104523264,32768,quickpizza/quickpizza-8b95978b5-jgvvs,quickpizza,quickpizza-8b95978b5-jgvvs,quickpizza,flux,Neuronet-ClusterTest,101929.515,70050799.99999993,flux,flux-node5,flux-node5.av.it.pt,303,neuronet-k8s-w1,0.15733368345494,34359738368,34359738368,0,0,553594880,4294967296,3741372416,87.11061477661133,running,0,0,0,0,5478271,left,pdu,71.267,69.513,178832.00849406,0.314,13.2,178832.00849406,1.717,0.984,-7.764,999.25
2025-09-05 19:37:56,quickpizza,quickpizza-8b95978b5-jgvvs,quickpizza,neuronet-k8s-w2,flux,r4,Neuronet-ClusterTest,1581801423000,1346931816,22112567296,33104523264,32927744,0,12348687,66007040,69980160,69980160,22112567296,33104523264,32768,quickpizza/quickpizza-8b95978b5-jgvvs,quickpizza,quickpizza-8b95978b5-jgvvs,quickpizza,flux,Neuronet-ClusterTest,106965.216,82552475.40983608,flux,flux-node5,flux-node5.av.it.pt,303,neuronet-k8s-w1,0.166225622508083,34359738368,34359738368,0,0,562532352,4294967296,3732434944,86.90252304077148,running,0,0,0,0,5478332,left,pdu,66.027,70.122,178833.00849411,0.291,14.6,178833.00849411,1.603,0.984,-7.788,4683.6
2025-09-05 19:38:56,quickpizza,quickpizza-8b95978b5-jgvvs,quickpizza,neuronet-k8s-w2,flux,r4,Neuronet-ClusterTest,1695046418000,1797778823,22105554944,33104523264,40214528,0,13410373,88731648,92794880,92794880,22105554944,33104523264,32768,quickpizza/quickpizza-8b95978b5-jgvvs,quickpizza,quickpizza-8b95978b5-jgvvs,quickpizza,flux,Neuronet-ClusterTest,113722.218,114525457.62711851,flux,flux-node1,flux-node1.av.it.pt,302,neuronet-k8s-m3,0.290000412514243,34359738368,34359738368,0,0,437415936,4294967296,3857551360,89.81561660766602,running,0,0,0,0,5520584,right,pdu,55.106,59.368,130227.00618545,0.243,11.8,130227.00618545,1.609,0.984,-7.601,1546.57
2025-09-05 19:39:56,quickpizza,quickpizza-8b95978b5-jgvvs,quickpizza,neuronet-k8s-w2,flux,r4,Neuronet-ClusterTest,1803416687000,1943057276,22106206208,33104523264,39526400,0,14186515,90796032,95731712,95731712,22106206208,33104523264,32768,quickpizza/quickpizza-8b95978b5-jgvvs,quickpizza,quickpizza-8b95978b5-jgvvs,quickpizza,flux,Neuronet-ClusterTest,120831.219,118483350.00000006,flux,flux-node3,flux-node3.av.it.pt,185,neuronet-lb,0.0136034018850852,34359738368,34359738368,0,0,278528000,2147483648,1868955648,87.030029296875,running,0,0,0,0,9271915,left,pdu,69.35,70.205,178836.00849425,0.305,14.5,178836.00849425,1.694,0.983,-7.724,4255.99
2025-09-05 19:40:56,quickpizza,quickpizza-8b95978b5-jgvvs,quickpizza,neuronet-k8s-w2,flux,r4,Neuronet-ClusterTest,1905556218000,1652486274,22110072832,33104523264,35221504,0,15004844,77410304,82259968,82259968,22110072832,33104523264,32768,quickpizza/quickpizza-8b95978b5-jgvvs,quickpizza,quickpizza-8b95978b5-jgvvs,quickpizza,flux,Neuronet-ClusterTest,127522.071,111514200.0,flux,flux-node5,flux-node5.av.it.pt,184,neuronet-w3,0.398379981716082,64424509440,64424509440,0,0,7263784960,34359738368,27095953408,78.85960340499878,running,0,0,0,0,9778650,left,pdu,66.21,65.78,178837.0084943,0.295,12.7,178837.0084943,1.682,0.984,-7.553,5948.48
2025-09-05 19:41:56,quickpizza,quickpizza-8b95978b5-jgvvs,quickpizza,neuronet-k8s-w2,flux,r4,Neuronet-ClusterTest,1983698763000,164437208,22107660288,33104523264,37150720,0,16054220,61693952,64724992,64724992,22107660288,33104523264,32768,quickpizza/quickpizza-8b95978b5-jgvvs,quickpizza,quickpizza-8b95978b5-jgvvs,quickpizza,flux,Neuronet-ClusterTest,131685.591,69391999.99999982,flux,flux-node3,flux-node3.av.it.pt,185,neuronet-lb,0.0087288371217986,34359738368,34359738368,0,0,279351296,2147483648,1868132352,86.99169158935547,running,0,0,0,0,9272035,right,pdu,63.462,66.313,119447.00567343,0.281,16.5,119447.00567343,1.689,0.984,-8.587,780.04
2025-09-05 19:42:56,quickpizza,quickpizza-8b95978b5-jgvvs,quickpizza,neuronet-k8s-w2,flux,r4,Neuronet-ClusterTest,2026579744000,1372221339,22105890816,33104523264,39137280,0,16681678,68796416,72409088,72409088,22105890816,33104523264,32768,quickpizza/quickpizza-8b95978b5-jgvvs,quickpizza,quickpizza-8b95978b5-jgvvs,quickpizza,flux,Neuronet-ClusterTest,136621.806,82270250.00000043,flux,flux-node5,flux-node5.av.it.pt,303,neuronet-k8s-w1,0.161684361111276,34359738368,34359738368,0,0,553545728,4294967296,3741421568,87.11175918579102,running,0,0,0,0,5478632,right,pdu,70.384,72.269,165294.00785104,0.308,12.4,165294.00785104,1.541,0.992,-6.289,2279.26
2025-09-05 19:43:56,quickpizza,quickpizza-8b95978b5-jgvvs,quickpizza,neuronet-k8s-w2,flux,r4,Neuronet-ClusterTest,2126108263000,1803003230,22109913088,33104523264,35135488,0,17612718,87994368,92467200,92467200,22109913088,33104523264,32768,quickpizza/quickpizza-8b95978b5-jgvvs,quickpizza,quickpizza-8b95978b5-jgvvs,quickpizza,flux,Neuronet-ClusterTest,143399.229,112957049.99999969,flux,flux-node3,flux-node3.av.it.pt,311,neuronet-5g-core,0.147202380211256,85899345920,85899345920,0,0,8869834752,17179869184,8310034432,48.37076663970947,running,0,0,0,0,1227924,left,pdu,73.763,75.389,178840.00849444,0.324,16.1,178840.00849444,1.769,0.983,-7.947,2080.18
2025-09-05 19:44:56,quickpizza,quickpizza-8b95978b5-jgvvs,quickpizza,neuronet-k8s-w2,flux,r4,Neuronet-ClusterTest,2238731635000,1912459675,22111051776,33104523264,33964032,0,18410463,88952832,93605888,93605888,22111051776,33104523264,32768,quickpizza/quickpizza-8b95978b5-jgvvs,quickpizza,quickpizza-8b95978b5-jgvvs,quickpizza,flux,Neuronet-ClusterTest,150516.099,118614499.99999993,flux,flux-node1,flux-node1.av.it.pt,302,neuronet-k8s-m3,0.27439154163672,34359738368,34359738368,0,0,449523712,4294967296,3845443584,89.53371047973633,running,0,0,0,0,5520944,right,pdu,87.03,94.393,217981.01035354,0.379,6.5,217981.01035354,1.647,0.997,-1.077,2535.08
2025-09-05 19:45:56,quickpizza,quickpizza-8b95978b5-jgvvs,quickpizza,neuronet-k8s-w2,flux,r4,Neuronet-ClusterTest,50329956000,1592526149,22119616512,33104523264,25038848,0,87273,50982912,53780480,53780480,22119616512,33104523264,32768,quickpizza/quickpizza-8b95978b5-jgvvs,quickpizza,quickpizza-8b95978b5-jgvvs,quickpizza,flux,Neuronet-ClusterTest,152845.971,38194622.95081972,flux,flux-node4,flux-node4.av.it.pt,182,neuronet-w1,0.169761012113517,64424509440,64424509440,0,0,27659415552,34359738368,6700322816,19.500505924224854,running,0,0,0,0,5476681,right,pdu,68.209,66.114,165298.00785123,0.299,7.2,165298.00785123,1.565,0.99,-6.472,779.99
2025-09-05 19:46:56,quickpizza,quickpizza-8b95978b5-jgvvs,quickpizza,neuronet-k8s-w2,flux,r4,Neuronet-ClusterTest,88196984000,282896850,22117744640,33104523264,26750976,0,242320,51499008,53559296,53559296,22117744640,33104523264,32768,quickpizza/quickpizza-8b95978b5-jgvvs,quickpizza,quickpizza-8b95978b5-jgvvs,quickpizza,flux,Neuronet-ClusterTest,152845.971,0.0,flux,flux-node5,flux-node5.av.it.pt,184,neuronet-w3,0.267516035217978,64424509440,64424509440,0,0,7262695424,34359738368,27097042944,78.86277437210083,running,0,0,0,0,9779011,left,pdu,72.543,71.481,178844.00849463,0.321,15.9,178844.00849463,1.636,0.985,-7.74,796.5
2025-09-05 19:47:56,quickpizza,quickpizza-8b95978b5-jgvvs,quickpizza,neuronet-k8s-w2,flux,r4,Neuronet-ClusterTest,132452236000,1504173242,22115840000,33104523264,28651520,0,567715,57319424,60465152,60465152,22115840000,33104523264,32768,quickpizza/quickpizza-8b95978b5-jgvvs,quickpizza,quickpizza-8b95978b5-jgvvs,quickpizza,flux,Neuronet-ClusterTest,152845.971,0.0,flux,flux-node3,flux-node3.av.it.pt,185,neuronet-lb,0.0130930206437317,34359738368,34359738368,0,0,279449600,2147483648,1868034048,86.98711395263672,running,0,0,0,0,9272395,left,pdu,80.196,76.689,178845.00849468,0.353,13.8,178845.00849468,1.654,0.979,-8.022,1750.14
2025-09-05 19:48:56,quickpizza,quickpizza-8b95978b5-jgvvs,quickpizza,neuronet-k8s-w2,flux,r4,Neuronet-ClusterTest,226320797000,2163785660,22107041792,33104523264,39870464,0,1020258,106225664,111464448,111464448,22104592384,33104523264,32768,quickpizza/quickpizza-8b95978b5-jgvvs,quickpizza,quickpizza-8b95978b5-jgvvs,quickpizza,flux,Neuronet-ClusterTest,152845.971,0.0,flux,flux-node1,flux-node1.av.it.pt,300,neuronet-k8s-m1,0.337431079455589,34359738368,34359738368,0,0,661528576,4294967296,3633438720,84.59758758544922,running,0,0,0,0,5521380,left,pdu,76.296,74.535,178847.00849478,0.339,12.7,178847.00849478,1.693,0.979,-7.947,5015.01
2025-09-05 19:49:56,quickpizza,quickpizza-8b95978b5-jgvvs,quickpizza,neuronet-k8s-w2,flux,r4,Neuronet-ClusterTest,368961437000,2054033953,22103216128,33104523264,42913792,0,1418413,93548544,99655680,99655680,22103216128,33104523264,32768,quickpizza/quickpizza-8b95978b5-jgvvs,quickpizza,quickpizza-8b95978b5-jgvvs,quickpizza,flux,Neuronet-ClusterTest,152845.971,0.0,flux,flux-node4,flux-node4.av.it.pt,182,neuronet-w1,0.180002733358077,64424509440,64424509440,0,0,27657760768,34359738368,6701977600,19.505321979522705,running,0,0,0,0,5476921,left,pdu,61.932,61.165,146931.00697885,0.273,18.3,146931.00697885,1.624,0.986,-7.366,4380.13
2025-09-05 19:50:56,quickpizza,quickpizza-8b95978b5-jgvvs,quickpizza,neuronet-k8s-w2,flux,r4,Neuronet-ClusterTest,502872178000,1772872119,22102720512,33104523264,42536960,0,2057520,79724544,84987904,84987904,22102720512,33104523264,32768,quickpizza/quickpizza-8b95978b5-jgvvs,quickpizza,quickpizza-8b95978b5-jgvvs,quickpizza,flux,Neuronet-ClusterTest,152845.971,0.0,flux,flux-node3,flux-node3.av.it.pt,185,neuronet-lb,0.0113878930512296,34359738368,34359738368,0,0,276844544,2147483648,1870639104,87.1084213256836,running,0,0,0,0,9272575,left,pdu,76.725,75.171,178849.00849487,0.338,14.3,178849.00849487,1.678,0.984,-7.744,4042.84
2025-09-05 19:51:56,quickpizza,quickpizza-8b95978b5-jgvvs,quickpizza,neuronet-k8s-w2,flux,r4,Neuronet-ClusterTest,563308570000,496559989,22110576640,33104523264,33624064,0,2705431,56946688,60162048,60162048,22110576640,33104523264,32768,quickpizza/quickpizza-8b95978b5-jgvvs,quickpizza,quickpizza-8b95978b5-jgvvs,quickpizza,flux,Neuronet-ClusterTest,152845.971,0.0,flux,flux-node5,flux-node5.av.it.pt,303,neuronet-k8s-w1,0.16052963092541,34359738368,34359738368,0,0,515158016,4294967296,3779809280,88.00554275512695,running,0,0,0,0,5479171,right,pdu,67.255,67.808,165304.00785152,0.294,10.3,165304.00785152,1.538,0.992,-6.309,791.51
2025-09-05 19:52:56,quickpizza,quickpizza-8b95978b5-jgvvs,quickpizza,neuronet-k8s-w2,flux,r4,Neuronet-ClusterTest,596158773000,1295566776,22109147136,33104523264,35704832,0,3130686,60755968,64450560,64450560,22109147136,33104523264,32768,quickpizza/quickpizza-8b95978b5-jgvvs,quickpizza,quickpizza-8b95978b5-jgvvs,quickpizza,flux,Neuronet-ClusterTest,152845.971,0.0,flux,flux-node5,flux-node5.av.it.pt,184,neuronet-w3,0.369677168203658,64424509440,64424509440,0,0,7279173632,34359738368,27080564736,78.81481647491455,running,0,0,0,0,9779370,right,pdu,71.573,71.199,165306.00785161,0.313,11.3,165306.00785161,1.541,0.991,-6.412,4287.52
2025-09-05 19:53:56,quickpizza,quickpizza-8b95978b5-jgvvs,quickpizza,neuronet-k8s-w2,flux,r4,Neuronet-ClusterTest,727594583000,1899010621,22100934656,33104523264,33746944,0,4219611,80584704,85790720,85790720,22100934656,33104523264,32768,quickpizza/quickpizza-8b95978b5-jgvvs,quickpizza,quickpizza-8b95978b5-jgvvs,quickpizza,flux,Neuronet-ClusterTest,152845.971,0.0,flux,flux-node5,flux-node5.av.it.pt,181,neuronet-m3,0.421012202991239,64424509440,64424509440,0,0,681029632,4294967296,3613937664,84.1435432434082,running,0,0,0,0,9779473,right,pdu,72.519,68.038,165307.00785166,0.317,9.2,165307.00785166,1.574,0.991,-6.293,2184.57
2025-09-05 19:54:56,quickpizza,quickpizza-8b95978b5-jgvvs,quickpizza,neuronet-k8s-w2,flux,r4,Neuronet-ClusterTest,837732434000,2018314345,22100590592,33104523264,43950080,0,4941958,107094016,112508928,112508928,22100590592,33104523264,32768,quickpizza/quickpizza-8b95978b5-jgvvs,quickpizza,quickpizza-8b95978b5-jgvvs,quickpizza,flux,Neuronet-ClusterTest,152845.971,0.0,flux,flux-node1,flux-node1.av.it.pt,188,neuronet-m2,0.222108460118507,64424509440,64424509440,0,0,568446976,4294967296,3726520320,86.76481246948242,running,0,0,0,0,9779424,left,pdu,62.306,70.002,178854.00849511,0.274,15.0,178854.00849511,1.616,0.984,-7.712,3770.31
2025-09-05 19:55:56,quickpizza,quickpizza-8b95978b5-jgvvs,quickpizza,neuronet-k8s-w2,flux,r4,Neuronet-ClusterTest,947954086000,1606034575,22101716992,33104523264,42672128,0,5730538,71716864,76238848,76238848,22101716992,33104523264,32768,quickpizza/quickpizza-8b95978b5-jgvvs,quickpizza,quickpizza-8b95978b5-jgvvs,quickpizza,flux,Neuronet-ClusterTest,152845.971,0.0,flux,flux-node5,flux-node5.av.it.pt,183,neuronet-w2,0.623218715841899,64424509440,64424509440,0,0,1665908736,34359738368,32693829632,95.15156745910645,running,0,0,0,0,9779564,left,pdu,62.894,70.138,146937.00697913,0.277,16.4,146937.00697913,1.615,0.989,-7.211,2402.55
2025-09-05 19:56:56,quickpizza,quickpizza-8b95978b5-jgvvs,quickpizza,neuronet-k8s-w2,flux,r4,Neuronet-ClusterTest,1013559347000,293226123,22110515200,33104523264,33452032,0,6521866,59031552,62107648,62107648,22110515200,33104523264,32768,quickpizza/quickpizza-8b95978b5-jgvvs,quickpizza,quickpizza-8b95978b5-jgvvs,quickpizza,flux,Neuronet-ClusterTest,152845.971,0.0,flux,flux-node3,flux-node3.av.it.pt,311,neuronet-5g-core,0.12509067562614,85899345920,85899345920,0,0,8864878592,17179869184,8314990592,48.39961528778076,running,0,0,0,0,1228705,left,pdu,70.957,68.229,178856.0084952,0.313,14.6,178856.0084952,1.805,0.98,-7.609,1010.61
2025-09-05 19:57:56,quickpizza,quickpizza-8b95978b5-jgvvs,quickpizza,neuronet-k8s-w2,flux,r4,Neuronet-ClusterTest,1059537553000,1395236437,22108884992,33104523264,35360768,0,7112533,67047424,70733824,70733824,22108884992,33104523264,32768,quickpizza/quickpizza-8b95978b5-jgvvs,quickpizza,quickpizza-8b95978b5-jgvvs,quickpizza,flux,Neuronet-ClusterTest,152845.971,0.0,flux,flux-node3,flux-node3.av.it.pt,185,neuronet-lb,0.0123024364752901,34359738368,34359738368,0,0,278999040,2147483648,1868484608,87.00809478759766,running,0,0,0,0,9272995,left,pdu,67.017,67.136,178858.0084953,0.298,14.2,178858.0084953,1.647,0.978,-7.585,1727.65
2025-09-05 19:58:56,quickpizza,quickpizza-8b95978b5-jgvvs,quickpizza,neuronet-k8s-w2,flux,r4,Neuronet-ClusterTest,46845950000,2519391202,22119608320,33104523264,24952832,0,47274,94965760,99008512,99008512,22119608320,33104523264,32768,quickpizza/quickpizza-8b95978b5-jgvvs,quickpizza,quickpizza-8b95978b5-jgvvs,quickpizza,flux,Neuronet-ClusterTest,152845.971,0.0,flux,flux-node5,flux-node5.av.it.pt,181,neuronet-m3,0.366830244604466,64424509440,64424509440,0,0,693952512,4294967296,3601014784,83.84265899658203,running,0,0,0,0,9779773,left,pdu,59.471,63.932,146940.00697928,0.266,16.4,146940.00697928,1.622,0.983,-7.696,3126.35
2025-09-05 19:59:56,quickpizza,quickpizza-8b95978b5-jgvvs,quickpizza,neuronet-k8s-w2,flux,r4,Neuronet-ClusterTest,191897349000,2461380685,22102786048,33104523264,41644032,0,157729,160731136,167817216,167817216,22102786048,33104523264,32768,quickpizza/quickpizza-8b95978b5-jgvvs,quickpizza,quickpizza-8b95978b5-jgvvs,quickpizza,flux,Neuronet-ClusterTest,152845.971,0.0,flux,flux-node1,flux-node1.av.it.pt,300,neuronet-k8s-m1,0.298817275813833,34359738368,34359738368,0,0,679403520,4294967296,3615563776,84.18140411376953,running,0,0,0,0,5522040,left,pdu,67.899,75.155,178860.00849539,0.299,14.5,178860.00849539,1.689,0.98,-7.839,3171.88
2025-09-05 20:00:56,quickpizza,quickpizza-8b95978b5-jgvvs,quickpizza,neuronet-k8s-w2,flux,r4,Neuronet-ClusterTest,322042049000,1901320991,22112694272,33104523264,31219712,0,411785,84058112,89272320,89272320,22112694272,33104523264,32768,quickpizza/quickpizza-8b95978b5-jgvvs,quickpizza,quickpizza-8b95978b5-jgvvs,quickpizza,flux,Neuronet-ClusterTest,152845.971,0.0,flux,flux-node3,flux-node3.av.it.pt,306,neuronet-k8s-lb,0.0135254955255012,34359738368,34359738368,0,0,379023360,2147483648,1768460288,82.35034942626953,running,0,0,0,0,5101898,left,pdu,60.135,60.135,146942.00697937,0.266,12.9,146942.00697937,1.63,0.986,-7.645,3039.85
2025-09-05 20:01:56,quickpizza,quickpizza-8b95978b5-jgvvs,quickpizza,neuronet-k8s-w2,flux,r4,Neuronet-ClusterTest,384655428000,121297773,22110482432,33104523264,33173504,0,943809,59195392,62398464,62398464,22110482432,33104523264,32768,quickpizza/quickpizza-8b95978b5-jgvvs,quickpizza,quickpizza-8b95978b5-jgvvs,quickpizza,flux,Neuronet-ClusterTest,152845.971,0.0,flux,flux-node4,flux-node4.av.it.pt,182,neuronet-w1,0.183238374259194,64424509440,64424509440,0,0,27660111872,34359738368,6699626496,19.49847936630249,running,0,0,0,0,5477641,left,pdu,59.702,64.886,146943.00697942,0.269,14.9,146943.00697942,1.759,0.97,-7.335,793.06
2025-09-05 20:02:56,quickpizza,quickpizza-8b95978b5-jgvvs,quickpizza,neuronet-k8s-w2,flux,r4,Neuronet-ClusterTest,410901734000,1308025895,22108471296,33104523264,35176448,0,1195158,57434112,61415424,61415424,22108471296,33104523264,32768,quickpizza/quickpizza-8b95978b5-jgvvs,quickpizza,quickpizza-8b95978b5-jgvvs,quickpizza,flux,Neuronet-ClusterTest,152845.971,0.0,flux,flux-node4,flux-node4.av.it.pt,182,neuronet-w1,0.152433300213101,64424509440,64424509440,0,0,27643711488,34359738368,6716026880,19.546210765838623,running,0,0,0,0,5477701,left,pdu,63.451,63.093,146944.00697947,0.281,13.6,146944.00697947,1.642,0.986,-7.505,2987.41
2025-09-05 20:03:56,quickpizza,quickpizza-8b95978b5-jgvvs,quickpizza,neuronet-k8s-w2,flux,r4,Neuronet-ClusterTest,547936096000,1926063645,22109622272,33104523264,33931264,0,2166948,97345536,102957056,102957056,22109622272,33104523264,32768,quickpizza/quickpizza-8b95978b5-jgvvs,quickpizza,quickpizza-8b95978b5-jgvvs,quickpizza,flux,Neuronet-ClusterTest,152845.971,0.0,flux,flux-node3,flux-node3.av.it.pt,306,neuronet-k8s-lb,0.0154541403804925,34359738368,34359738368,0,0,377114624,2147483648,1770369024,82.4392318725586,running,0,0,0,0,5102078,left,pdu,71.318,69.12,178865.00849563,0.313,15.3,178865.00849563,1.643,0.983,-7.831,2330.84
2025-09-05 20:04:56,quickpizza,quickpizza-8b95978b5-jgvvs,quickpizza,neuronet-k8s-w2,flux,r4,Neuronet-ClusterTest,633836271000,1970136638,22110666752,33104523264,34652160,0,2627167,94650368,100618240,100618240,22110666752,33104523264,32768,quickpizza/quickpizza-8b95978b5-jgvvs,quickpizza,quickpizza-8b95978b5-jgvvs,quickpizza,flux,Neuronet-ClusterTest,152845.971,0.0,flux,flux-node5,flux-node5.av.it.pt,305,neuronet-k8s-w3,0.325349401351886,34359738368,34359738368,0,0,1552015360,4294967296,2742951936,63.86432647705078,running,0,0,0,0,5479790,right,pdu,70.766,71.465,165320.00785228,0.31,10.8,165320.00785228,1.588,0.99,-6.086,1561.11
2025-09-05 20:05:56,quickpizza,quickpizza-8b95978b5-jgvvs,quickpizza,neuronet-k8s-w2,flux,r4,Neuronet-ClusterTest,761052276000,1739137030,22101192704,33104523264,31580160,0,3523403,75161600,79867904,79867904,22101192704,33104523264,32768,quickpizza/quickpizza-8b95978b5-jgvvs,quickpizza,quickpizza-8b95978b5-jgvvs,quickpizza,flux,Neuronet-ClusterTest,152845.971,0.0,flux,flux-node5,flux-node5.av.it.pt,181,neuronet-m3,0.35439976249054,64424509440,64424509440,0,0,493654016,4294967296,3801313280,88.50622177124023,running,0,0,0,0,9780193,right,pdu,70.13,71.036,165321.00785233,0.306,9.7,165321.00785233,1.652,0.992,-6.257,3317.81
2025-09-05 20:06:56,quickpizza,quickpizza-8b95978b5-jgvvs,quickpizza,neuronet-k8s-w2,flux,r4,Neuronet-ClusterTest,832303687000,397901835,22109749248,33104523264,33607680,0,4362370,59125760,62828544,62828544,22109749248,33104523264,32768,quickpizza/quickpizza-8b95978b5-jgvvs,quickpizza,quickpizza-8b95978b5-jgvvs,quickpizza,flux,Neuronet-ClusterTest,152845.971,0.0,flux,flux-node5,flux-node5.av.it.pt,303,neuronet-k8s-w1,0.062931073113585,34359738368,34359738368,0,0,504791040,4294967296,3790176256,88.24691772460938,running,0,0,0,0,5480072,right,pdu,40.746,45.262,119468.00567443,0.183,17.0,119468.00567443,1.709,0.964,-8.189,790.99
2025-09-05 20:07:56,quickpizza,quickpizza-8b95978b5-jgvvs,quickpizza,neuronet-k8s-w2,flux,r4,Neuronet-ClusterTest,871466317000,1355297554,22108389376,33104523264,35549184,0,4907895,66949120,70987776,70987776,22108389376,33104523264,32768,quickpizza/quickpizza-8b95978b5-jgvvs,quickpizza,quickpizza-8b95978b5-jgvvs,quickpizza,flux,Neuronet-ClusterTest,152845.971,0.0,flux,flux-node4,flux-node4.av.it.pt,179,neuronet-m1,0.546544868606421,64424509440,64424509440,0,0,577839104,4294967296,3717128192,86.54613494873047,running,0,0,0,0,8823178,right,pdu,45.357,57.129,119469.00567447,0.203,20.1,119469.00567447,1.711,0.972,-8.313,2960.35
2025-09-05 20:08:56,quickpizza,quickpizza-8b95978b5-jgvvs,quickpizza,neuronet-k8s-w2,flux,r4,Neuronet-ClusterTest,992237810000,1791042561,22100787200,33104523264,32636928,0,5958112,85614592,91090944,91090944,22100787200,33104523264,32768,quickpizza/quickpizza-8b95978b5-jgvvs,quickpizza,quickpizza-8b95978b5-jgvvs,quickpizza,flux,Neuronet-ClusterTest,152845.971,0.0,flux,flux-node4,flux-node4.av.it.pt,182,neuronet-w1,0.196883584149786,64424509440,64424509440,0,0,27680448512,34359738368,6679289856,19.439291954040527,running,0,0,0,0,5478061,right,pdu,98.73,98.957,218018.0103553,0.43,9.5,218018.0103553,1.601,0.997,-0.588,1573.79
2025-09-05 20:09:56,quickpizza,quickpizza-8b95978b5-jgvvs,quickpizza,neuronet-k8s-w2,flux,r4,Neuronet-ClusterTest,1090814682000,1891873328,22101565440,33104523264,42913792,0,6608864,94642176,99663872,99663872,22101565440,33104523264,32768,quickpizza/quickpizza-8b95978b5-jgvvs,quickpizza,quickpizza-8b95978b5-jgvvs,quickpizza,flux,Neuronet-ClusterTest,152845.971,0.0,flux,flux-node5,flux-node5.av.it.pt,183,neuronet-w2,0.637613438369918,64424509440,64424509440,0,0,1619931136,34359738368,32739807232,95.2853798866272,running,0,0,0,0,9780405,right,pdu,72.026,75.572,165325.00785252,0.315,11.3,165325.00785252,1.62,0.992,-6.142,3160.7
2025-09-05 20:10:56,quickpizza,quickpizza-8b95978b5-jgvvs,quickpizza,neuronet-k8s-w2,flux,r4,Neuronet-ClusterTest,1211704052000,1657400536,22104477696,33104523264,39182336,0,7531958,78127104,82481152,82481152,22104477696,33104523264,32768,quickpizza/quickpizza-8b95978b5-jgvvs,quickpizza,quickpizza-8b95978b5-jgvvs,quickpizza,flux,Neuronet-ClusterTest,152845.971,0.0,flux,flux-node5,flux-node5.av.it.pt,304,neuronet-k8s-w2,0.608628499203951,34359738368,34359738368,0,0,485695488,4294967296,3809271808,88.69152069091797,running,0,0,0,0,5480168,right,pdu,90.815,90.608,218022.01035549,0.395,6.0,218022.01035549,1.593,0.997,-0.357,2259.35
2025-09-05 20:11:56,quickpizza,quickpizza-8b95978b5-jgvvs,quickpizza,neuronet-k8s-w2,flux,r4,Neuronet-ClusterTest,1274431611000,408251659,22101913600,33104523264,41123840,0,8350397,61267968,64446464,64446464,22101913600,33104523264,32768,quickpizza/quickpizza-8b95978b5-jgvvs,quickpizza,quickpizza-8b95978b5-jgvvs,quickpizza,flux,Neuronet-ClusterTest,152845.971,0.0,flux,flux-node3,flux-node3.av.it.pt,311,neuronet-5g-core,0.142316414945986,85899345920,85899345920,0,0,8850817024,17179869184,8329052160,48.48146438598633,running,0,0,0,0,1229604,right,pdu,67.812,66.237,130258.00618692,0.299,14.4,130258.00618692,1.676,0.984,-7.14,794.1
2025-09-05 20:12:56,quickpizza,quickpizza-8b95978b5-jgvvs,quickpizza,neuronet-k8s-w2,flux,r4,Neuronet-ClusterTest,1312121066000,1295433597,22100291584,33104523264,31043584,0,8901853,65748992,69488640,69488640,22100291584,33104523264,32768,quickpizza/quickpizza-8b95978b5-jgvvs,quickpizza,quickpizza-8b95978b5-jgvvs,quickpizza,flux,Neuronet-ClusterTest,152845.971,0.0,flux,flux-node3,flux-node3.av.it.pt,185,neuronet-lb,0.011741601058644,34359738368,34359738368,0,0,276905984,2147483648,1870577664,87.10556030273438,running,0,0,0,0,9273895,left,pdu,77.087,78.681,178876.00849615,0.339,15.4,178876.00849615,1.663,0.984,-7.537,2699.63
2025-09-05 20:13:56,quickpizza,quickpizza-8b95978b5-jgvvs,quickpizza,neuronet-k8s-w2,flux,r4,Neuronet-ClusterTest,1433111340000,1833833099,22104948736,33104523264,38690816,0,10003310,84885504,89894912,89894912,22104948736,33104523264,32768,quickpizza/quickpizza-8b95978b5-jgvvs,quickpizza,quickpizza-8b95978b5-jgvvs,quickpizza,flux,Neuronet-ClusterTest,152845.971,0.0,flux,flux-node3,flux-node3.av.it.pt,306,neuronet-k8s-lb,0.0143939733420909,34359738368,34359738368,0,0,377622528,2147483648,1769861120,82.41558074951172,running,0,0,0,0,5102679,left,pdu,60.234,61.483,146956.00698004,0.266,18.0,146956.00698004,1.785,0.967,-7.179,2348.18
2025-09-05 20:14:56,quickpizza,quickpizza-8b95978b5-jgvvs,quickpizza,neuronet-k8s-w2,flux,r4,Neuronet-ClusterTest,29749972000,2237643820,22123655168,33104523264,20283392,0,47180,167415808,173010944,173010944,22123655168,33104523264,32768,quickpizza/quickpizza-8b95978b5-jgvvs,,,,,,,,flux,flux-node5,flux-node5.av.it.pt,305,neuronet-k8s-w3,0.294743854510532,34359738368,34359738368,0,0,1555374080,4294967296,2739593216,63.78612518310547,running,0,0,0,0,5480390,left,pdu,59.781,59.507,146957.00698008,0.27,18.1,146957.00698008,1.757,0.965,-7.482,4181.41
2025-09-05 20:15:56,quickpizza,quickpizza-8b95978b5-jgvvs,quickpizza,neuronet-k8s-w2,flux,r4,Neuronet-ClusterTest,145071763000,1955613806,22111047680,33104523264,31977472,0,207925,73916416,79368192,79368192,22111047680,33104523264,32768,quickpizza/quickpizza-8b95978b5-jgvvs,quickpizza,quickpizza-8b95978b5-jgvvs,quickpizza,flux,Neuronet-ClusterTest,9867.354,122803000.0,flux,flux-node1,flux-node1.av.it.pt,300,neuronet-k8s-m1,0.29817950345841,34359738368,34359738368,0,0,714973184,4294967296,3579994112,83.35323333740234,running,0,0,0,0,5523000,left,pdu,68.221,71.223,178880.00849634,0.301,15.3,178880.00849634,1.625,0.985,-7.736,2212.67
2025-09-05 20:16:56,quickpizza,quickpizza-8b95978b5-jgvvs,quickpizza,neuronet-k8s-w2,flux,r4,Neuronet-ClusterTest,213179088000,217213849,22108942336,33104523264,33861632,0,735765,57204736,60497920,60497920,22108942336,33104523264,32768,quickpizza/quickpizza-8b95978b5-jgvvs,quickpizza,quickpizza-8b95978b5-jgvvs,quickpizza,flux,Neuronet-ClusterTest,13160.001,54877450.000000015,flux,flux-node5,flux-node5.av.it.pt,184,neuronet-w3,0.358089398348548,64424509440,64424509440,0,0,7284006912,34359738368,27075731456,78.80074977874756,running,0,0,0,0,9780810,left,pdu,64.623,68.229,178881.00849639,0.285,13.2,178881.00849639,1.816,0.983,-7.998,790.74
2025-09-05 20:17:56,quickpizza,quickpizza-8b95978b5-jgvvs,quickpizza,neuronet-k8s-w2,flux,r4,Neuronet-ClusterTest,249789546000,1320843950,22107066368,33104523264,35819520,0,1085596,59654144,63647744,63647744,22107066368,33104523264,32768,quickpizza/quickpizza-8b95978b5-jgvvs,quickpizza,quickpizza-8b95978b5-jgvvs,quickpizza,flux,Neuronet-ClusterTest,17519.472,72657850.00000003,flux,flux-node5,flux-node5.av.it.pt,304,neuronet-k8s-w2,0.575299495273172,34359738368,34359738368,0,0,502697984,4294967296,3792269312,88.29565048217773,running,0,0,0,0,5480588,right,pdu,68.989,69.597,165335.00785299,0.302,10.2,165335.00785299,1.565,0.991,-6.285,5113.03
2025-09-05 20:18:56,quickpizza,quickpizza-8b95978b5-jgvvs,quickpizza,neuronet-k8s-w2,flux,r4,Neuronet-ClusterTest,382696304000,2251352883,22108119040,33104523264,34754560,0,1790978,144060416,150806528,150806528,22108119040,33104523264,32768,quickpizza/quickpizza-8b95978b5-jgvvs,quickpizza,quickpizza-8b95978b5-jgvvs,quickpizza,flux,Neuronet-ClusterTest,24742.773,120388350.0,flux,flux-node4,flux-node4.av.it.pt,182,neuronet-w1,0.181575844208185,64424509440,64424509440,0,0,27657461760,34359738368,6702276608,19.506192207336422,running,0,0,0,0,5478661,left,pdu,61.192,62.477,146961.00698027,0.272,18.3,146961.00698027,1.667,0.979,-7.645,5279.58
2025-09-05 20:19:56,quickpizza,quickpizza-8b95978b5-jgvvs,quickpizza,neuronet-k8s-w2,flux,r4,Neuronet-ClusterTest,496744314000,2257987383,22103961600,33104523264,38678528,0,2037477,139243520,145608704,145608704,22103961600,33104523264,32768,quickpizza/quickpizza-8b95978b5-jgvvs,quickpizza,quickpizza-8b95978b5-jgvvs,quickpizza,flux,Neuronet-ClusterTest,32351.463,126811500.0,flux,flux-node5,flux-node5.av.it.pt,183,neuronet-w2,0.0,64424509440,64424509440,0,0,1596792832,34359738368,32762945536,95.35272121429443,running,0,0,0,0,9781004,left,pdu,71.764,72.992,178884.00849653,0.317,16.2,178884.00849653,1.752,0.983,-7.943,3973.16
2025-09-05 20:20:56,quickpizza,quickpizza-8b95978b5-jgvvs,quickpizza,neuronet-k8s-w2,flux,r4,Neuronet-ClusterTest,614832429000,1654518632,22106841088,33104523264,36708352,0,2792959,75661312,80691200,80691200,22106841088,33104523264,32768,quickpizza/quickpizza-8b95978b5-jgvvs,quickpizza,quickpizza-8b95978b5-jgvvs,quickpizza,flux,Neuronet-ClusterTest,39191.805,114005700.0,flux,flux-node3,flux-node3.av.it.pt,306,neuronet-k8s-lb,0.0155555187430291,34359738368,34359738368,0,0,377081856,2147483648,1770401792,82.44075775146484,running,0,0,0,0,5103099,right,pdu,72.058,68.277,165338.00785313,0.315,10.7,165338.00785313,1.586,0.99,-6.353,4175.41
2025-09-05 20:21:56,quickpizza,quickpizza-8b95978b5-jgvvs,quickpizza,neuronet-k8s-w2,flux,r4,Neuronet-ClusterTest,683337430000,136331865,22103752704,33104523264,38752256,0,3620702,58470400,61673472,61673472,22103752704,33104523264,32768,quickpizza/quickpizza-8b95978b5-jgvvs,quickpizza,quickpizza-8b95978b5-jgvvs,quickpizza,flux,Neuronet-ClusterTest,43138.26,65774250.00000002,flux,flux-node5,flux-node5.av.it.pt,181,neuronet-m3,0.348166107004309,64424509440,64424509440,0,0,474939392,4294967296,3820027904,88.94195556640625,running,0,0,0,0,9781153,left,pdu,61.658,61.55,146964.00698042,0.275,17.1,146964.00698042,1.726,0.968,-7.307,791.65
2025-09-05 20:22:56,quickpizza,quickpizza-8b95978b5-jgvvs,quickpizza,neuronet-k8s-w2,flux,r4,Neuronet-ClusterTest,736230611000,1509772805,22102458368,33104523264,40681472,0,4326649,69447680,73392128,73392128,22102458368,33104523264,32768,quickpizza/quickpizza-8b95978b5-jgvvs,quickpizza,quickpizza-8b95978b5-jgvvs,quickpizza,flux,Neuronet-ClusterTest,47950.866,80210100.0,flux,flux-node4,flux-node4.av.it.pt,179,neuronet-m1,0.314926133429267,64424509440,64424509440,0,0,569040896,4294967296,3725926400,86.75098419189453,running,0,0,0,0,8824078,right,pdu,68.758,69.875,165341.00785328,0.301,11.7,165341.00785328,1.638,0.988,-6.297,5496.3
2025-09-05 20:23:56,quickpizza,quickpizza-8b95978b5-jgvvs,quickpizza,neuronet-k8s-w2,flux,r4,Neuronet-ClusterTest,839277319000,1847094943,22106529792,33104523264,37314560,0,5149000,84332544,89669632,89669632,22106529792,33104523264,32768,quickpizza/quickpizza-8b95978b5-jgvvs,quickpizza,quickpizza-8b95978b5-jgvvs,quickpizza,flux,Neuronet-ClusterTest,54869.04,115302900.0,flux,flux-node3,flux-node3.av.it.pt,185,neuronet-lb,0.0117169009262295,34359738368,34359738368,0,0,276746240,2147483648,1870737408,87.11299896240234,running,0,0,0,0,9274557,right,pdu,87.006,92.62,218042.01035644,0.379,6.6,218042.01035644,1.648,0.997,-0.938,2310.71
2025-09-05 20:24:56,quickpizza,quickpizza-8b95978b5-jgvvs,quickpizza,neuronet-k8s-w2,flux,r4,Neuronet-ClusterTest,965583142000,2008844267,22106451968,33104523264,37355520,0,5954699,102932480,108593152,108593152,22106451968,33104523264,32768,quickpizza/quickpizza-8b95978b5-jgvvs,quickpizza,quickpizza-8b95978b5-jgvvs,quickpizza,flux,Neuronet-ClusterTest,61833.123,116068050.0,flux,flux-node5,flux-node5.av.it.pt,303,neuronet-k8s-w1,0.158748574052153,34359738368,34359738368,0,0,468594688,4294967296,3826372608,89.08967971801758,running,0,0,0,0,5481151,right,pdu,71.024,66.675,165343.00785337,0.312,11.2,165343.00785337,1.639,0.988,-5.951,3591.88
2025-09-05 20:25:56,quickpizza,quickpizza-8b95978b5-jgvvs,quickpizza,neuronet-k8s-w2,flux,r4,Neuronet-ClusterTest,92856587000,1784151012,22112108544,33104523264,30822400,0,201648,52408320,55898112,55898112,22112108544,33104523264,32768,quickpizza/quickpizza-8b95978b5-jgvvs,quickpizza,quickpizza-8b95978b5-jgvvs,quickpizza,flux,Neuronet-ClusterTest,5896.989,96256278.6885246,flux,flux-node1,flux-node1.av.it.pt,300,neuronet-k8s-m1,0.3082313064435,34359738368,34359738368,0,0,694542336,4294967296,3600424960,83.82892608642578,running,0,0,0,0,5523600,left,pdu,68.845,70.118,178892.00849691,0.306,13.8,178892.00849691,1.702,0.983,-8.142,1178.86
2025-09-05 20:26:56,quickpizza,quickpizza-8b95978b5-jgvvs,quickpizza,neuronet-k8s-w2,flux,r4,Neuronet-ClusterTest,141109076000,93824366,22109630464,33104523264,32550912,0,572537,52113408,54771712,54771712,22109630464,33104523264,32768,quickpizza/quickpizza-8b95978b5-jgvvs,quickpizza,quickpizza-8b95978b5-jgvvs,quickpizza,flux,Neuronet-ClusterTest,9113.13,54510864.40677965,flux,flux-node3,flux-node3.av.it.pt,311,neuronet-5g-core,0.150941002369842,85899345920,85899345920,0,0,8845848576,17179869184,8334020608,48.51038455963135,running,0,0,0,0,1230504,left,pdu,82.697,85.289,209510.00995119,0.362,9.5,209510.00995119,1.578,0.995,-5.088,793.0
2025-09-05 20:27:56,quickpizza,quickpizza-8b95978b5-jgvvs,quickpizza,neuronet-k8s-w2,flux,r4,Neuronet-ClusterTest,188662848000,1570388905,22108200960,33104523264,34574336,0,992687,61726720,65409024,65409024,22108200960,33104523264,32768,quickpizza/quickpizza-8b95978b5-jgvvs,quickpizza,quickpizza-8b95978b5-jgvvs,quickpizza,flux,Neuronet-ClusterTest,13437.051,72065350.00000001,flux,flux-node4,flux-node4.av.it.pt,179,neuronet-m1,0.393092289398125,64424509440,64424509440,0,0,572227584,4294967296,3722739712,86.67678833007812,running,0,0,0,0,8824379,left,pdu,60.051,65.752,146970.0069807,0.265,14.6,146970.0069807,1.654,0.987,-7.494,2510.3
2025-09-05 20:28:56,quickpizza,quickpizza-8b95978b5-jgvvs,quickpizza,neuronet-k8s-w2,flux,r4,Neuronet-ClusterTest,292651111000,1902665735,22099599360,33104523264,43450368,0,1663842,76873728,81358848,81358848,22099599360,33104523264,32768,quickpizza/quickpizza-8b95978b5-jgvvs,quickpizza,quickpizza-8b95978b5-jgvvs,quickpizza,flux,Neuronet-ClusterTest,20508.636,117859750.0,flux,flux-node3,flux-node3.av.it.pt,306,neuronet-k8s-lb,0.0150930031520643,34359738368,34359738368,0,0,376770560,2147483648,1770713088,82.45525360107422,running,0,0,0,0,5103578,left,pdu,64.46,70.241,178895.00849706,0.287,13.8,178895.00849706,1.704,0.973,-7.824,5355.75
2025-09-05 20:29:56,quickpizza,quickpizza-8b95978b5-jgvvs,quickpizza,neuronet-k8s-w2,flux,r4,Neuronet-ClusterTest,425670545000,2000316113,22106890240,33104523264,36048896,0,2213514,100200448,106020864,106020864,22106890240,33104523264,32768,quickpizza/quickpizza-8b95978b5-jgvvs,quickpizza,quickpizza-8b95978b5-jgvvs,quickpizza,flux,Neuronet-ClusterTest,27855.078,120433475.4098361,flux,flux-node3,flux-node3.av.it.pt,306,neuronet-k8s-lb,0.0146326469324166,34359738368,34359738368,0,0,376590336,2147483648,1770893312,82.4636459350586,running,0,0,0,0,5103638,left,pdu,69.16,69.179,178897.00849715,0.306,15.2,178897.00849715,1.696,0.98,-7.975,1572.67
2025-09-05 20:30:56,quickpizza,quickpizza-8b95978b5-jgvvs,quickpizza,neuronet-k8s-w2,flux,r4,Neuronet-ClusterTest,529421749000,1782411891,22097448960,33104523264,44961792,0,2919732,78442496,83464192,83464192,22097448960,33104523264,32768,quickpizza/quickpizza-8b95978b5-jgvvs,quickpizza,quickpizza-8b95978b5-jgvvs,quickpizza,flux,Neuronet-ClusterTest,34808.289,117851033.898305,flux,flux-node5,flux-node5.av.it.pt,181,neuronet-m3,0.370688478529407,64424509440,64424509440,0,0,475291648,4294967296,3819675648,88.93375396728516,running,0,0,0,0,9781693,left,pdu,64.087,64.945,146974.00698089,0.282,16.2,146974.00698089,1.628,0.986,-7.346,1913.34
2025-09-05 20:31:56,quickpizza,quickpizza-8b95978b5-jgvvs,quickpizza,neuronet-k8s-w2,flux,r4,Neuronet-ClusterTest,595876485000,360134216,22105477120,33104523264,36405248,0,3740260,55205888,58384384,58384384,22105477120,33104523264,32768,quickpizza/quickpizza-8b95978b5-jgvvs,quickpizza,quickpizza-8b95978b5-jgvvs,quickpizza,flux,Neuronet-ClusterTest,38744.889,65610000.0000001,flux,flux-node4,flux-node4.av.it.pt,179,neuronet-m1,0.4288185099314,64424509440,64424509440,0,0,396845056,4294967296,3898122240,90.7602310180664,running,0,0,0,0,8824619,left,pdu,86.509,83.687,183070.00869536,0.378,9.0,183070.00869536,1.59,0.996,-1.474,791.11
2025-09-05 20:32:56,quickpizza,quickpizza-8b95978b5-jgvvs,quickpizza,neuronet-k8s-w2,flux,r4,Neuronet-ClusterTest,641366656000,1437439359,22103744512,33104523264,38350848,0,4367299,64253952,68284416,68284416,22103744512,33104523264,32768,quickpizza/quickpizza-8b95978b5-jgvvs,quickpizza,quickpizza-8b95978b5-jgvvs,quickpizza,flux,Neuronet-ClusterTest,43519.185,79571599.99999993,flux,flux-node5,flux-node5.av.it.pt,183,neuronet-w2,0.616377401508138,64424509440,64424509440,0,0,1556496384,34359738368,32803241984,95.46999931335448,running,0,0,0,0,9781784,left,pdu,95.888,96.293,209519.00995162,0.419,10.6,209519.00995162,1.608,0.995,-5.1,4425.41
2025-09-05 20:33:56,quickpizza,quickpizza-8b95978b5-jgvvs,quickpizza,neuronet-k8s-w2,flux,r4,Neuronet-ClusterTest,759825193000,1840524086,22095790080,33104523264,46432256,0,5383224,86364160,91811840,91811840,22095790080,33104523264,32768,quickpizza/quickpizza-8b95978b5-jgvvs,quickpizza,quickpizza-8b95978b5-jgvvs,quickpizza,flux,Neuronet-ClusterTest,50456.559,115622900.00000006,flux,flux-node5,flux-node5.av.it.pt,181,neuronet-m3,0.347791413056434,64424509440,64424509440,0,0,677670912,4294967296,3617296384,84.22174453735352,running,0,0,0,0,9781873,right,pdu,94.166,87.662,218057.01035715,0.41,8.5,218057.01035715,1.56,0.997,-0.818,4066.43
2025-09-05 20:34:56,quickpizza,quickpizza-8b95978b5-jgvvs,quickpizza,neuronet-k8s-w2,flux,r4,Neuronet-ClusterTest,851495108000,1970465761,22095753216,33104523264,46317568,0,5951938,88412160,94048256,94048256,22095753216,33104523264,32768,quickpizza/quickpizza-8b95978b5-jgvvs,quickpizza,quickpizza-8b95978b5-jgvvs,quickpizza,flux,Neuronet-ClusterTest,57668.478,120198650.00000004,flux,flux-node1,flux-node1.av.it.pt,301,neuronet-k8s-m2,0.335310328775107,34359738368,34359738368,0,0,409047040,4294967296,3885920256,90.47613143920898,running,0,0,0,0,5523966,left,pdu,71.553,69.772,178903.00849744,0.318,15.6,178903.00849744,1.69,0.984,-7.967,2419.05
2025-09-05 20:35:56,quickpizza,quickpizza-8b95978b5-jgvvs,quickpizza,neuronet-k8s-w2,flux,r4,Neuronet-ClusterTest,976227569000,1692062043,22099771392,33104523264,41975808,0,6857397,72355840,77197312,77197312,22099771392,33104523264,32768,quickpizza/quickpizza-8b95978b5-jgvvs,quickpizza,quickpizza-8b95978b5-jgvvs,quickpizza,flux,Neuronet-ClusterTest,64425.798,112622000.0,flux,flux-node3,flux-node3.av.it.pt,185,neuronet-lb,0.012970795177285,34359738368,34359738368,0,0,273498112,2147483648,1873985536,87.26425170898438,running,0,0,0,0,9275275,right,pdu,52.951,54.859,130281.00618802,0.234,15.4,130281.00618802,1.683,0.978,-7.311,1657.17
2025-09-05 20:36:56,quickpizza,quickpizza-8b95978b5-jgvvs,quickpizza,neuronet-k8s-w2,flux,r4,Neuronet-ClusterTest,1041716621000,499322293,22097698816,33104523264,43868160,0,7690110,58085376,61403136,61403136,22097698816,33104523264,32768,quickpizza/quickpizza-8b95978b5-jgvvs,quickpizza,quickpizza-8b95978b5-jgvvs,quickpizza,flux,Neuronet-ClusterTest,68564.928,68985499.99999996,flux,flux-node5,flux-node5.av.it.pt,305,neuronet-k8s-w3,0.226746052753331,34359738368,34359738368,0,0,1483788288,4294967296,2811179008,65.45286178588867,running,0,0,0,0,5481710,left,pdu,85.654,86.275,183077.00869569,0.374,11.1,183077.00869569,1.599,0.995,-3.399,802.5
2025-09-05 20:37:56,quickpizza,quickpizza-8b95978b5-jgvvs,quickpizza,neuronet-k8s-w2,flux,r4,Neuronet-ClusterTest,1090693579000,1407382639,22095810560,33104523264,45760512,0,8373721,67108864,71245824,71245824,22095810560,33104523264,32768,quickpizza/quickpizza-8b95978b5-jgvvs,quickpizza,quickpizza-8b95978b5-jgvvs,quickpizza,flux,Neuronet-ClusterTest,73553.799,83147849.99999999,flux,flux-node4,flux-node4.av.it.pt,182,neuronet-w1,0.185699305821478,64424509440,64424509440,0,0,27670458368,34359738368,6689280000,19.468367099761963,running,0,0,0,0,5479801,left,pdu,62.079,67.569,146981.00698122,0.273,13.9,146981.00698122,1.727,0.979,-7.609,2955.15
2025-09-05 20:38:56,quickpizza,quickpizza-8b95978b5-jgvvs,quickpizza,neuronet-k8s-w2,flux,r4,Neuronet-ClusterTest,1193877791000,1867602300,22100115456,33104523264,43016192,0,9265991,87179264,91746304,91746304,22100115456,33104523264,32768,quickpizza/quickpizza-8b95978b5-jgvvs,quickpizza,quickpizza-8b95978b5-jgvvs,quickpizza,flux,Neuronet-ClusterTest,80484.867,115517800.0,flux,flux-node1,flux-node1.av.it.pt,300,neuronet-k8s-m1,0.314812555457869,34359738368,34359738368,0,0,681754624,4294967296,3613212672,84.12666320800781,running,0,0,0,0,5524380,left,pdu,98.575,96.758,209529.00995209,0.431,9.3,209529.00995209,1.585,0.994,-4.766,3568.84
2025-09-05 20:39:56,quickpizza,quickpizza-8b95978b5-jgvvs,quickpizza,neuronet-k8s-w2,flux,r4,Neuronet-ClusterTest,1321727665000,1841069721,22100742144,33104523264,42151936,0,10172920,78897152,83595264,83595264,22100742144,33104523264,32768,quickpizza/quickpizza-8b95978b5-jgvvs,quickpizza,quickpizza-8b95978b5-jgvvs,quickpizza,flux,Neuronet-ClusterTest,87533.901,117483900.0,flux,flux-node3,flux-node3.av.it.pt,306,neuronet-k8s-lb,0.0148299841058015,34359738368,34359738368,0,0,373739520,2147483648,1773744128,82.59639739990234,running,0,0,0,0,5104238,right,pdu,97.287,95.045,218067.01035763,0.424,7.3,218067.01035763,1.645,0.996,0.067,1658.87
2025-09-05 20:40:56,quickpizza,quickpizza-8b95978b5-jgvvs,quickpizza,neuronet-k8s-w2,flux,r4,Neuronet-ClusterTest,1413380425000,1702778485,22103261184,33104523264,38875136,0,10942132,72495104,77111296,77111296,22103261184,33104523264,32768,quickpizza/quickpizza-8b95978b5-jgvvs,quickpizza,quickpizza-8b95978b5-jgvvs,quickpizza,flux,Neuronet-ClusterTest,94277.754,112397550.00000006,flux,flux-node5,flux-node5.av.it.pt,305,neuronet-k8s-w3,0.315165678790996,34359738368,34359738368,0,0,1482096640,4294967296,2812870656,65.49224853515625,running,0,0,0,0,5481950,left,pdu,73.008,70.503,178910.00849777,0.32,14.1,178910.00849777,1.671,0.984,-8.241,2395.28
2025-09-05 20:41:56,quickpizza,quickpizza-8b95978b5-jgvvs,quickpizza,neuronet-k8s-w2,flux,r4,Neuronet-ClusterTest,1484947373000,431534209,22100582400,33104523264,40767488,0,11883570,57118720,60231680,60231680,22100582400,33104523264,32768,quickpizza/quickpizza-8b95978b5-jgvvs,quickpizza,quickpizza-8b95978b5-jgvvs,quickpizza,flux,Neuronet-ClusterTest,98472.555,68767229.50819659,flux,flux-node3,flux-node3.av.it.pt,185,neuronet-lb,0.0106906997221984,34359738368,34359738368,0,0,276058112,2147483648,1871425536,87.1450424194336,running,0,0,0,0,9275635,left,pdu,69.537,76.284,178911.00849782,0.308,16.3,178911.00849782,1.656,0.987,-7.907,774.81
2025-09-05 20:42:56,quickpizza,quickpizza-8b95978b5-jgvvs,quickpizza,neuronet-k8s-w2,flux,r4,Neuronet-ClusterTest,1543273421000,1442136500,22099156992,33104523264,42651648,0,12711968,64303104,68009984,68009984,22099156992,33104523264,32768,quickpizza/quickpizza-8b95978b5-jgvvs,quickpizza,quickpizza-8b95978b5-jgvvs,quickpizza,flux,Neuronet-ClusterTest,103435.926,84124932.20339006,flux,flux-node3,flux-node3.av.it.pt,306,neuronet-k8s-lb,0.0148733318874488,34359738368,34359738368,0,0,374317056,2147483648,1773166592,82.56950378417969,running,0,0,0,0,5104418,right,pdu,71.283,68.877,165364.00785437,0.312,13.4,165364.00785437,1.575,0.991,-6.146,4216.43
2025-09-05 20:43:56,quickpizza,quickpizza-8b95978b5-jgvvs,quickpizza,neuronet-k8s-w2,flux,r4,Neuronet-ClusterTest,1644120399000,1878760980,22103244800,33104523264,39043072,0,13607631,84938752,89886720,89886720,22103244800,33104523264,32768,quickpizza/quickpizza-8b95978b5-jgvvs,quickpizza,quickpizza-8b95978b5-jgvvs,quickpizza,flux,Neuronet-ClusterTest,110206.35,112840400.0,flux,flux-node3,flux-node3.av.it.pt,185,neuronet-lb,0.0118501575571731,34359738368,34359738368,0,0,275591168,2147483648,1871892480,87.16678619384766,running,0,0,0,0,9275755,right,pdu,95.749,93.486,218073.01035791,0.417,9.8,218073.01035791,1.551,0.997,-0.981,2056.12
2025-09-05 20:44:56,quickpizza,quickpizza-8b95978b5-jgvvs,quickpizza,neuronet-k8s-w2,flux,r4,Neuronet-ClusterTest,1738646896000,1917859611,22104993792,33104523264,37109760,0,14267171,107630592,113197056,113197056,22104993792,33104523264,32768,quickpizza/quickpizza-8b95978b5-jgvvs,quickpizza,quickpizza-8b95978b5-jgvvs,quickpizza,flux,Neuronet-ClusterTest,117285.75,117989999.99999993,flux,flux-node3,flux-node3.av.it.pt,185,neuronet-lb,0.0,34359738368,34359738368,0,0,275816448,2147483648,1871667200,87.15629577636719,running,0,0,0,0,9275815,left,pdu,61.399,69.923,146988.00698156,0.272,13.2,146988.00698156,1.73,0.986,-7.223,2660.07
2025-09-05 20:45:56,quickpizza,quickpizza-8b95978b5-jgvvs,quickpizza,neuronet-k8s-w2,flux,r4,Neuronet-ClusterTest,1860530645000,1637750160,22096625664,33104523264,44916736,0,15257819,72151040,76382208,76382208,22096625664,33104523264,32768,quickpizza/quickpizza-8b95978b5-jgvvs,quickpizza,quickpizza-8b95978b5-jgvvs,quickpizza,flux,Neuronet-ClusterTest,124054.875,112818750.0,flux,flux-node4,flux-node4.av.it.pt,182,neuronet-w1,0.189561378856979,64424509440,64424509440,0,0,27674787840,34359738368,6684950528,19.455766677856445,running,0,0,0,0,5480281,left,pdu,66.647,71.875,178916.00849805,0.293,13.4,178916.00849805,1.686,0.985,-7.943,3089.75
2025-09-05 20:46:56,quickpizza,quickpizza-8b95978b5-jgvvs,quickpizza,neuronet-k8s-w2,flux,r4,Neuronet-ClusterTest,1926028849000,265198368,22105255936,33104523264,35774464,0,16126644,60456960,63557632,63557632,22105255936,33104523264,32768,quickpizza/quickpizza-8b95978b5-jgvvs,quickpizza,quickpizza-8b95978b5-jgvvs,quickpizza,flux,Neuronet-ClusterTest,128220.3,69423750.00000006,flux,flux-node3,flux-node3.av.it.pt,311,neuronet-5g-core,0.142877033277514,85899345920,85899345920,0,0,8844345344,17179869184,8335523840,48.519134521484375,running,0,0,0,0,1231704,right,pdu,64.711,67.251,165368.00785456,0.284,12.1,165368.00785456,1.605,0.986,-6.293,997.15
2025-09-05 20:47:56,quickpizza,quickpizza-8b95978b5-jgvvs,quickpizza,neuronet-k8s-w2,flux,r4,Neuronet-ClusterTest,1975224838000,1426816340,22103633920,33104523264,37662720,0,16816433,67846144,71688192,71688192,22103633920,33104523264,32768,quickpizza/quickpizza-8b95978b5-jgvvs,quickpizza,quickpizza-8b95978b5-jgvvs,quickpizza,flux,Neuronet-ClusterTest,133180.047,82662449.9999998,flux,flux-node5,flux-node5.av.it.pt,304,neuronet-k8s-w2,0.449237215435561,34359738368,34359738368,0,0,507838464,4294967296,3787128832,88.17596435546875,running,0,0,0,0,5482387,right,pdu,96.619,94.747,218087.01035858,0.421,6.3,218087.01035858,1.634,0.995,-0.194,4600.49
2025-09-05 20:48:56,quickpizza,quickpizza-8b95978b5-jgvvs,quickpizza,neuronet-k8s-w2,flux,r4,Neuronet-ClusterTest,2085278790000,1945759015,22096035840,33104523264,45469696,0,17752034,99729408,104599552,104599552,22096035840,33104523264,32768,quickpizza/quickpizza-8b95978b5-jgvvs,quickpizza,quickpizza-8b95978b5-jgvvs,quickpizza,flux,Neuronet-ClusterTest,140033.667,114226999.99999993,flux,flux-node3,flux-node3.av.it.pt,306,neuronet-k8s-lb,0.0213729394239474,34359738368,34359738368,0,0,372969472,2147483648,1774514176,82.63225555419922,running,0,0,0,0,5104779,right,pdu,55.46,58.596,119504.00567614,0.273,16.2,119504.00567614,1.673,0.982,-8.03,1555.31
2025-09-05 20:49:56,quickpizza,quickpizza-8b95978b5-jgvvs,quickpizza,neuronet-k8s-w2,flux,r4,Neuronet-ClusterTest,2183931813000,1896619792,22096359424,33104523264,44851200,0,18426800,84336640,89722880,89722880,22096359424,33104523264,32768,quickpizza/quickpizza-8b95978b5-jgvvs,quickpizza,quickpizza-8b95978b5-jgvvs,quickpizza,flux,Neuronet-ClusterTest,147126.177,118208500.00000016,flux,flux-node3,flux-node3.av.it.pt,311,neuronet-5g-core,0.144085591899815,85899345920,85899345920,0,0,8830488576,17179869184,8349380608,48.599791526794434,running,0,0,0,0,1231884,right,pdu,90.048,90.326,218082.01035834,0.392,6.6,218082.01035834,1.568,0.996,-0.715,2100.58
2025-09-05 20:50:56,quickpizza,quickpizza-8b95978b5-jgvvs,quickpizza,neuronet-k8s-w2,flux,r4,Neuronet-ClusterTest,2298675185000,1641665695,22099394560,33104523264,41615360,0,19362325,75943936,80846848,80846848,22099394560,33104523264,32768,quickpizza/quickpizza-8b95978b5-jgvvs,quickpizza,quickpizza-8b95978b5-jgvvs,quickpizza,flux,Neuronet-ClusterTest,153810.123,111399099.99999994,flux,flux-node1,flux-node1.av.it.pt,302,neuronet-k8s-m3,0.284118637772987,34359738368,34359738368,0,0,459636736,4294967296,3835330560,89.29824829101562,running,0,0,0,0,5524905,right,pdu,91.594,94.385,218084.01035843,0.399,8.3,218084.01035843,1.627,0.997,-0.659,3288.64
2025-09-05 20:51:56,quickpizza,quickpizza-8b95978b5-jgvvs,quickpizza,neuronet-k8s-w2,flux,r4,Neuronet-ClusterTest,2365390916000,344065988,22097256448,33104523264,43470848,0,20280064,62099456,65228800,65228800,22097256448,33104523264,32768,quickpizza/quickpizza-8b95978b5-jgvvs,quickpizza,quickpizza-8b95978b5-jgvvs,quickpizza,flux,Neuronet-ClusterTest,157988.478,69639250.00000018,flux,flux-node3,flux-node3.av.it.pt,311,neuronet-5g-core,0.14369615709845,85899345920,85899345920,0,0,8850173952,17179869184,8329695232,48.48520755767822,running,0,0,0,0,1232004,right,pdu,70.635,69.871,165374.00785484,0.309,11.4,165374.00785484,1.545,0.989,-6.305,792.09
2025-09-05 20:52:56,quickpizza,quickpizza-8b95978b5-jgvvs,quickpizza,neuronet-k8s-w2,flux,r4,Neuronet-ClusterTest,2409015719000,1387660792,22095351808,33104523264,45408256,0,20925476,66805760,70246400,70246400,22095351808,33104523264,32768,quickpizza/quickpizza-8b95978b5-jgvvs,quickpizza,quickpizza-8b95978b5-jgvvs,quickpizza,flux,Neuronet-ClusterTest,162955.821,82789049.9999999,flux,flux-node4,flux-node4.av.it.pt,179,neuronet-m1,0.391416915154763,64424509440,64424509440,0,0,534884352,4294967296,3760082944,87.5462532043457,running,0,0,0,0,8825879,left,pdu,57.467,59.594,146997.00698198,0.259,17.2,146997.00698198,1.781,0.964,-7.362,1562.87
2025-09-05 20:53:56,quickpizza,quickpizza-8b95978b5-jgvvs,quickpizza,neuronet-k8s-w2,flux,r4,Neuronet-ClusterTest,2507744501000,1825107623,22099030016,33104523264,41578496,0,21838578,88481792,93589504,93589504,22099030016,33104523264,32768,quickpizza/quickpizza-8b95978b5-jgvvs,quickpizza,quickpizza-8b95978b5-jgvvs,quickpizza,flux,Neuronet-ClusterTest,169833.024,0.0,flux,flux-node4,flux-node4.av.it.pt,182,neuronet-w1,0.184428651149444,64424509440,64424509440,0,0,27636785152,34359738368,6722953216,19.56636905670166,running,0,0,0,0,5480761,left,pdu,87.165,89.698,183101.00869683,0.381,10.4,183100.00869678,1.617,0.994,-2.103,2284.18
2025-09-05 20:54:56,quickpizza,quickpizza-8b95978b5-jgvvs,quickpizza,neuronet-k8s-w2,flux,r4,Neuronet-ClusterTest,2632932718000,1895151707,22101475328,33104523264,40714240,0,22740595,80826368,86003712,86003712,22099861504,33104523264,32768,quickpizza/quickpizza-8b95978b5-jgvvs,quickpizza,quickpizza-8b95978b5-jgvvs,quickpizza,flux,Neuronet-ClusterTest,176864.556,117192200.00000012,flux,flux-node3,flux-node3.av.it.pt,185,neuronet-lb,0.0103021398110773,34359738368,34359738368,0,0,273281024,2147483648,1874202624,87.27436065673828,running,0,0,0,0,9276415,left,pdu,78.681,79.369,178927.00849858,0.345,13.2,178927.00849858,1.591,0.991,-7.839,1916.19
2025-09-05 20:55:56,quickpizza,quickpizza-8b95978b5-jgvvs,quickpizza,neuronet-k8s-w2,flux,r4,Neuronet-ClusterTest,2745600928000,1629421466,22093111296,33104523264,36052992,0,23681930,71659520,76148736,76148736,22093111296,33104523264,32768,quickpizza/quickpizza-8b95978b5-jgvvs,quickpizza,quickpizza-8b95978b5-jgvvs,quickpizza,flux,Neuronet-ClusterTest,183632.571,112800249.99999976,flux,flux-node3,flux-node3.av.it.pt,311,neuronet-5g-core,0.147574969892823,85899345920,85899345920,0,0,8847626240,17179869184,8332242944,48.50003719329834,running,0,0,0,0,1232244,left,pdu,59.853,61.964,147000.00698213,0.268,16.3,147000.00698213,1.686,0.979,-7.398,4220.07
2025-09-05 20:56:56,quickpizza,quickpizza-8b95978b5-jgvvs,quickpizza,neuronet-k8s-w2,flux,r4,Neuronet-ClusterTest,2807333380000,129334809,22102450176,33104523264,37978112,0,24571972,61161472,64225280,64225280,22102450176,33104523264,32768,quickpizza/quickpizza-8b95978b5-jgvvs,quickpizza,quickpizza-8b95978b5-jgvvs,quickpizza,flux,Neuronet-ClusterTest,187784.637,69201099.99999985,flux,flux-node3,flux-node3.av.it.pt,306,neuronet-k8s-lb,0.0157700832242965,34359738368,34359738368,0,0,374796288,2147483648,1772687360,82.54718780517578,running,0,0,0,0,5105259,left,pdu,60.775,56.815,147001.00698217,0.272,18.6,147001.00698217,1.735,0.976,-7.541,777.9
2025-09-05 20:57:56,quickpizza,quickpizza-8b95978b5-jgvvs,quickpizza,neuronet-k8s-w2,flux,r4,Neuronet-ClusterTest,2857618483000,1423104940,22101225472,33104523264,39907328,0,25303218,72265728,76427264,76427264,22101225472,33104523264,32768,quickpizza/quickpizza-8b95978b5-jgvvs,quickpizza,quickpizza-8b95978b5-jgvvs,quickpizza,flux,Neuronet-ClusterTest,192731.325,82444800.0000004,flux,flux-node5,flux-node5.av.it.pt,183,neuronet-w2,0.624026050934981,64424509440,64424509440,0,0,1482280960,34359738368,32877457408,95.68599462509157,running,0,0,0,0,9783284,left,pdu,99.056,99.657,209558.00995347,0.433,12.2,209558.00995347,1.564,0.993,-4.619,1566.27
2025-09-05 20:58:56,quickpizza,quickpizza-8b95978b5-jgvvs,quickpizza,neuronet-k8s-w2,flux,r4,Neuronet-ClusterTest,2971362927000,1825989128,22093950976,33104523264,36528128,0,26328995,96329728,101326848,101326848,22093950976,33104523264,32768,quickpizza/quickpizza-8b95978b5-jgvvs,quickpizza,quickpizza-8b95978b5-jgvvs,quickpizza,flux,Neuronet-ClusterTest,199590.171,114314099.99999984,flux,flux-node4,flux-node4.av.it.pt,182,neuronet-w1,0.181543851632121,64424509440,64424509440,0,0,27652259840,34359738368,6707478528,19.52133178710937,running,0,0,0,0,5481061,left,pdu,61.602,65.164,147003.00698227,0.274,16.7,147003.00698227,1.638,0.985,-7.49,2512.72
2025-09-05 20:59:56,quickpizza,quickpizza-8b95978b5-jgvvs,quickpizza,neuronet-k8s-w2,flux,r4,Neuronet-ClusterTest,3078448628000,1883946468,22094446592,33104523264,35553280,0,27091016,90443776,95784960,95784960,22094446592,33104523264,32768,quickpizza/quickpizza-8b95978b5-jgvvs,quickpizza,quickpizza-8b95978b5-jgvvs,quickpizza,flux,Neuronet-ClusterTest,206729.19,118983650.0,flux,flux-node3,flux-node3.av.it.pt,185,neuronet-lb,0.0126758670994273,34359738368,34359738368,0,0,272883712,2147483648,1874599936,87.29286193847656,running,0,0,0,0,9276715,left,pdu,65.629,73.584,178933.00849886,0.289,14.2,178933.00849886,1.669,0.987,-7.828,4586.2
2025-09-05 21:00:56,quickpizza,quickpizza-8b95978b5-jgvvs,quickpizza,neuronet-k8s-w2,flux,r4,Neuronet-ClusterTest,3160571917000,1645308116,22097956864,33104523264,42909696,0,27744397,76783616,81698816,81698816,22097956864,33104523264,32768,quickpizza/quickpizza-8b95978b5-jgvvs,quickpizza,quickpizza-8b95978b5-jgvvs,quickpizza,flux,Neuronet-ClusterTest,213407.916,109487311.47540976,flux,flux-node1,flux-node1.av.it.pt,188,neuronet-m2,0.373148732887463,64424509440,64424509440,0,0,398319616,4294967296,3896647680,90.72589874267578,running,0,0,0,0,9783384,right,pdu,70.448,71.998,165385.00785537,0.308,12.3,165385.00785537,1.603,0.992,-6.388,4410.94
2025-09-05 21:01:56,quickpizza,quickpizza-8b95978b5-jgvvs,quickpizza,neuronet-k8s-w2,flux,r4,Neuronet-ClusterTest,3242429959000,616627456,22095409152,33104523264,44777472,0,28626945,62713856,65880064,65880064,22095409152,33104523264,32768,quickpizza/quickpizza-8b95978b5-jgvvs,quickpizza,quickpizza-8b95978b5-jgvvs,quickpizza,flux,Neuronet-ClusterTest,217238.835,64930830.50847448,flux,flux-node4,flux-node4.av.it.pt,182,neuronet-w1,0.185514105042751,64424509440,64424509440,0,0,27641896960,34359738368,6717841408,19.551491737365723,running,0,0,0,0,5481240,right,pdu,61.069,61.868,119515.00567666,0.27,13.7,119515.00567666,1.696,0.982,-8.138,778.19
2025-09-05 21:02:56,quickpizza,quickpizza-8b95978b5-jgvvs,quickpizza,neuronet-k8s-w2,flux,r4,Neuronet-ClusterTest,3284760391000,1419021527,22104608768,33104523264,36003840,0,29066976,69603328,73367552,73367552,22104608768,33104523264,32768,quickpizza/quickpizza-8b95978b5-jgvvs,quickpizza,quickpizza-8b95978b5-jgvvs,quickpizza,flux,Neuronet-ClusterTest,221891.859,77550400.00000007,flux,flux-node5,flux-node5.av.it.pt,303,neuronet-k8s-w1,0.162031565144567,34359738368,34359738368,0,0,419553280,4294967296,3875414016,90.23151397705078,running,0,0,0,0,5483432,left,pdu,74.861,76.375,178937.00849905,0.31,13.0,178937.00849905,1.582,0.988,-8.026,4167.26
2025-09-05 21:03:56,quickpizza,quickpizza-8b95978b5-jgvvs,quickpizza,neuronet-k8s-w2,flux,r4,Neuronet-ClusterTest,13471914000,2411410698,22119301120,33104523264,22138880,0,0,0,0,126767104,22119301120,33104523264,32768,quickpizza/quickpizza-8b95978b5-jgvvs,quickpizza,quickpizza-8b95978b5-jgvvs,quickpizza,flux,Neuronet-ClusterTest,227061.126,86154449.99999987,flux,flux-node4,flux-node4.av.it.pt,182,neuronet-w1,0.179568069900448,64424509440,64424509440,0,0,27658776576,34359738368,6700961792,19.50236558914185,running,0,0,0,0,5481361,right,pdu,55.308,54.056,130308.0061893,0.246,16.4,130308.0061893,1.739,0.978,-7.06,2410.24
2025-09-05 21:04:56,quickpizza,quickpizza-8b95978b5-jgvvs,quickpizza,neuronet-k8s-w2,flux,r4,Neuronet-ClusterTest,148388220000,2355059139,22102077440,33104523264,38785024,0,93998,184451072,191602688,191602688,22102077440,33104523264,32768,quickpizza/quickpizza-8b95978b5-jgvvs,quickpizza,quickpizza-8b95978b5-jgvvs,quickpizza,flux,Neuronet-ClusterTest,9050.763,131674550.0,flux,flux-node1,flux-node1.av.it.pt,300,neuronet-k8s-m1,0.315940024848106,34359738368,34359738368,0,0,651403264,4294967296,3643564032,84.83333587646484,running,0,0,0,0,5525940,right,pdu,64.957,70.173,165389.00785556,0.285,9.7,165389.00785556,1.602,0.989,-6.38,4447.04
2025-09-05 21:05:56,quickpizza,quickpizza-8b95978b5-jgvvs,quickpizza,neuronet-k8s-w2,flux,r4,Neuronet-ClusterTest,13289241000,2689320293,22125019136,33104523264,15683584,0,0,0,0,100864000,22125019136,33104523264,32768,quickpizza/quickpizza-8b95978b5-jgvvs,quickpizza,quickpizza-8b95978b5-jgvvs,quickpizza,flux,Neuronet-ClusterTest,13276.383,70426999.99999999,flux,flux-node5,flux-node5.av.it.pt,305,neuronet-k8s-w3,0.262436473060001,34359738368,34359738368,0,0,1480609792,4294967296,2814357504,65.5268669128418,running,0,0,0,0,5483450,right,pdu,91.562,93.733,218107.01035953,0.399,4.8,218107.01035953,1.572,0.997,-0.978,3719.0
2025-09-05 21:06:56,quickpizza,quickpizza-8b95978b5-jgvvs,quickpizza,neuronet-k8s-w2,flux,r4,Neuronet-ClusterTest,51254784000,227229898,22121336832,33104523264,18534400,0,85587,47316992,50126848,50126848,22121336832,33104523264,32768,quickpizza/quickpizza-8b95978b5-jgvvs,quickpizza,quickpizza-8b95978b5-jgvvs,quickpizza,flux,Neuronet-ClusterTest,3701.097,42128450.00000001,flux,flux-node3,flux-node3.av.it.pt,306,neuronet-k8s-lb,0.0140139036147696,34359738368,34359738368,0,0,373424128,2147483648,1774059520,82.611083984375,running,0,0,0,0,5105858,left,pdu,72.793,78.92,178942.00849929,0.302,14.0,178942.00849929,1.604,0.988,-7.78,790.44
2025-09-05 21:07:56,quickpizza,quickpizza-8b95978b5-jgvvs,quickpizza,neuronet-k8s-w2,flux,r4,Neuronet-ClusterTest,73996179000,972975665,22119456768,33104523264,20516864,0,168024,46977024,49889280,49889280,22119456768,33104523264,32768,quickpizza/quickpizza-8b95978b5-jgvvs,quickpizza,quickpizza-8b95978b5-jgvvs,quickpizza,flux,Neuronet-ClusterTest,7435.878,62246349.99999999,flux,flux-node1,flux-node1.av.it.pt,302,neuronet-k8s-m3,0.290591615190406,34359738368,34359738368,0,0,435802112,4294967296,3859165184,89.85319137573242,running,0,0,0,0,5525925,left,pdu,67.279,70.531,178943.00849934,0.296,12.6,178943.00849934,1.805,0.987,-7.74,2137.28
2025-09-05 21:08:56,quickpizza,quickpizza-8b95978b5-jgvvs,quickpizza,neuronet-k8s-w2,flux,r4,Neuronet-ClusterTest,191119682000,2193024908,22109360128,33104523264,30687232,0,794261,107069440,112377856,112377856,22109360128,33104523264,32768,quickpizza/quickpizza-8b95978b5-jgvvs,quickpizza,quickpizza-8b95978b5-jgvvs,quickpizza,flux,Neuronet-ClusterTest,14637.462,120026400.0,flux,flux-node4,flux-node4.av.it.pt,182,neuronet-w1,0.181372426715236,64424509440,64424509440,0,0,27665350656,34359738368,6694387712,19.483232498168945,running,0,0,0,0,5481660,right,pdu,69.557,71.644,165394.00785579,0.305,11.3,165394.00785579,1.609,0.992,-6.003,5476.26
2025-09-05 21:09:56,quickpizza,quickpizza-8b95978b5-jgvvs,quickpizza,neuronet-k8s-w2,flux,r4,Neuronet-ClusterTest,331749024000,2320490588,22106583040,33104523264,33251328,0,1289087,137003008,143028224,143028224,22106583040,33104523264,32768,quickpizza/quickpizza-8b95978b5-jgvvs,quickpizza,quickpizza-8b95978b5-jgvvs,quickpizza,flux,Neuronet-ClusterTest,22177.938,0.0,flux,flux-node3,flux-node3.av.it.pt,311,neuronet-5g-core,0.152999431280245,85899345920,85899345920,0,0,8839405568,17179869184,8340463616,48.54788780212402,running,0,0,0,0,1233084,left,pdu,69.076,70.619,178945.00849943,0.307,16.7,178945.00849943,1.704,0.978,-7.708,2994.2
2025-09-05 21:10:56,quickpizza,quickpizza-8b95978b5-jgvvs,quickpizza,neuronet-k8s-w2,flux,r4,Neuronet-ClusterTest,443757818000,1784923197,22108147712,33104523264,32563200,0,1916061,73990144,78852096,78852096,22108147712,33104523264,32768,quickpizza/quickpizza-8b95978b5-jgvvs,quickpizza,quickpizza-8b95978b5-jgvvs,quickpizza,flux,Neuronet-ClusterTest,29133.624,115928100.00000004,flux,flux-node3,flux-node3.av.it.pt,185,neuronet-lb,0.0125185096757146,34359738368,34359738368,0,0,273534976,2147483648,1873948672,87.26253509521484,running,0,0,0,0,9277375,right,pdu,69.994,70.642,165397.00785594,0.306,9.5,165397.00785594,1.648,0.99,-6.046,2925.18
2025-09-05 21:11:56,quickpizza,quickpizza-8b95978b5-jgvvs,quickpizza,neuronet-k8s-w2,flux,r4,Neuronet-ClusterTest,507977614000,687644442,22104993792,33104523264,34578432,0,2602512,54902784,58187776,58187776,22104993792,33104523264,32768,quickpizza/quickpizza-8b95978b5-jgvvs,quickpizza,quickpizza-8b95978b5-jgvvs,quickpizza,flux,Neuronet-ClusterTest,33022.98,0.0,flux,flux-node5,flux-node5.av.it.pt,304,neuronet-k8s-w2,0.600038380672076,34359738368,34359738368,0,0,532955136,4294967296,3762012160,87.59117126464844,running,0,0,0,0,5483829,left,pdu,66.774,67.661,147017.00698293,0.294,14.6,147017.00698293,1.632,0.986,-7.239,726.29
2025-09-05 21:12:56,quickpizza,quickpizza-8b95978b5-jgvvs,quickpizza,neuronet-k8s-w2,flux,r4,Neuronet-ClusterTest,556882155000,1441578219,22103703552,33104523264,36585472,0,3192335,66441216,70889472,70889472,22103703552,33104523264,32768,quickpizza/quickpizza-8b95978b5-jgvvs,quickpizza,quickpizza-8b95978b5-jgvvs,quickpizza,flux,Neuronet-ClusterTest,37801.434,79640899.99999996,flux,flux-node1,flux-node1.av.it.pt,300,neuronet-k8s-m1,0.293943135867013,34359738368,34359738368,0,0,662282240,4294967296,3632685056,84.58003997802734,running,0,0,0,0,5526420,right,pdu,77.699,78.272,165399.00785603,0.34,10.3,165399.00785603,1.576,0.992,-6.508,4287.53
2025-09-05 21:13:56,quickpizza,quickpizza-8b95978b5-jgvvs,quickpizza,neuronet-k8s-w2,flux,r4,Neuronet-ClusterTest,665823004000,1966908630,22106005504,33104523264,34992128,0,4029994,89198592,94564352,94564352,22106005504,33104523264,32768,quickpizza/quickpizza-8b95978b5-jgvvs,quickpizza,quickpizza-8b95978b5-jgvvs,quickpizza,flux,Neuronet-ClusterTest,44778.567,116285550.00000004,flux,flux-node3,flux-node3.av.it.pt,311,neuronet-5g-core,0.149700601138337,85899345920,85899345920,0,0,8854036480,17179869184,8325832704,48.46272468566895,running,0,0,0,0,1233324,left,pdu,96.993,101.97,209583.00995466,0.424,8.2,209583.00995466,1.543,0.994,-5.128,1549.88
2025-09-05 21:14:56,quickpizza,quickpizza-8b95978b5-jgvvs,quickpizza,neuronet-k8s-w2,flux,r4,Neuronet-ClusterTest,10674904000,2291820781,22124654592,33104523264,15712256,0,0,0,0,29982720,22124654592,33104523264,32768,quickpizza/quickpizza-8b95978b5-jgvvs,quickpizza,quickpizza-8b95978b5-jgvvs,quickpizza,flux,Neuronet-ClusterTest,47418.51,43999049.99999999,flux,flux-node1,flux-node1.av.it.pt,188,neuronet-m2,0.0,64424509440,64424509440,0,0,575647744,4294967296,3719319552,86.5971565246582,running,0,0,0,0,9784224,left,pdu,88.946,76.256,183129.00869816,0.389,9.1,183129.00869816,1.628,0.993,-3.609,992.9
2025-09-05 21:15:56,quickpizza,quickpizza-8b95978b5-jgvvs,quickpizza,neuronet-k8s-w2,flux,r4,Neuronet-ClusterTest,127547748000,1830727000,22113075200,33104523264,27029504,0,361949,60825600,65077248,65077248,22113075200,33104523264,32768,quickpizza/quickpizza-8b95978b5-jgvvs,quickpizza,quickpizza-8b95978b5-jgvvs,quickpizza,flux,Neuronet-ClusterTest,47418.51,0.0,flux,flux-node1,flux-node1.av.it.pt,300,neuronet-k8s-m1,0.285738064293578,34359738368,34359738368,0,0,643637248,4294967296,3651330048,85.01415252685547,running,0,0,0,0,5526600,left,pdu,89.054,90.278,209586.0099548,0.39,9.6,209586.0099548,1.552,0.993,-5.764,3386.11
2025-09-05 21:16:56,quickpizza,quickpizza-8b95978b5-jgvvs,quickpizza,neuronet-k8s-w2,flux,r4,Neuronet-ClusterTest,182433581000,111543330,22110375936,33104523264,28950528,0,841483,46751744,49393664,49393664,22110375936,33104523264,32768,quickpizza/quickpizza-8b95978b5-jgvvs,quickpizza,quickpizza-8b95978b5-jgvvs,quickpizza,flux,Neuronet-ClusterTest,47418.51,0.0,flux,flux-node4,flux-node4.av.it.pt,182,neuronet-w1,0.188242121874866,64424509440,64424509440,0,0,27670609920,34359738368,6689128448,19.467926025390625,running,0,0,0,0,5482140,left,pdu,93.999,97.375,209588.0099549,0.41,11.7,209588.0099549,1.603,0.995,-3.637,774.24
2025-09-05 21:17:56,quickpizza,quickpizza-8b95978b5-jgvvs,quickpizza,neuronet-k8s-w2,flux,r4,Neuronet-ClusterTest,213504840000,1347078888,22108884992,33104523264,30932992,0,1135582,50405376,53518336,53518336,22108884992,33104523264,32768,quickpizza/quickpizza-8b95978b5-jgvvs,quickpizza,quickpizza-8b95978b5-jgvvs,quickpizza,flux,Neuronet-ClusterTest,47418.51,0.0,flux,flux-node1,flux-node1.av.it.pt,188,neuronet-m2,0.351118724036664,64424509440,64424509440,0,0,535678976,4294967296,3759288320,87.52775192260742,running,0,0,0,0,9784403,left,pdu,78.065,79.222,178955.00849991,0.315,11.1,178955.00849991,1.667,0.986,-7.672,1620.69
2025-09-05 21:18:56,quickpizza,quickpizza-8b95978b5-jgvvs,quickpizza,neuronet-k8s-w2,flux,r4,Neuronet-ClusterTest,341225084000,1922778717,22110785536,33104523264,29188096,0,2003952,71372800,76070912,76070912,22110785536,33104523264,32768,quickpizza/quickpizza-8b95978b5-jgvvs,quickpizza,quickpizza-8b95978b5-jgvvs,quickpizza,flux,Neuronet-ClusterTest,47418.51,0.0,flux,flux-node4,flux-node4.av.it.pt,182,neuronet-w1,0.180098362391719,64424509440,64424509440,0,0,27668287488,34359738368,6691450880,19.474685192108154,running,0,0,0,0,5482261,left,pdu,72.575,64.886,178956.00849995,0.319,12.8,178956.00849995,1.626,0.985,-7.835,3830.39
2025-09-05 21:19:56,quickpizza,quickpizza-8b95978b5-jgvvs,quickpizza,neuronet-k8s-w2,flux,r4,Neuronet-ClusterTest,447741358000,1988099580,22108884992,33104523264,30986240,0,2562785,81502208,86515712,86515712,22108884992,33104523264,32768,quickpizza/quickpizza-8b95978b5-jgvvs,quickpizza,quickpizza-8b95978b5-jgvvs,quickpizza,flux,Neuronet-ClusterTest,47418.51,0.0,flux,flux-node3,flux-node3.av.it.pt,311,neuronet-5g-core,0.122669786320656,85899345920,85899345920,0,0,8836481024,17179869184,8343388160,48.56491088867188,running,0,0,0,0,1233684,right,pdu,95.132,91.455,218129.01036057,0.415,8.7,218129.01036057,1.573,0.997,-0.97,2022.32
2025-09-05 21:21:56,quickpizza,quickpizza-8b95978b5-jgvvs,quickpizza,neuronet-k8s-w2,flux,r4,Neuronet-ClusterTest,15649556000,74818952,22116741120,33104523264,22278144,0,22923,30801920,32501760,32501760,22116741120,33104523264,32768,quickpizza/quickpizza-8b95978b5-jgvvs,quickpizza,quickpizza-8b95978b5-jgvvs,quickpizza,flux,Neuronet-ClusterTest,47418.51,0.0,flux,flux-node5,flux-node5.av.it.pt,305,neuronet-k8s-w3,0.150858014815447,34359738368,34359738368,0,0,1442590720,4294967296,2852376576,66.41206741333008,running,0,0,0,0,5484410,right,pdu,88.501,88.779,218132.01036071,0.386,7.7,218132.01036071,1.602,0.996,-0.906,771.52
2025-09-05 21:22:56,quickpizza,quickpizza-8b95978b5-jgvvs,quickpizza,neuronet-k8s-w2,flux,r4,Neuronet-ClusterTest,45085006000,1071653495,22114869248,33104523264,24289280,0,83165,35889152,37904384,37904384,22114869248,33104523264,32768,quickpizza/quickpizza-8b95978b5-jgvvs,quickpizza,quickpizza-8b95978b5-jgvvs,quickpizza,flux,Neuronet-ClusterTest,47418.51,0.0,flux,flux-node1,flux-node1.av.it.pt,301,neuronet-k8s-m2,0.338364661837328,34359738368,34359738368,0,0,398360576,4294967296,3896606720,90.72494506835938,running,0,0,0,0,5526846,right,pdu,75.835,73.525,165411.0078566,0.331,11.0,165411.0078566,1.525,0.993,-6.15,778.05
2025-09-05 21:23:56,quickpizza,quickpizza-8b95978b5-jgvvs,quickpizza,neuronet-k8s-w2,flux,r4,Neuronet-ClusterTest,138482569000,2037013703,22105133056,33104523264,34172928,0,517979,78491648,83521536,83521536,22105133056,33104523264,32768,quickpizza/quickpizza-8b95978b5-jgvvs,quickpizza,quickpizza-8b95978b5-jgvvs,quickpizza,flux,Neuronet-ClusterTest,47418.51,0.0,flux,flux-node5,flux-node5.av.it.pt,303,neuronet-k8s-w1,0.149724284285973,34359738368,34359738368,0,0,392617984,4294967296,3902349312,90.85865020751952,running,0,0,0,0,5484692,right,pdu,93.375,91.988,218135.01036086,0.407,6.0,218135.01036086,1.537,0.997,-0.695,4495.76
2025-09-05 21:24:56,quickpizza,quickpizza-8b95978b5-jgvvs,quickpizza,neuronet-k8s-w2,flux,r4,Neuronet-ClusterTest,278646069000,2106690771,22101508096,33104523264,37597184,0,1086196,98308096,104525824,104525824,22101508096,33104523264,32768,quickpizza/quickpizza-8b95978b5-jgvvs,quickpizza,quickpizza-8b95978b5-jgvvs,quickpizza,flux,Neuronet-ClusterTest,47418.51,0.0,flux,flux-node5,flux-node5.av.it.pt,305,neuronet-k8s-w3,0.515241943280374,34359738368,34359738368,0,0,1553592320,4294967296,2741374976,63.82761001586914,running,0,0,0,0,5484591,left,pdu,69.561,70.599,178963.00850029,0.306,13.7,178963.00850029,1.686,0.985,-8.038,1882.05
2025-09-05 21:25:56,quickpizza,quickpizza-8b95978b5-jgvvs,quickpizza,neuronet-k8s-w2,flux,r4,Neuronet-ClusterTest,407563464000,1910673830,22100353024,33104523264,38465536,0,1648246,84381696,89841664,89841664,22100353024,33104523264,32768,quickpizza/quickpizza-8b95978b5-jgvvs,quickpizza,quickpizza-8b95978b5-jgvvs,quickpizza,flux,Neuronet-ClusterTest,47418.51,0.0,flux,flux-node3,flux-node3.av.it.pt,306,neuronet-k8s-lb,0.0158223522194063,34359738368,34359738368,0,0,370036736,2147483648,1777446912,82.7688217163086,running,0,0,0,0,5106998,left,pdu,72.463,73.835,178964.00850033,0.32,11.5,178964.00850033,1.787,0.981,-7.541,4956.78
2025-09-05 21:26:56,quickpizza,quickpizza-8b95978b5-jgvvs,quickpizza,neuronet-k8s-w2,flux,r4,Neuronet-ClusterTest,468755634000,721212951,22098202624,33104523264,40517632,0,2251938,48553984,51941376,51941376,22098202624,33104523264,32768,quickpizza/quickpizza-8b95978b5-jgvvs,quickpizza,quickpizza-8b95978b5-jgvvs,quickpizza,flux,Neuronet-ClusterTest,47418.51,0.0,flux,flux-node3,flux-node3.av.it.pt,311,neuronet-5g-core,0.144136574950375,85899345920,85899345920,0,0,8859766784,17179869184,8320102400,48.42936992645264,running,0,0,0,0,1234104,right,pdu,62.405,63.57,119537.0056777,0.276,15.7,119537.0056777,1.665,0.974,-8.317,774.56
2025-09-05 21:27:56,quickpizza,quickpizza-8b95978b5-jgvvs,quickpizza,neuronet-k8s-w2,flux,r4,Neuronet-ClusterTest,521875088000,1519209368,22096932864,33104523264,42491904,0,2901721,64032768,67575808,67575808,22096932864,33104523264,32768,quickpizza/quickpizza-8b95978b5-jgvvs,quickpizza,quickpizza-8b95978b5-jgvvs,quickpizza,flux,Neuronet-ClusterTest,47418.51,0.0,flux,flux-node3,flux-node3.av.it.pt,311,neuronet-5g-core,0.141745179307708,85899345920,85899345920,0,0,8859136000,17179869184,8320733184,48.4330415725708,running,0,0,0,0,1234164,right,pdu,92.131,94.6,218141.01036114,0.401,7.7,218141.01036114,1.586,0.997,-0.707,1555.72
2025-09-05 21:28:56,quickpizza,quickpizza-8b95978b5-jgvvs,quickpizza,neuronet-k8s-w2,flux,r4,Neuronet-ClusterTest,615347047000,1866925558,22099554304,33104523264,40816640,0,3679438,81719296,86601728,86601728,22099554304,33104523264,32768,quickpizza/quickpizza-8b95978b5-jgvvs,quickpizza,quickpizza-8b95978b5-jgvvs,quickpizza,flux,Neuronet-ClusterTest,47418.51,0.0,flux,flux-node1,flux-node1.av.it.pt,300,neuronet-k8s-m1,0.302761267816007,34359738368,34359738368,0,0,659046400,4294967296,3635920896,84.65538024902344,running,0,0,0,0,5527380,right,pdu,54.024,61.173,130332.00619044,0.238,12.6,130332.00619044,1.603,0.986,-7.148,2422.39
2025-09-05 21:29:56,quickpizza,quickpizza-8b95978b5-jgvvs,quickpizza,neuronet-k8s-w2,flux,r4,Neuronet-ClusterTest,749640760000,1910672032,22099070976,33104523264,40853504,0,4538654,81420288,86441984,86441984,22099070976,33104523264,32768,quickpizza/quickpizza-8b95978b5-jgvvs,quickpizza,quickpizza-8b95978b5-jgvvs,quickpizza,flux,Neuronet-ClusterTest,47418.51,0.0,flux,flux-node3,flux-node3.av.it.pt,185,neuronet-lb,0.0129941113232201,34359738368,34359738368,0,0,272265216,2147483648,1875218432,87.32166290283203,running,0,0,0,0,9278515,right,pdu,100.17,100.39,218144.01036128,0.436,6.5,218144.01036128,1.576,0.997,0.047,1553.13
2025-09-05 21:30:56,quickpizza,quickpizza-8b95978b5-jgvvs,quickpizza,neuronet-k8s-w2,flux,r4,Neuronet-ClusterTest,848434224000,1653918079,22101794816,33104523264,37408768,0,5274491,68165632,73236480,73236480,22101794816,33104523264,32768,quickpizza/quickpizza-8b95978b5-jgvvs,quickpizza,quickpizza-8b95978b5-jgvvs,quickpizza,flux,Neuronet-ClusterTest,47418.51,0.0,flux,flux-node5,flux-node5.av.it.pt,303,neuronet-k8s-w1,0.161642004746646,34359738368,34359738368,0,0,380899328,4294967296,3914067968,91.13149642944336,running,0,0,0,0,5485111,right,pdu,88.871,91.566,218146.01036138,0.387,7.5,218146.01036138,1.601,0.997,-1.081,3779.16
2025-09-05 21:31:56,quickpizza,quickpizza-8b95978b5-jgvvs,quickpizza,neuronet-k8s-w2,flux,r4,Neuronet-ClusterTest,916090605000,237716880,22099066880,33104523264,39378944,0,6144855,51564544,54484992,54484992,22099066880,33104523264,32768,quickpizza/quickpizza-8b95978b5-jgvvs,quickpizza,quickpizza-8b95978b5-jgvvs,quickpizza,flux,Neuronet-ClusterTest,47418.51,0.0,flux,flux-node1,flux-node1.av.it.pt,188,neuronet-m2,0.413629991424797,64424509440,64424509440,0,0,433418240,4294967296,3861549056,89.90869522094727,running,0,0,0,0,9785245,left,pdu,65.43,61.336,178972.00850071,0.317,16.1,178972.00850071,1.705,0.974,-7.8,771.13
2025-09-05 21:32:56,quickpizza,quickpizza-8b95978b5-jgvvs,quickpizza,neuronet-k8s-w2,flux,r4,Neuronet-ClusterTest,964931065000,1434461362,22097637376,33104523264,41250816,0,6830614,63684608,67166208,67166208,22097637376,33104523264,32768,quickpizza/quickpizza-8b95978b5-jgvvs,quickpizza,quickpizza-8b95978b5-jgvvs,quickpizza,flux,Neuronet-ClusterTest,47418.51,0.0,flux,flux-node1,flux-node1.av.it.pt,188,neuronet-m2,0.357612062156832,64424509440,64424509440,0,0,528138240,4294967296,3766829056,87.70332336425781,running,0,0,0,0,9785303,left,pdu,77.942,74.197,178973.00850076,0.345,16.0,178973.00850076,1.714,0.984,-8.146,3714.78
2025-09-05 21:33:56,quickpizza,quickpizza-8b95978b5-jgvvs,quickpizza,neuronet-k8s-w2,flux,r4,Neuronet-ClusterTest,1068617913000,1842364477,22102212608,33104523264,37068800,0,7735221,77471744,82157568,82157568,22102212608,33104523264,32768,quickpizza/quickpizza-8b95978b5-jgvvs,quickpizza,quickpizza-8b95978b5-jgvvs,quickpizza,flux,Neuronet-ClusterTest,47418.51,0.0,flux,flux-node5,flux-node5.av.it.pt,184,neuronet-w3,0.311319057067664,64424509440,64424509440,0,0,7255592960,34359738368,27104145408,78.88344526290894,running,0,0,0,0,9785430,right,pdu,67.398,68.265,165423.00785717,0.295,10.3,165423.00785717,1.583,0.989,-6.058,2347.43
2025-09-05 21:34:56,quickpizza,quickpizza-8b95978b5-jgvvs,quickpizza,neuronet-k8s-w2,flux,r4,Neuronet-ClusterTest,1180477164000,1855626598,22092120064,33104523264,47124480,0,8597768,86454272,91598848,91598848,22092120064,33104523264,32768,quickpizza/quickpizza-8b95978b5-jgvvs,quickpizza,quickpizza-8b95978b5-jgvvs,quickpizza,flux,Neuronet-ClusterTest,47418.51,0.0,flux,flux-node4,flux-node4.av.it.pt,179,neuronet-m1,0.390212716412335,64424509440,64424509440,0,0,540594176,4294967296,3754373120,87.41331100463867,running,0,0,0,0,8828399,left,pdu,75.421,77.946,178975.00850086,0.332,16.0,178975.00850086,1.763,0.984,-8.142,3994.75
2025-09-05 21:35:56,quickpizza,quickpizza-8b95978b5-jgvvs,quickpizza,neuronet-k8s-w2,flux,r4,Neuronet-ClusterTest,1271869913000,1771885881,22095396864,33104523264,43237376,0,9271478,70897664,75726848,75726848,22095396864,33104523264,32768,quickpizza/quickpizza-8b95978b5-jgvvs,quickpizza,quickpizza-8b95978b5-jgvvs,quickpizza,flux,Neuronet-ClusterTest,47418.51,0.0,flux,flux-node1,flux-node1.av.it.pt,302,neuronet-k8s-m3,0.318046708544078,34359738368,34359738368,0,0,442621952,4294967296,3852345344,89.69440460205078,running,0,0,0,0,5527605,right,pdu,70.472,74.833,165426.00785731,0.308,10.5,165426.00785731,1.6,0.993,-6.408,2571.24
2025-09-05 21:36:56,quickpizza,quickpizza-8b95978b5-jgvvs,quickpizza,neuronet-k8s-w2,flux,r4,Neuronet-ClusterTest,1354066876000,366689777,22093041664,33104523264,45125632,0,10339819,52920320,56348672,56348672,22093041664,33104523264,32768,quickpizza/quickpizza-8b95978b5-jgvvs,quickpizza,quickpizza-8b95978b5-jgvvs,quickpizza,flux,Neuronet-ClusterTest,47418.51,0.0,flux,flux-node5,flux-node5.av.it.pt,304,neuronet-k8s-w2,0.0476141137247265,34359738368,34359738368,0,0,511844352,4294967296,3783122944,88.08269500732422,running,0,0,0,0,5485328,left,pdu,64.508,68.078,178978.008501,0.284,14.2,178978.008501,1.688,0.982,-7.661,778.02
2025-09-05 21:37:56,quickpizza,quickpizza-8b95978b5-jgvvs,quickpizza,neuronet-k8s-w2,flux,r4,Neuronet-ClusterTest,1401717495000,1424695295,22103015424,33104523264,35373056,0,11053792,61620224,64987136,64987136,22103015424,33104523264,32768,quickpizza/quickpizza-8b95978b5-jgvvs,quickpizza,quickpizza-8b95978b5-jgvvs,quickpizza,flux,Neuronet-ClusterTest,47418.51,0.0,flux,flux-node3,flux-node3.av.it.pt,311,neuronet-5g-core,0.116586281275712,85899345920,85899345920,0,0,8855912448,17179869184,8323956736,48.451805114746094,running,0,0,0,0,1234764,right,pdu,90.89,90.966,218157.0103619,0.396,7.6,218157.0103619,1.616,0.997,-0.596,4048.36
2025-09-05 21:38:56,quickpizza,quickpizza-8b95978b5-jgvvs,quickpizza,neuronet-k8s-w2,flux,r4,Neuronet-ClusterTest,1498279068000,1764243765,22087450624,33104523264,42733568,0,11998843,78991360,83894272,83894272,22087450624,33104523264,32768,quickpizza/quickpizza-8b95978b5-jgvvs,quickpizza,quickpizza-8b95978b5-jgvvs,quickpizza,flux,Neuronet-ClusterTest,47418.51,0.0,flux,flux-node4,flux-node4.av.it.pt,179,neuronet-m1,0.382190480676952,64424509440,64424509440,0,0,544919552,4294967296,3750047744,87.31260299682617,running,0,0,0,0,8828639,left,pdu,73.274,73.815,178980.00850109,0.321,16.0,178980.00850109,1.629,0.987,-7.975,1801.02
2025-09-05 21:39:56,quickpizza,quickpizza-8b95978b5-jgvvs,quickpizza,neuronet-k8s-w2,flux,r4,Neuronet-ClusterTest,1617291387000,1922589725,22088216576,33104523264,41680896,0,12860606,91893760,96948224,96948224,22088216576,33104523264,32768,quickpizza/quickpizza-8b95978b5-jgvvs,quickpizza,quickpizza-8b95978b5-jgvvs,quickpizza,flux,Neuronet-ClusterTest,47418.51,0.0,flux,flux-node4,flux-node4.av.it.pt,179,neuronet-m1,0.392841110301884,64424509440,64424509440,0,0,545210368,4294967296,3749756928,87.30583190917969,running,0,0,0,0,8828698,right,pdu,97.864,94.453,218160.01036204,0.423,7.7,218160.01036204,1.577,0.997,-0.377,1554.54
2025-09-05 21:40:56,quickpizza,quickpizza-8b95978b5-jgvvs,quickpizza,neuronet-k8s-w2,flux,r4,Neuronet-ClusterTest,1727311259000,1641570721,22091599872,33104523264,38096896,0,13707792,69111808,73785344,73785344,22091599872,33104523264,32768,quickpizza/quickpizza-8b95978b5-jgvvs,quickpizza,quickpizza-8b95978b5-jgvvs,quickpizza,flux,Neuronet-ClusterTest,47418.51,0.0,flux,flux-node3,flux-node3.av.it.pt,306,neuronet-k8s-lb,0.015401809143245,34359738368,34359738368,0,0,368508928,2147483648,1778974720,82.8399658203125,running,0,0,0,0,5107898,left,pdu,70.193,73.135,178983.00850124,0.309,16.3,178983.00850124,1.611,0.986,-7.692,3749.76
2025-09-05 21:41:56,quickpizza,quickpizza-8b95978b5-jgvvs,quickpizza,neuronet-k8s-w2,flux,r4,Neuronet-ClusterTest,1796293580000,107434903,22089408512,33104523264,40067072,0,14672772,52436992,55300096,55300096,22089408512,33104523264,32768,quickpizza/quickpizza-8b95978b5-jgvvs,quickpizza,quickpizza-8b95978b5-jgvvs,quickpizza,flux,Neuronet-ClusterTest,47418.51,0.0,flux,flux-node3,flux-node3.av.it.pt,185,neuronet-lb,0.0055301440225176,34359738368,34359738368,0,0,271572992,2147483648,1875910656,87.35389709472656,running,0,0,0,0,9279236,right,pdu,57.781,58.557,130344.00619101,0.254,12.0,130344.00619101,1.617,0.986,-7.414,772.01
2025-09-05 21:42:56,quickpizza,quickpizza-8b95978b5-jgvvs,quickpizza,neuronet-k8s-w2,flux,r4,Neuronet-ClusterTest,1848330957000,1448230861,22087450624,33104523264,42024960,0,15444688,66039808,70029312,70029312,22087450624,33104523264,32768,quickpizza/quickpizza-8b95978b5-jgvvs,quickpizza,quickpizza-8b95978b5-jgvvs,quickpizza,flux,Neuronet-ClusterTest,47418.51,0.0,flux,flux-node3,flux-node3.av.it.pt,311,neuronet-5g-core,0.144984327617005,85899345920,85899345920,0,0,8848678912,17179869184,8331190272,48.49390983581543,running,0,0,0,0,1235064,right,pdu,70.428,68.893,165434.00785769,0.298,10.7,165434.00785769,1.596,0.99,-6.086,5583.92
2025-09-05 21:43:56,quickpizza,quickpizza-8b95978b5-jgvvs,quickpizza,neuronet-k8s-w2,flux,r4,Neuronet-ClusterTest,1947187307000,1845286960,22091497472,33104523264,37916672,0,16325973,87658496,92925952,92925952,22091497472,33104523264,32768,quickpizza/quickpizza-8b95978b5-jgvvs,quickpizza,quickpizza-8b95978b5-jgvvs,quickpizza,flux,Neuronet-ClusterTest,47418.51,0.0,flux,flux-node3,flux-node3.av.it.pt,185,neuronet-lb,0.0133916490618121,34359738368,34359738368,0,0,271077376,2147483648,1876406272,87.3769760131836,running,0,0,0,0,9279355,left,pdu,63.184,69.132,147051.00698455,0.285,19.0,147051.00698455,1.693,0.981,-7.358,1932.19
2025-09-05 21:44:56,quickpizza,quickpizza-8b95978b5-jgvvs,quickpizza,neuronet-k8s-w2,flux,r4,Neuronet-ClusterTest,2066450700000,1901640843,22082576384,33104523264,36413440,0,17119730,84156416,88629248,88629248,22082576384,33104523264,32768,quickpizza/quickpizza-8b95978b5-jgvvs,quickpizza,quickpizza-8b95978b5-jgvvs,quickpizza,flux,Neuronet-ClusterTest,47418.51,0.0,flux,flux-node4,flux-node4.av.it.pt,179,neuronet-m1,0.314550931220972,64424509440,64424509440,0,0,522190848,4294967296,3772776448,87.841796875,running,0,0,0,0,8828998,right,pdu,90.218,91.383,218168.01036242,0.393,8.5,218168.01036242,1.571,0.997,-0.763,1544.77
2025-09-05 21:45:56,quickpizza,quickpizza-8b95978b5-jgvvs,quickpizza,neuronet-k8s-w2,flux,r4,Neuronet-ClusterTest,2171348927000,1624008385,22085922816,33104523264,44093440,0,17972975,69300224,73740288,73740288,22085922816,33104523264,32768,quickpizza/quickpizza-8b95978b5-jgvvs,quickpizza,quickpizza-8b95978b5-jgvvs,quickpizza,flux,Neuronet-ClusterTest,47418.51,0.0,flux,flux-node4,flux-node4.av.it.pt,182,neuronet-w1,0.188418753404171,64424509440,64424509440,0,0,27658854400,34359738368,6700883968,19.5021390914917,running,0,0,0,0,5483880,right,pdu,55.058,56.175,130348.0061912,0.243,12.8,130347.00619115,1.728,0.982,-7.179,1733.96
2025-09-05 21:46:56,quickpizza,quickpizza-8b95978b5-jgvvs,quickpizza,neuronet-k8s-w2,flux,r4,Neuronet-ClusterTest,2234698359000,752867400,22083141632,33104523264,46100480,0,18821575,53243904,56258560,56258560,22083141632,33104523264,32768,quickpizza/quickpizza-8b95978b5-jgvvs,quickpizza,quickpizza-8b95978b5-jgvvs,quickpizza,flux,Neuronet-ClusterTest,47418.51,0.0,flux,flux-node3,flux-node3.av.it.pt,185,neuronet-lb,0.0130196500635717,34359738368,34359738368,0,0,269389824,2147483648,1878093824,87.45555877685547,running,0,0,0,0,9279535,right,pdu,71.712,71.76,165439.00785793,0.314,11.7,165439.00785793,1.616,0.99,-6.221,767.56
2025-09-05 21:47:56,quickpizza,quickpizza-8b95978b5-jgvvs,quickpizza,neuronet-k8s-w2,flux,r4,Neuronet-ClusterTest,2290820351000,1450889861,22093938688,33104523264,35852288,0,19643561,64765952,68644864,68644864,22093938688,33104523264,32768,quickpizza/quickpizza-8b95978b5-jgvvs,quickpizza,quickpizza-8b95978b5-jgvvs,quickpizza,flux,Neuronet-ClusterTest,47418.51,0.0,flux,flux-node5,flux-node5.av.it.pt,305,neuronet-k8s-w3,0.217044114502317,34359738368,34359738368,0,0,1477488640,4294967296,2817478656,65.59953689575195,running,0,0,0,0,5485970,left,pdu,72.054,88.477,178991.00850162,0.32,12.5,178991.00850162,1.619,0.984,-7.943,5116.23
2025-09-05 21:48:56,quickpizza,quickpizza-8b95978b5-jgvvs,quickpizza,neuronet-k8s-w2,flux,r4,Neuronet-ClusterTest,2390799113000,1817976868,22086914048,33104523264,43282432,0,20521090,76902400,81440768,81440768,22086914048,33104523264,32768,quickpizza/quickpizza-8b95978b5-jgvvs,quickpizza,quickpizza-8b95978b5-jgvvs,quickpizza,flux,Neuronet-ClusterTest,47418.51,0.0,flux,flux-node3,flux-node3.av.it.pt,185,neuronet-lb,0.0158242254425746,34359738368,34359738368,0,0,269922304,2147483648,1877561344,87.4307632446289,running,0,0,0,0,9279656,right,pdu,68.981,70.161,165441.00785803,0.302,12.9,165441.00785803,1.667,0.989,-6.591,1590.29
2025-09-05 21:49:56,quickpizza,quickpizza-8b95978b5-jgvvs,quickpizza,neuronet-k8s-w2,flux,r4,Neuronet-ClusterTest,2511791221000,1820695173,22087012352,33104523264,43098112,0,21366304,83623936,88674304,88674304,22087012352,33104523264,32768,quickpizza/quickpizza-8b95978b5-jgvvs,quickpizza,quickpizza-8b95978b5-jgvvs,quickpizza,flux,Neuronet-ClusterTest,47418.51,0.0,flux,flux-node5,flux-node5.av.it.pt,303,neuronet-k8s-w1,0.094623599823013,34359738368,34359738368,0,0,365350912,4294967296,3929616384,91.49351119995116,running,0,0,0,0,5486253,left,pdu,72.738,74.248,178994.00850176,0.322,19.0,178994.00850176,1.746,0.979,-7.847,1549.89
2025-09-05 21:50:56,quickpizza,quickpizza-8b95978b5-jgvvs,quickpizza,neuronet-k8s-w2,flux,r4,Neuronet-ClusterTest,2595000110000,1667914373,22089515008,33104523264,40017920,0,22039967,74747904,79364096,79364096,22089515008,33104523264,32768,quickpizza/quickpizza-8b95978b5-jgvvs,quickpizza,quickpizza-8b95978b5-jgvvs,quickpizza,flux,Neuronet-ClusterTest,47418.51,0.0,flux,flux-node4,flux-node4.av.it.pt,182,neuronet-w1,0.117499684841286,64424509440,64424509440,0,0,27647885312,34359738368,6711853056,19.5340633392334,running,0,0,0,0,5484181,left,pdu,71.553,69.986,178995.00850181,0.316,11.6,178995.00850181,1.825,0.987,-8.11,3793.39
2025-09-05 21:51:56,quickpizza,quickpizza-8b95978b5-jgvvs,quickpizza,neuronet-k8s-w2,flux,r4,Neuronet-ClusterTest,2673133770000,1076782927,22086922240,33104523264,42020864,0,23042039,53760000,57159680,57159680,22086922240,33104523264,32768,quickpizza/quickpizza-8b95978b5-jgvvs,quickpizza,quickpizza-8b95978b5-jgvvs,quickpizza,flux,Neuronet-ClusterTest,47418.51,0.0,flux,flux-node5,flux-node5.av.it.pt,305,neuronet-k8s-w3,0.266895276657629,34359738368,34359738368,0,0,1403891712,4294967296,2891075584,67.3130989074707,running,0,0,0,0,5486210,left,pdu,62.532,60.791,147060.00698498,0.277,16.8,147060.00698498,1.736,0.975,-7.362,1026.08
2025-09-05 21:52:56,quickpizza,quickpizza-8b95978b5-jgvvs,quickpizza,neuronet-k8s-w2,flux,r4,Neuronet-ClusterTest,2733796710000,1462281587,22085312512,33104523264,43913216,0,23915836,62803968,66297856,66297856,22085312512,33104523264,32768,quickpizza/quickpizza-8b95978b5-jgvvs,quickpizza,quickpizza-8b95978b5-jgvvs,quickpizza,flux,Neuronet-ClusterTest,47418.51,0.0,flux,flux-node3,flux-node3.av.it.pt,185,neuronet-lb,0.0106912669733321,34359738368,34359738368,0,0,267923456,2147483648,1879560192,87.52384185791016,running,0,0,0,0,9279895,left,pdu,71.263,69.112,178997.0085019,0.313,14.3,178997.0085019,1.712,0.984,-8.098,1560.16
2025-09-05 21:53:56,quickpizza,quickpizza-8b95978b5-jgvvs,quickpizza,neuronet-k8s-w2,flux,r4,Neuronet-ClusterTest,2839259841000,1827403225,22089715712,33104523264,39821312,0,24877044,82616320,87486464,87486464,22089715712,33104523264,32768,quickpizza/quickpizza-8b95978b5-jgvvs,quickpizza,quickpizza-8b95978b5-jgvvs,quickpizza,flux,Neuronet-ClusterTest,47418.51,0.0,flux,flux-node5,flux-node5.av.it.pt,305,neuronet-k8s-w3,0.308868562108627,34359738368,34359738368,0,0,1535823872,4294967296,2759143424,64.24131393432617,running,0,0,0,0,5486329,left,pdu,76.562,75.843,178998.00850195,0.336,11.9,178998.00850195,1.634,0.989,-8.05,2498.68
2025-09-05 21:54:56,quickpizza,quickpizza-8b95978b5-jgvvs,quickpizza,neuronet-k8s-w2,flux,r4,Neuronet-ClusterTest,2937795720000,1972874036,22089666560,33104523264,39743488,0,25561729,96571392,101187584,101187584,22089666560,33104523264,32768,quickpizza/quickpizza-8b95978b5-jgvvs,quickpizza,quickpizza-8b95978b5-jgvvs,quickpizza,flux,Neuronet-ClusterTest,47418.51,0.0,flux,flux-node5,flux-node5.av.it.pt,305,neuronet-k8s-w3,0.346001518182057,34359738368,34359738368,0,0,1528942592,4294967296,2766024704,64.40153121948242,running,0,0,0,0,5486390,right,pdu,68.702,68.492,165448.00785836,0.3,12.4,165448.00785836,1.654,0.99,-6.198,1723.62
2025-09-05 21:55:56,quickpizza,quickpizza-8b95978b5-jgvvs,quickpizza,neuronet-k8s-w2,flux,r4,Neuronet-ClusterTest,3042152824000,1648502213,22092513280,33104523264,36433920,0,26446940,71598080,76066816,76066816,22092513280,33104523264,32768,quickpizza/quickpizza-8b95978b5-jgvvs,quickpizza,quickpizza-8b95978b5-jgvvs,quickpizza,flux,Neuronet-ClusterTest,47418.51,0.0,flux,flux-node3,flux-node3.av.it.pt,306,neuronet-k8s-lb,0.0152577477597643,34359738368,34359738368,0,0,368058368,2147483648,1779425280,82.86094665527344,running,0,0,0,0,5108799,right,pdu,71.064,68.468,165449.00785841,0.311,8.5,165449.00785841,1.553,0.991,-6.559,3166.48
2025-09-05 21:56:56,quickpizza,quickpizza-8b95978b5-jgvvs,quickpizza,neuronet-k8s-w2,flux,r4,Neuronet-ClusterTest,3116232922000,684242880,22090260480,33104523264,38371328,0,27390078,55435264,58384384,58384384,22090260480,33104523264,32768,quickpizza/quickpizza-8b95978b5-jgvvs,quickpizza,quickpizza-8b95978b5-jgvvs,quickpizza,flux,Neuronet-ClusterTest,47418.51,0.0,flux,flux-node3,flux-node3.av.it.pt,306,neuronet-k8s-lb,0.0091436683595978,34359738368,34359738368,0,0,367767552,2147483648,1779716096,82.8744888305664,running,0,0,0,0,5108859,left,pdu,57.272,59.061,147065.00698521,0.257,14.5,147065.00698521,1.704,0.969,-7.032,1008.0
2025-09-05 21:57:56,quickpizza,quickpizza-8b95978b5-jgvvs,quickpizza,neuronet-k8s-w2,flux,r4,Neuronet-ClusterTest,3155439444000,1348887759,22088441856,33104523264,40288256,0,27947265,60948480,64933888,64933888,22088441856,33104523264,32768,quickpizza/quickpizza-8b95978b5-jgvvs,quickpizza,quickpizza-8b95978b5-jgvvs,quickpizza,flux,Neuronet-ClusterTest,47418.51,0.0,flux,flux-node4,flux-node4.av.it.pt,182,neuronet-w1,0.186729604898081,64424509440,64424509440,0,0,27676123136,34359738368,6683615232,19.45188045501709,running,0,0,0,0,5484601,left,pdu,74.483,75.27,179003.00850219,0.327,14.0,179003.00850219,1.592,0.989,-8.01,2652.81
2025-09-05 21:58:56,quickpizza,quickpizza-8b95978b5-jgvvs,quickpizza,neuronet-k8s-w2,flux,r4,Neuronet-ClusterTest,3264201801000,1851030690,22091059200,33104523264,37834752,0,28806266,79872000,84385792,84385792,22091059200,33104523264,32768,quickpizza/quickpizza-8b95978b5-jgvvs,quickpizza,quickpizza-8b95978b5-jgvvs,quickpizza,flux,Neuronet-ClusterTest,47418.51,0.0,flux,flux-node3,flux-node3.av.it.pt,306,neuronet-k8s-lb,0.0116763941246253,34359738368,34359738368,0,0,369762304,2147483648,1777721344,82.78160095214844,running,0,0,0,0,5108979,left,pdu,60.771,63.041,147067.00698531,0.272,15.7,147067.00698531,1.773,0.975,-7.665,2645.6
2025-09-05 21:59:56,quickpizza,quickpizza-8b95978b5-jgvvs,quickpizza,neuronet-k8s-w2,flux,r4,Neuronet-ClusterTest,3385469627000,2076903163,22089551872,33104523264,39026688,0,29355456,119001088,125562880,125562880,22089551872,33104523264,32768,quickpizza/quickpizza-8b95978b5-jgvvs,quickpizza,quickpizza-8b95978b5-jgvvs,quickpizza,flux,Neuronet-ClusterTest,47418.51,0.0,flux,flux-node3,flux-node3.av.it.pt,311,neuronet-5g-core,0.152372920755743,85899345920,85899345920,0,0,8853762048,17179869184,8326107136,48.464322090148926,running,0,0,0,0,1236084,left,pdu,71.827,73.203,179006.00850233,0.318,13.8,179006.00850233,1.743,0.981,-7.998,1574.82
2025-09-05 22:00:56,quickpizza,quickpizza-8b95978b5-jgvvs,quickpizza,neuronet-k8s-w2,flux,r4,Neuronet-ClusterTest,3511519271000,1712142014,22092517376,33104523264,35893248,0,30086940,72126464,76587008,76587008,22092517376,33104523264,32768,quickpizza/quickpizza-8b95978b5-jgvvs,quickpizza,quickpizza-8b95978b5-jgvvs,quickpizza,flux,Neuronet-ClusterTest,47418.51,0.0,flux,flux-node5,flux-node5.av.it.pt,184,neuronet-w3,0.346727381600735,64424509440,64424509440,0,0,7256735744,34359738368,27103002624,78.88011932373047,running,0,0,0,0,9787050,left,pdu,56.597,71.036,147069.0069854,0.251,14.4,147069.0069854,1.675,0.98,-7.545,3524.61
2025-09-05 22:01:56,quickpizza,quickpizza-8b95978b5-jgvvs,quickpizza,neuronet-k8s-w2,flux,r4,Neuronet-ClusterTest,3568014103000,505102444,22090448896,33104523264,37957632,0,30659022,56659968,59760640,59760640,22090448896,33104523264,32768,quickpizza/quickpizza-8b95978b5-jgvvs,quickpizza,quickpizza-8b95978b5-jgvvs,quickpizza,flux,Neuronet-ClusterTest,47418.51,0.0,flux,flux-node3,flux-node3.av.it.pt,185,neuronet-lb,0.0128771858738868,34359738368,34359738368,0,0,269963264,2147483648,1877520384,87.4288558959961,running,0,0,0,0,9280435,left,pdu,65.498,70.157,179008.00850242,0.288,14.4,179008.00850242,1.65,0.985,-7.816,799.04
2025-09-05 22:02:56,quickpizza,quickpizza-8b95978b5-jgvvs,quickpizza,neuronet-k8s-w2,flux,r4,Neuronet-ClusterTest,3613396497000,1441925743,22089195520,33104523264,39960576,0,31179604,64442368,67866624,67866624,22089195520,33104523264,32768,quickpizza/quickpizza-8b95978b5-jgvvs,quickpizza,quickpizza-8b95978b5-jgvvs,quickpizza,flux,Neuronet-ClusterTest,47418.51,0.0,flux,flux-node5,flux-node5.av.it.pt,181,neuronet-m3,0.286957925091785,64424509440,64424509440,0,0,654319616,4294967296,3640647680,84.76543426513672,running,0,0,0,0,9787214,left,pdu,102.84,103.37,209660.00995832,0.449,9.0,209660.00995832,1.607,0.994,-4.85,4386.15
2025-09-05 22:03:56,quickpizza,quickpizza-8b95978b5-jgvvs,quickpizza,neuronet-k8s-w2,flux,r4,Neuronet-ClusterTest,3708410529000,1896582196,22092697600,33104523264,37175296,0,31832957,85835776,90988544,90988544,22092697600,33104523264,32768,quickpizza/quickpizza-8b95978b5-jgvvs,quickpizza,quickpizza-8b95978b5-jgvvs,quickpizza,flux,Neuronet-ClusterTest,47418.51,0.0,flux,flux-node5,flux-node5.av.it.pt,305,neuronet-k8s-w3,0.489057253060427,34359738368,34359738368,0,0,1534853120,4294967296,2760114176,64.263916015625,running,0,0,0,0,5486930,left,pdu,62.624,64.663,147072.00698555,0.278,13.6,147072.00698555,1.684,0.981,-7.486,2412.87
2025-09-05 22:04:56,quickpizza,quickpizza-8b95978b5-jgvvs,quickpizza,neuronet-k8s-w2,flux,r4,Neuronet-ClusterTest,3849929301000,1981367477,22092251136,33104523264,37847040,0,32615718,88096768,92909568,92909568,22092251136,33104523264,32768,quickpizza/quickpizza-8b95978b5-jgvvs,quickpizza,quickpizza-8b95978b5-jgvvs,quickpizza,flux,Neuronet-ClusterTest,47418.51,0.0,flux,flux-node5,flux-node5.av.it.pt,181,neuronet-m3,0.343523681594092,64424509440,64424509440,0,0,695689216,4294967296,3599278080,83.8022232055664,running,0,0,0,0,9787333,left,pdu,76.184,75.481,179012.00850261,0.334,11.9,179012.00850261,1.651,0.986,-7.589,2344.56
2025-09-05 22:05:56,quickpizza,quickpizza-8b95978b5-jgvvs,quickpizza,neuronet-k8s-w2,flux,r4,Neuronet-ClusterTest,3935425160000,1738204868,22082400256,33104523264,35196928,0,33169659,71372800,76021760,76021760,22082400256,33104523264,32768,quickpizza/quickpizza-8b95978b5-jgvvs,quickpizza,quickpizza-8b95978b5-jgvvs,quickpizza,flux,Neuronet-ClusterTest,47418.51,0.0,flux,flux-node4,flux-node4.av.it.pt,182,neuronet-w1,0.183832392654464,64424509440,64424509440,0,0,27676119040,34359738368,6683619328,19.451892375946045,running,0,0,0,0,5485081,right,pdu,69.275,67.764,165461.00785898,0.303,8.9,165461.00785898,1.568,0.991,-6.464,4204.09
2025-09-05 22:06:56,quickpizza,quickpizza-8b95978b5-jgvvs,quickpizza,neuronet-k8s-w2,flux,r4,Neuronet-ClusterTest,4011414201000,222106602,22090854400,33104523264,37236736,0,33896930,57446400,60907520,60907520,22090854400,33104523264,32768,quickpizza/quickpizza-8b95978b5-jgvvs,quickpizza,quickpizza-8b95978b5-jgvvs,quickpizza,flux,Neuronet-ClusterTest,47418.51,0.0,flux,flux-node5,flux-node5.av.it.pt,305,neuronet-k8s-w3,0.233545346208948,34359738368,34359738368,0,0,1458434048,4294967296,2836533248,66.04318618774414,running,0,0,0,0,5487110,right,pdu,90.656,92.377,218202.01036404,0.395,6.9,218202.01036404,1.551,0.996,0.421,822.12
2025-09-05 22:07:56,quickpizza,quickpizza-8b95978b5-jgvvs,quickpizza,neuronet-k8s-w2,flux,r4,Neuronet-ClusterTest,4047601228000,1339788340,22089355264,33104523264,39219200,0,34276424,63602688,67055616,67055616,22089355264,33104523264,32768,quickpizza/quickpizza-8b95978b5-jgvvs,quickpizza,quickpizza-8b95978b5-jgvvs,quickpizza,flux,Neuronet-ClusterTest,47418.51,0.0,flux,flux-node4,flux-node4.av.it.pt,179,neuronet-m1,0.397173661569123,64424509440,64424509440,0,0,501522432,4294967296,3793444864,88.3230209350586,running,0,0,0,0,8830379,right,pdu,65.943,69.032,165463.00785907,0.289,9.6,165463.00785907,1.534,0.992,-6.265,3982.45
2025-09-05 22:08:56,quickpizza,quickpizza-8b95978b5-jgvvs,quickpizza,neuronet-k8s-w2,flux,r4,Neuronet-ClusterTest,229502000,0,22113509376,33104523264,14454784,0,0,0,0,7249920,22113509376,33104523264,32768,quickpizza/quickpizza-8b95978b5-jgvvs,quickpizza,quickpizza-8b95978b5-jgvvs,quickpizza,flux,Neuronet-ClusterTest,47418.51,0.0,flux,flux-node5,flux-node5.av.it.pt,184,neuronet-w3,0.267893895987546,64424509440,64424509440,0,0,7268360192,34359738368,27091378176,78.84628772735596,running,0,0,0,0,9787531,right,pdu,86.513,94.107,218205.01036418,0.377,6.8,218205.01036418,1.556,0.997,-0.918,3660.36
2025-09-05 22:09:56,quickpizza,quickpizza-8b95978b5-jgvvs,quickpizza,neuronet-k8s-w2,flux,r4,Neuronet-ClusterTest,92333070000,2377945120,22099910656,33104523264,29339648,0,55507,174460928,181084160,181080064,22099910656,33104523264,32768,quickpizza/quickpizza-8b95978b5-jgvvs,quickpizza,quickpizza-8b95978b5-jgvvs,quickpizza,flux,Neuronet-ClusterTest,7850.229,130339900.0,flux,flux-node1,flux-node1.av.it.pt,300,neuronet-k8s-m1,0.305159884542327,34359738368,34359738368,0,0,655167488,4294967296,3639799808,84.74569320678711,running,0,0,0,0,5529840,left,pdu,71.593,73.485,179018.0085029,0.319,13.0,179018.0085029,1.581,0.974,-7.74,2925.4
2025-09-05 22:10:56,quickpizza,quickpizza-8b95978b5-jgvvs,quickpizza,neuronet-k8s-w2,flux,r4,Neuronet-ClusterTest,261444024000,1828229208,22098194432,33104523264,30035968,0,229896,60645376,65863680,65859584,22098194432,33104523264,32768,quickpizza/quickpizza-8b95978b5-jgvvs,quickpizza,quickpizza-8b95978b5-jgvvs,quickpizza,flux,Neuronet-ClusterTest,15244.638,123240150.0,flux,flux-node4,flux-node4.av.it.pt,182,neuronet-w1,0.0944423283195913,64424509440,64424509440,0,0,27656683520,34359738368,6703054848,19.50845718383789,running,0,0,0,0,5485381,right,pdu,84.048,87.348,218208.01036432,0.366,8.5,218208.01036432,1.624,0.996,-1.029,2432.82
2025-09-05 22:11:56,quickpizza,quickpizza-8b95978b5-jgvvs,quickpizza,neuronet-k8s-w2,flux,r4,Neuronet-ClusterTest,309806280000,80295292,22095945728,33104523264,31838208,0,608483,55197696,58519552,58515456,22095945728,33104523264,32768,quickpizza/quickpizza-8b95978b5-jgvvs,quickpizza,quickpizza-8b95978b5-jgvvs,quickpizza,flux,Neuronet-ClusterTest,18470.253,53760250.0,flux,flux-node4,flux-node4.av.it.pt,179,neuronet-m1,0.389279877234183,64424509440,64424509440,0,0,329945088,4294967296,3965022208,92.31786727905272,running,0,0,0,0,8830618,left,pdu,102.45,102.94,209674.00995898,0.448,9.8,209674.00995898,1.566,0.995,-5.891,806.53
2025-09-05 22:12:56,quickpizza,quickpizza-8b95978b5-jgvvs,quickpizza,neuronet-k8s-w2,flux,r4,Neuronet-ClusterTest,345079209000,1315489976,22094344192,33104523264,33718272,0,938825,59531264,63209472,63205376,22094344192,33104523264,32768,quickpizza/quickpizza-8b95978b5-jgvvs,quickpizza,quickpizza-8b95978b5-jgvvs,quickpizza,flux,Neuronet-ClusterTest,22772.796,71709049.99999996,flux,flux-node1,flux-node1.av.it.pt,302,neuronet-k8s-m3,0.279822790135882,34359738368,34359738368,0,0,403509248,4294967296,3891458048,90.60506820678712,running,0,0,0,0,5529825,left,pdu,85.909,86.481,183209.00870196,0.375,10.6,183209.00870196,1.64,0.993,-3.104,4057.26
2025-09-05 22:13:56,quickpizza,quickpizza-8b95978b5-jgvvs,quickpizza,neuronet-k8s-w2,flux,r4,Neuronet-ClusterTest,219457000,0,22113865728,33104523264,13783040,0,0,0,0,7139328,22113865728,33104523264,0,quickpizza/quickpizza-8b95978b5-jgvvs,quickpizza,quickpizza-8b95978b5-jgvvs,quickpizza,flux,Neuronet-ClusterTest,27394.725,78337779.66101696,flux,flux-node1,flux-node1.av.it.pt,300,neuronet-k8s-m1,0.314866690247933,34359738368,34359738368,0,0,650883072,4294967296,3644084224,84.8454475402832,running,0,0,0,0,5530080,right,pdu,59.495,62.993,130375.00619248,0.262,11.3,130375.00619248,1.766,0.982,-7.565,5480.18
2025-09-05 22:14:56,quickpizza,quickpizza-8b95978b5-jgvvs,quickpizza,neuronet-k8s-w2,flux,r4,Neuronet-ClusterTest,94470014000,2429894060,22099165184,33104523264,28946432,0,56989,181948416,189321216,189321216,22099165184,33104523264,32768,quickpizza/quickpizza-8b95978b5-jgvvs,quickpizza,quickpizza-8b95978b5-jgvvs,quickpizza,flux,Neuronet-ClusterTest,27394.725,0.0,flux,flux-node4,flux-node4.av.it.pt,182,neuronet-w1,0.182551900359164,64424509440,64424509440,0,0,27649146880,34359738368,6710591488,19.530391693115234,running,0,0,0,0,5485621,left,pdu,75.358,74.256,179024.00850318,0.332,12.4,179024.00850318,1.776,0.986,-8.126,3760.93
2025-09-05 22:15:56,quickpizza,quickpizza-8b95978b5-jgvvs,quickpizza,neuronet-k8s-w2,flux,r4,Neuronet-ClusterTest,243592027000,1960508978,22097989632,33104523264,29630464,0,257381,82296832,87785472,87785472,22097989632,33104523264,32768,quickpizza/quickpizza-8b95978b5-jgvvs,quickpizza,quickpizza-8b95978b5-jgvvs,quickpizza,flux,Neuronet-ClusterTest,27394.725,0.0,flux,flux-node4,flux-node4.av.it.pt,179,neuronet-m1,0.403449559150055,64424509440,64424509440,0,0,352542720,4294967296,3942424576,91.7917251586914,running,0,0,0,0,8830859,left,pdu,101.91,102.57,209680.00995927,0.446,13.2,209680.00995927,1.579,0.993,-4.575,2038.42
2025-09-05 22:16:56,quickpizza,quickpizza-8b95978b5-jgvvs,quickpizza,neuronet-k8s-w2,flux,r4,Neuronet-ClusterTest,309969226000,170226446,22096072704,33104523264,31465472,0,796309,59826176,63123456,63123456,22096072704,33104523264,32768,quickpizza/quickpizza-8b95978b5-jgvvs,quickpizza,quickpizza-8b95978b5-jgvvs,quickpizza,flux,Neuronet-ClusterTest,27394.725,0.0,flux,flux-node1,flux-node1.av.it.pt,302,neuronet-k8s-m3,0.270740266309969,34359738368,34359738368,0,0,398192640,4294967296,3896774656,90.72885513305664,running,0,0,0,0,5530066,right,pdu,64.886,58.938,130378.00619262,0.287,15.4,130378.00619262,1.715,0.979,-7.04,806.55
2025-09-05 22:17:56,quickpizza,quickpizza-8b95978b5-jgvvs,quickpizza,neuronet-k8s-w2,flux,r4,Neuronet-ClusterTest,356038539000,1517296657,22094827520,33104523264,33488896,0,1221238,67420160,71737344,71737344,22093979648,33104523264,32768,quickpizza/quickpizza-8b95978b5-jgvvs,quickpizza,quickpizza-8b95978b5-jgvvs,quickpizza,flux,Neuronet-ClusterTest,27394.725,0.0,flux,flux-node4,flux-node4.av.it.pt,179,neuronet-m1,0.422060697512141,64424509440,64424509440,0,0,589168640,4294967296,3705798656,86.2823486328125,running,0,0,0,0,8830978,right,pdu,86.12,84.243,218219.01036485,0.375,6.7,218219.01036485,1.612,0.996,-0.707,3947.32
2025-09-05 22:18:56,quickpizza,quickpizza-8b95978b5-jgvvs,quickpizza,neuronet-k8s-w2,flux,r4,Neuronet-ClusterTest,446822171000,1934508814,22096375808,33104523264,33140736,0,1833272,89321472,94900224,94900224,22096375808,33104523264,32768,quickpizza/quickpizza-8b95978b5-jgvvs,quickpizza,quickpizza-8b95978b5-jgvvs,quickpizza,flux,Neuronet-ClusterTest,27394.725,0.0,flux,flux-node4,flux-node4.av.it.pt,179,neuronet-m1,0.303743412740679,64424509440,64424509440,0,0,612089856,4294967296,3682877440,85.74867248535156,running,0,0,0,0,8831039,left,pdu,69.024,74.586,179029.00850342,0.304,15.1,179029.00850342,1.607,0.989,-8.03,3911.91
2025-09-05 22:19:56,quickpizza,quickpizza-8b95978b5-jgvvs,quickpizza,neuronet-k8s-w2,flux,r4,Neuronet-ClusterTest,576737309000,1963166190,22094098432,33104523264,34816000,0,2515619,100347904,106262528,106262528,22094098432,33104523264,32768,quickpizza/quickpizza-8b95978b5-jgvvs,quickpizza,quickpizza-8b95978b5-jgvvs,quickpizza,flux,Neuronet-ClusterTest,27394.725,0.0,flux,flux-node4,flux-node4.av.it.pt,182,neuronet-w1,0.183003250722064,64424509440,64424509440,0,0,27648675840,34359738368,6711062528,19.53176259994507,running,0,0,0,0,5485921,right,pdu,65.534,68.416,119582.00567984,0.288,14.4,119582.00567984,1.626,0.982,-9.231,2968.65
2025-09-05 22:20:56,quickpizza,quickpizza-8b95978b5-jgvvs,quickpizza,neuronet-k8s-w2,flux,r4,Neuronet-ClusterTest,699646814000,1726606059,22096429056,33104523264,31784960,0,3449870,76562432,81207296,81207296,22096429056,33104523264,32768,quickpizza/quickpizza-8b95978b5-jgvvs,quickpizza,quickpizza-8b95978b5-jgvvs,quickpizza,flux,Neuronet-ClusterTest,27394.725,0.0,flux,flux-node4,flux-node4.av.it.pt,182,neuronet-w1,0.0,64424509440,64424509440,0,0,27661041664,34359738368,6698696704,19.495773315429688,running,0,0,0,0,5485982,left,pdu,72.658,69.792,179031.00850352,0.321,16.0,179031.00850352,1.785,0.983,-7.716,1576.5
2025-09-05 22:21:56,quickpizza,quickpizza-8b95978b5-jgvvs,quickpizza,neuronet-k8s-w2,flux,r4,Neuronet-ClusterTest,756516237000,763778517,22093488128,33104523264,33755136,0,4169153,57798656,61837312,61837312,22093488128,33104523264,32768,quickpizza/quickpizza-8b95978b5-jgvvs,quickpizza,quickpizza-8b95978b5-jgvvs,quickpizza,flux,Neuronet-ClusterTest,27394.725,0.0,flux,flux-node5,flux-node5.av.it.pt,184,neuronet-w3,0.372623176280329,64424509440,64424509440,0,0,7279951872,34359738368,27079786496,78.81255149841309,running,0,0,0,0,9788310,left,pdu,67.836,79.075,179032.00850356,0.301,14.0,179032.00850356,1.588,0.988,-7.585,807.91
2025-09-05 22:22:56,quickpizza,quickpizza-8b95978b5-jgvvs,quickpizza,neuronet-k8s-w2,flux,r4,Neuronet-ClusterTest,797343452000,1375721811,22092058624,33104523264,35663872,0,4763039,64221184,68333568,68333568,22092058624,33104523264,32768,quickpizza/quickpizza-8b95978b5-jgvvs,quickpizza,quickpizza-8b95978b5-jgvvs,quickpizza,flux,Neuronet-ClusterTest,27394.725,0.0,flux,flux-node1,flux-node1.av.it.pt,300,neuronet-k8s-m1,0.269119657693353,34359738368,34359738368,0,0,677232640,4294967296,3617734656,84.23194885253906,running,0,0,0,0,5530621,right,pdu,89.96,91.499,218226.01036518,0.392,7.8,218226.01036518,1.567,0.997,-1.065,3488.82
2025-09-05 22:24:56,quickpizza,quickpizza-8b95978b5-jgvvs,quickpizza,neuronet-k8s-w2,flux,r4,Neuronet-ClusterTest,101072547000,2455510238,22098182144,33104523264,30576640,0,49574,157061120,164184064,164184064,22098182144,33104523264,32768,quickpizza/quickpizza-8b95978b5-jgvvs,quickpizza,quickpizza-8b95978b5-jgvvs,quickpizza,flux,Neuronet-ClusterTest,27394.725,0.0,flux,flux-node3,flux-node3.av.it.pt,311,neuronet-5g-core,0.153734143325709,85899345920,85899345920,0,0,8823189504,17179869184,8356679680,48.64227771759033,running,0,0,0,0,1237584,left,pdu,79.218,78.637,183225.00870272,0.346,10.1,183225.00870272,1.607,0.993,-3.983,3576.11
2025-09-05 22:25:56,quickpizza,quickpizza-8b95978b5-jgvvs,quickpizza,neuronet-k8s-w2,flux,r4,Neuronet-ClusterTest,224451702000,2082014141,22094774272,33104523264,32686080,0,132528,70201344,75440128,75440128,22094774272,33104523264,32768,quickpizza/quickpizza-8b95978b5-jgvvs,quickpizza,quickpizza-8b95978b5-jgvvs,quickpizza,flux,Neuronet-ClusterTest,27394.725,0.0,flux,flux-node5,flux-node5.av.it.pt,304,neuronet-k8s-w2,0.716956610922312,34359738368,34359738368,0,0,458059776,4294967296,3836907520,89.33496475219727,running,0,0,0,0,5488268,left,pdu,62.278,66.464,147096.00698669,0.277,16.3,147096.00698669,1.858,0.962,-7.438,2535.27
2025-09-05 22:26:56,quickpizza,quickpizza-8b95978b5-jgvvs,quickpizza,neuronet-k8s-w2,flux,r4,Neuronet-ClusterTest,288834842000,162573585,22092447744,33104523264,34471936,0,580855,56791040,60010496,60010496,22092447744,33104523264,32768,quickpizza/quickpizza-8b95978b5-jgvvs,quickpizza,quickpizza-8b95978b5-jgvvs,quickpizza,flux,Neuronet-ClusterTest,27394.725,0.0,flux,flux-node3,flux-node3.av.it.pt,306,neuronet-k8s-lb,0.0150126285341242,34359738368,34359738368,0,0,365572096,2147483648,1781911552,82.97672271728516,running,0,0,0,0,5110658,right,pdu,68.313,68.929,165486.00786016,0.299,10.8,165486.00786016,1.569,0.991,-6.186,806.97
2025-09-05 22:27:56,quickpizza,quickpizza-8b95978b5-jgvvs,quickpizza,neuronet-k8s-w2,flux,r4,Neuronet-ClusterTest,328221116000,1484893223,22090838016,33104523264,36483072,0,943531,63848448,67620864,67620864,22090838016,33104523264,32768,quickpizza/quickpizza-8b95978b5-jgvvs,quickpizza,quickpizza-8b95978b5-jgvvs,quickpizza,flux,Neuronet-ClusterTest,27394.725,0.0,flux,flux-node1,flux-node1.av.it.pt,300,neuronet-k8s-m1,0.306792765159966,34359738368,34359738368,0,0,663736320,4294967296,3631230976,84.54618453979492,running,0,0,0,0,5530921,right,pdu,69.855,70.297,165487.00786021,0.306,12.2,165487.00786021,1.619,0.99,-6.13,4079.09
2025-09-05 22:28:56,quickpizza,quickpizza-8b95978b5-jgvvs,quickpizza,neuronet-k8s-w2,flux,r4,Neuronet-ClusterTest,6848513000,544986715,22103179264,33104523264,24383488,0,17839,49623040,52039680,52039680,22103179264,33104523264,32768,quickpizza/quickpizza-8b95978b5-jgvvs,quickpizza,quickpizza-8b95978b5-jgvvs,quickpizza,flux,Neuronet-ClusterTest,27394.725,0.0,flux,flux-node1,flux-node1.av.it.pt,301,neuronet-k8s-m2,0.33802010933889,34359738368,34359738368,0,0,379543552,4294967296,3915423744,91.1630630493164,running,0,0,0,0,5530806,left,pdu,57.312,63.097,147099.00698683,0.253,14.5,147099.00698683,1.639,0.988,-7.374,3369.58
2025-09-05 22:29:56,quickpizza,quickpizza-8b95978b5-jgvvs,quickpizza,neuronet-k8s-w2,flux,r4,Neuronet-ClusterTest,155626465000,2351231229,22086029312,33104523264,41336832,0,62665,161398784,168607744,168607744,22086029312,33104523264,32768,quickpizza/quickpizza-8b95978b5-jgvvs,quickpizza,quickpizza-8b95978b5-jgvvs,quickpizza,flux,Neuronet-ClusterTest,27394.725,0.0,flux,flux-node1,flux-node1.av.it.pt,302,neuronet-k8s-m3,0.276647828165066,34359738368,34359738368,0,0,418734080,4294967296,3876233216,90.2505874633789,running,0,0,0,0,5530844,right,pdu,69.625,70.209,165489.00786031,0.305,8.3,165489.00786031,1.564,0.992,-6.289,3742.97
2025-09-05 22:30:56,quickpizza,quickpizza-8b95978b5-jgvvs,quickpizza,neuronet-k8s-w2,flux,r4,Neuronet-ClusterTest,274285592000,1911271327,22084304896,33104523264,42504192,0,278610,76836864,81969152,81969152,22084304896,33104523264,32768,quickpizza/quickpizza-8b95978b5-jgvvs,quickpizza,quickpizza-8b95978b5-jgvvs,quickpizza,flux,Neuronet-ClusterTest,27394.725,0.0,flux,flux-node1,flux-node1.av.it.pt,300,neuronet-k8s-m1,0.2847997420922,34359738368,34359738368,0,0,643575808,4294967296,3651391488,85.01558303833008,running,0,0,0,0,5531100,right,pdu,70.535,71.112,165490.00786035,0.309,9.8,165490.00786035,1.598,0.991,-6.317,2483.67
2025-09-05 22:31:56,quickpizza,quickpizza-8b95978b5-jgvvs,quickpizza,neuronet-k8s-w2,flux,r4,Neuronet-ClusterTest,333554236000,296993793,22082318336,33104523264,44363776,0,794136,57774080,61251584,61251584,22082318336,33104523264,32768,quickpizza/quickpizza-8b95978b5-jgvvs,quickpizza,quickpizza-8b95978b5-jgvvs,quickpizza,flux,Neuronet-ClusterTest,27394.725,0.0,flux,flux-node4,flux-node4.av.it.pt,179,neuronet-m1,0.339805831261638,64424509440,64424509440,0,0,429502464,4294967296,3865464832,89.9998664855957,running,0,0,0,0,8831819,right,pdu,91.033,91.356,218240.01036584,0.397,6.8,218240.01036584,1.656,0.997,-0.691,807.53
2025-09-05 22:32:56,quickpizza,quickpizza-8b95978b5-jgvvs,quickpizza,neuronet-k8s-w2,flux,r4,Neuronet-ClusterTest,359636564000,1250048195,22090358784,33104523264,36335616,0,1035584,57335808,61145088,61145088,22090358784,33104523264,32768,quickpizza/quickpizza-8b95978b5-jgvvs,quickpizza,quickpizza-8b95978b5-jgvvs,quickpizza,flux,Neuronet-ClusterTest,27394.725,0.0,flux,flux-node3,flux-node3.av.it.pt,306,neuronet-k8s-lb,0.0173641856715418,34359738368,34359738368,0,0,367542272,2147483648,1779941376,82.88497924804688,running,0,0,0,0,5111018,right,pdu,76.725,70.289,165493.0078605,0.336,11.4,165493.0078605,1.633,0.99,-6.07,4136.45
2025-09-05 22:33:56,quickpizza,quickpizza-8b95978b5-jgvvs,quickpizza,neuronet-k8s-w2,flux,r4,Neuronet-ClusterTest,465703167000,1923401661,22080319488,33104523264,46239744,0,1775023,101871616,107667456,107667456,22080319488,33104523264,32768,quickpizza/quickpizza-8b95978b5-jgvvs,quickpizza,quickpizza-8b95978b5-jgvvs,quickpizza,flux,Neuronet-ClusterTest,27394.725,0.0,flux,flux-node3,flux-node3.av.it.pt,185,neuronet-lb,0.012423908964329,34359738368,34359738368,0,0,268169216,2147483648,1879314432,87.51239776611328,running,0,0,0,0,9282355,right,pdu,53.635,55.471,119594.00568041,0.238,16.4,119594.00568041,1.694,0.969,-8.849,4578.64
2025-09-05 22:34:56,quickpizza,quickpizza-8b95978b5-jgvvs,quickpizza,neuronet-k8s-w2,flux,r4,Neuronet-ClusterTest,602700933000,2000931411,22079471616,33104523264,36720640,0,2292752,93380608,99340288,99340288,22079471616,33104523264,32768,quickpizza/quickpizza-8b95978b5-jgvvs,quickpizza,quickpizza-8b95978b5-jgvvs,quickpizza,flux,Neuronet-ClusterTest,27394.725,0.0,flux,flux-node3,flux-node3.av.it.pt,185,neuronet-lb,0.0129155481518537,34359738368,34359738368,0,0,267669504,2147483648,1879814144,87.5356674194336,running,0,0,0,0,9282414,right,pdu,67.478,68.241,165495.00786059,0.296,11.1,165495.00786059,1.576,0.988,-6.512,2891.29
2025-09-05 22:35:56,quickpizza,quickpizza-8b95978b5-jgvvs,quickpizza,neuronet-k8s-w2,flux,r4,Neuronet-ClusterTest,10579437000,1466909234,22109503488,33104523264,17813504,0,0,0,0,34574336,22109503488,33104523264,32768,quickpizza/quickpizza-8b95978b5-jgvvs,quickpizza,quickpizza-8b95978b5-jgvvs,quickpizza,flux,Neuronet-ClusterTest,971.559,0.0,flux,flux-node5,flux-node5.av.it.pt,305,neuronet-k8s-w3,0.30052270166202,34359738368,34359738368,0,0,1461161984,4294967296,2833805312,65.97967147827148,running,0,0,0,0,5488849,right,pdu,66.695,65.919,165496.00786064,0.292,10.8,165496.00786064,1.629,0.991,-6.285,800.63
2025-09-05 22:36:56,quickpizza,quickpizza-8b95978b5-jgvvs,quickpizza,neuronet-k8s-w2,flux,r4,Neuronet-ClusterTest,42965253000,257661157,22106849280,33104523264,19529728,0,73972,39751680,42336256,42336256,22106849280,33104523264,32768,quickpizza/quickpizza-8b95978b5-jgvvs,quickpizza,quickpizza-8b95978b5-jgvvs,quickpizza,flux,Neuronet-ClusterTest,3476.871,41755199.99999999,flux,flux-node3,flux-node3.av.it.pt,306,neuronet-k8s-lb,0.0152833656214375,34359738368,34359738368,0,0,364580864,2147483648,1782902784,83.02288055419922,running,0,0,0,0,5111258,left,pdu,67.645,70.885,179051.00850447,0.298,14.8,179051.00850447,1.648,0.979,-8.122,812.94
2025-09-05 22:37:56,quickpizza,quickpizza-8b95978b5-jgvvs,quickpizza,neuronet-k8s-w2,flux,r4,Neuronet-ClusterTest,71821993000,1127491142,22105440256,33104523264,21499904,0,185377,40620032,43016192,43016192,22105440256,33104523264,32768,quickpizza/quickpizza-8b95978b5-jgvvs,quickpizza,quickpizza-8b95978b5-jgvvs,quickpizza,flux,Neuronet-ClusterTest,7174.509,0.0,flux,flux-node3,flux-node3.av.it.pt,185,neuronet-lb,0.0127631976789657,34359738368,34359738368,0,0,267214848,2147483648,1880268800,87.55683898925781,running,0,0,0,0,9282596,left,pdu,71.907,69.561,179052.00850451,0.316,14.3,179052.00850451,1.655,0.981,-7.529,2099.94
2025-09-05 22:38:56,quickpizza,quickpizza-8b95978b5-jgvvs,quickpizza,neuronet-k8s-w2,flux,r4,Neuronet-ClusterTest,200659750000,2084809991,22096564224,33104523264,31379456,0,894628,96460800,102100992,102100992,22096564224,33104523264,32768,quickpizza/quickpizza-8b95978b5-jgvvs,quickpizza,quickpizza-8b95978b5-jgvvs,quickpizza,flux,Neuronet-ClusterTest,14375.706,120019950.0,flux,flux-node1,flux-node1.av.it.pt,301,neuronet-k8s-m2,0.251836407130599,34359738368,34359738368,0,0,369971200,4294967296,3924996096,91.38593673706056,running,0,0,0,0,5531406,right,pdu,64.707,66.532,165500.00786083,0.284,9.7,165500.00786083,1.565,0.991,-6.293,2204.1
2025-09-05 22:39:56,quickpizza,quickpizza-8b95978b5-jgvvs,quickpizza,neuronet-k8s-w2,flux,r4,Neuronet-ClusterTest,323417666000,2064681187,22093377536,33104523264,34111488,0,1449892,78434304,83812352,83812352,22093377536,33104523264,32768,quickpizza/quickpizza-8b95978b5-jgvvs,quickpizza,quickpizza-8b95978b5-jgvvs,quickpizza,flux,Neuronet-ClusterTest,21765.063,121136999.99999996,flux,flux-node5,flux-node5.av.it.pt,183,neuronet-w2,0.615971539425212,64424509440,64424509440,0,0,1465868288,34359738368,32893870080,95.73376178741456,running,0,0,0,0,9789404,left,pdu,75.898,70.118,179054.00850461,0.333,13.5,179054.00850461,1.683,0.986,-7.816,2942.25
2025-09-05 22:40:56,quickpizza,quickpizza-8b95978b5-jgvvs,quickpizza,neuronet-k8s-w2,flux,r4,Neuronet-ClusterTest,423602357000,2012430567,22092546048,33104523264,34246656,0,1790989,100290560,105598976,105598976,22092546048,33104523264,32768,quickpizza/quickpizza-8b95978b5-jgvvs,quickpizza,quickpizza-8b95978b5-jgvvs,quickpizza,flux,Neuronet-ClusterTest,29019.696,122959881.35593222,flux,flux-node5,flux-node5.av.it.pt,184,neuronet-w3,0.394785126064562,64424509440,64424509440,0,0,7195942912,34359738368,27163795456,79.05704975128174,running,0,0,0,0,9789450,left,pdu,92.274,91.701,209719.00996112,0.404,10.1,209719.00996112,1.621,0.993,-4.75,4158.27
2025-09-05 22:41:56,quickpizza,quickpizza-8b95978b5-jgvvs,quickpizza,neuronet-k8s-w2,flux,r4,Neuronet-ClusterTest,503886257000,136866292,22089670656,33104523264,36401152,0,2544605,50581504,53518336,53518336,22089670656,33104523264,32768,quickpizza/quickpizza-8b95978b5-jgvvs,quickpizza,quickpizza-8b95978b5-jgvvs,quickpizza,flux,Neuronet-ClusterTest,32829.705,63500150.00000003,flux,flux-node3,flux-node3.av.it.pt,306,neuronet-k8s-lb,0.0157704660088054,34359738368,34359738368,0,0,366284800,2147483648,1781198848,82.94353485107422,running,0,0,0,0,5111558,left,pdu,65.53,67.864,147119.00698778,0.295,14.1,147113.00698749,1.783,0.965,-7.14,811.07
2025-09-05 22:42:56,quickpizza,quickpizza-8b95978b5-jgvvs,quickpizza,neuronet-k8s-w2,flux,r4,Neuronet-ClusterTest,556745945000,1551861855,22088019968,33104523264,38440960,0,3196353,62042112,65515520,65515520,22088019968,33104523264,32768,quickpizza/quickpizza-8b95978b5-jgvvs,quickpizza,quickpizza-8b95978b5-jgvvs,quickpizza,flux,Neuronet-ClusterTest,37564.995,78921500.00000001,flux,flux-node3,flux-node3.av.it.pt,311,neuronet-5g-core,0.142322779107052,85899345920,85899345920,0,0,8816951296,17179869184,8362917888,48.6785888671875,running,0,0,0,0,1238664,right,pdu,73.163,73.751,165505.00786107,0.32,14.6,165505.00786107,1.567,0.992,-6.444,4893.19
2025-09-05 22:43:56,quickpizza,quickpizza-8b95978b5-jgvvs,quickpizza,neuronet-k8s-w2,flux,r4,Neuronet-ClusterTest,666506905000,1866036875,22090063872,33104523264,36536320,0,4076216,77307904,81993728,81993728,22090063872,33104523264,32768,quickpizza/quickpizza-8b95978b5-jgvvs,quickpizza,quickpizza-8b95978b5-jgvvs,quickpizza,flux,Neuronet-ClusterTest,44460.927,114932200.0,flux,flux-node3,flux-node3.av.it.pt,306,neuronet-k8s-lb,0.0109918379594506,34359738368,34359738368,0,0,364576768,2147483648,1782906880,83.0230712890625,running,0,0,0,0,5111679,right,pdu,71.267,71.696,165506.00786111,0.312,11.6,165506.00786111,1.596,0.991,-6.058,3215.64
2025-09-05 22:45:56,quickpizza,quickpizza-8b95978b5-jgvvs,quickpizza,neuronet-k8s-w2,flux,r4,Neuronet-ClusterTest,48687093000,1874926144,22097174528,33104523264,28880896,0,136853,43339776,46301184,46301184,22097174528,33104523264,32768,quickpizza/quickpizza-8b95978b5-jgvvs,quickpizza,quickpizza-8b95978b5-jgvvs,quickpizza,flux,Neuronet-ClusterTest,47129.805,0.0,flux,flux-node3,flux-node3.av.it.pt,306,neuronet-k8s-lb,0.0155047170940889,34359738368,34359738368,0,0,366866432,2147483648,1780617216,82.91645050048828,running,0,0,0,0,5111798,left,pdu,94.476,92.413,209727.0099615,0.413,9.0,209727.0099615,1.586,0.992,-4.675,2299.56
2025-09-05 22:46:56,quickpizza,quickpizza-8b95978b5-jgvvs,quickpizza,neuronet-k8s-w2,flux,r4,Neuronet-ClusterTest,110298142000,139468574,22095077376,33104523264,30683136,0,616016,37548032,39845888,39845888,22095077376,33104523264,32768,quickpizza/quickpizza-8b95978b5-jgvvs,quickpizza,quickpizza-8b95978b5-jgvvs,quickpizza,flux,Neuronet-ClusterTest,7760.313,54809400.0,flux,flux-node5,flux-node5.av.it.pt,184,neuronet-w3,0.447776989311005,64424509440,64424509440,0,0,7254237184,34359738368,27105501184,78.88739109039307,running,0,0,0,0,9789810,left,pdu,68.205,66.126,179061.00850494,0.3,16.6,179061.00850494,1.751,0.979,-7.466,809.98
2025-09-05 22:47:56,quickpizza,quickpizza-8b95978b5-jgvvs,quickpizza,neuronet-k8s-w2,flux,r4,Neuronet-ClusterTest,157609103000,1538946746,22093271040,33104523264,32632832,0,1043613,50868224,54255616,54255616,22093271040,33104523264,32768,quickpizza/quickpizza-8b95978b5-jgvvs,quickpizza,quickpizza-8b95978b5-jgvvs,quickpizza,flux,Neuronet-ClusterTest,12038.877,71309400.00000001,flux,flux-node3,flux-node3.av.it.pt,306,neuronet-k8s-lb,0.0159606655650645,34359738368,34359738368,0,0,366735360,2147483648,1780748288,82.92255401611328,running,0,0,0,0,5111918,right,pdu,67.621,67.327,165511.00786135,0.292,9.5,165511.00786135,1.683,0.983,-6.289,2682.48
2025-09-05 22:48:56,quickpizza,quickpizza-8b95978b5-jgvvs,quickpizza,neuronet-k8s-w2,flux,r4,Neuronet-ClusterTest,270819077000,2022856644,22083473408,33104523264,42344448,0,1687728,79925248,84934656,84934656,22083473408,33104523264,32768,quickpizza/quickpizza-8b95978b5-jgvvs,quickpizza,quickpizza-8b95978b5-jgvvs,quickpizza,flux,Neuronet-ClusterTest,19221.066,119703150.0,flux,flux-node5,flux-node5.av.it.pt,184,neuronet-w3,0.369715938413501,64424509440,64424509440,0,0,7257071616,34359738368,27102666752,78.87914180755615,running,0,0,0,0,9789930,left,pdu,62.29,64.786,147120.00698783,0.276,16.9,147120.00698783,1.652,0.985,-7.418,2787.86
2025-09-05 22:49:56,quickpizza,quickpizza-8b95978b5-jgvvs,quickpizza,neuronet-k8s-w2,flux,r4,Neuronet-ClusterTest,369056591000,1993725117,22081990656,33104523264,43692032,0,2229919,81448960,86859776,86859776,22081990656,33104523264,32768,quickpizza/quickpizza-8b95978b5-jgvvs,quickpizza,quickpizza-8b95978b5-jgvvs,quickpizza,flux,Neuronet-ClusterTest,26476.65,120926400.00000004,flux,flux-node1,flux-node1.av.it.pt,300,neuronet-k8s-m1,0.31736038597838,34359738368,34359738368,0,0,636559360,4294967296,3658407936,85.17894744873047,running,0,0,0,0,5532240,left,pdu,72.491,73.489,179065.00850513,0.32,13.7,179065.00850513,1.705,0.98,-7.875,5620.4
2025-09-05 22:50:56,quickpizza,quickpizza-8b95978b5-jgvvs,quickpizza,neuronet-k8s-w2,flux,r4,Neuronet-ClusterTest,508365024000,1710745601,22083584000,33104523264,43175936,0,3091040,63614976,68231168,68231168,22083584000,33104523264,32768,quickpizza/quickpizza-8b95978b5-jgvvs,quickpizza,quickpizza-8b95978b5-jgvvs,quickpizza,flux,Neuronet-ClusterTest,33521.286,117410599.99999996,flux,flux-node5,flux-node5.av.it.pt,305,neuronet-k8s-w3,0.302891447245363,34359738368,34359738368,0,0,1389088768,4294967296,2905878528,67.65775680541992,running,0,0,0,0,5489750,right,pdu,69.104,70.603,165514.00786149,0.302,9.2,165514.00786149,1.559,0.992,-6.448,2411.34
2025-09-05 22:51:56,quickpizza,quickpizza-8b95978b5-jgvvs,quickpizza,neuronet-k8s-w2,flux,r4,Neuronet-ClusterTest,564635912000,778804995,22080307200,33104523264,45219840,0,3823052,46542848,49684480,49684480,22080307200,33104523264,32768,quickpizza/quickpizza-8b95978b5-jgvvs,quickpizza,quickpizza-8b95978b5-jgvvs,quickpizza,flux,Neuronet-ClusterTest,37469.055,65796150.0,flux,flux-node1,flux-node1.av.it.pt,301,neuronet-k8s-m2,0.320203720256754,34359738368,34359738368,0,0,387457024,4294967296,3907510272,90.97881317138672,running,0,0,0,0,5532187,right,pdu,82.991,80.041,165515.00786154,0.362,11.6,165515.00786154,1.555,0.993,-6.035,802.13
2025-09-05 22:52:56,quickpizza,quickpizza-8b95978b5-jgvvs,quickpizza,neuronet-k8s-w2,flux,r4,Neuronet-ClusterTest,621636862000,1514259092,22078992384,33104523264,47190016,0,4593705,59146240,63000576,63000576,22078992384,33104523264,32768,quickpizza/quickpizza-8b95978b5-jgvvs,quickpizza,quickpizza-8b95978b5-jgvvs,quickpizza,flux,Neuronet-ClusterTest,42275.412,80105949.99999994,flux,flux-node5,flux-node5.av.it.pt,183,neuronet-w2,0.443939622044683,64424509440,64424509440,0,0,1394847744,34359738368,32964890624,95.94045877456664,running,0,0,0,0,9790185,left,pdu,66.746,68.054,147125.00698806,0.296,17.6,147125.00698806,1.706,0.98,-7.573,2922.47
2025-09-05 22:53:56,quickpizza,quickpizza-8b95978b5-jgvvs,quickpizza,neuronet-k8s-w2,flux,r4,Neuronet-ClusterTest,727205816000,1860014202,22082789376,33104523264,43950080,0,5503754,78790656,83546112,83546112,22082789376,33104523264,32768,quickpizza/quickpizza-8b95978b5-jgvvs,quickpizza,quickpizza-8b95978b5-jgvvs,quickpizza,flux,Neuronet-ClusterTest,49099.827,113740250.0,flux,flux-node3,flux-node3.av.it.pt,311,neuronet-5g-core,0.143515388094104,85899345920,85899345920,0,0,8833638400,17179869184,8346230784,48.58145713806152,running,0,0,0,0,1239324,left,pdu,70.32,70.241,179070.00850537,0.311,16.7,179070.00850537,1.687,0.972,-7.784,1594.72
2025-09-05 22:54:56,quickpizza,quickpizza-8b95978b5-jgvvs,quickpizza,neuronet-k8s-w2,flux,r4,Neuronet-ClusterTest,811598440000,1903528531,22083780608,33104523264,42823680,0,6079389,82903040,88469504,88469504,22083780608,33104523264,32768,quickpizza/quickpizza-8b95978b5-jgvvs,quickpizza,quickpizza-8b95978b5-jgvvs,quickpizza,flux,Neuronet-ClusterTest,56241.102,119021250.00000004,flux,flux-node5,flux-node5.av.it.pt,183,neuronet-w2,0.637753234771882,64424509440,64424509440,0,0,1424543744,34359738368,32935194624,95.85403203964232,running,0,0,0,0,9790304,left,pdu,71.966,73.068,179071.00850542,0.317,12.6,179071.00850542,1.629,0.984,-7.756,1573.71
2025-09-05 22:55:56,quickpizza,quickpizza-8b95978b5-jgvvs,quickpizza,neuronet-k8s-w2,flux,r4,Neuronet-ClusterTest,935540397000,1675864097,22086832128,33104523264,39100416,0,7022984,71389184,75743232,75743232,22086832128,33104523264,32768,quickpizza/quickpizza-8b95978b5-jgvvs,quickpizza,quickpizza-8b95978b5-jgvvs,quickpizza,flux,Neuronet-ClusterTest,62992.173,112517850.00000006,flux,flux-node5,flux-node5.av.it.pt,304,neuronet-k8s-w2,0.64881727071317,34359738368,34359738368,0,0,493219840,4294967296,3801747456,88.51633071899414,running,0,0,0,0,5490068,left,pdu,67.482,76.737,179072.00850546,0.297,13.4,179072.00850546,1.605,0.984,-8.018,3025.42
2025-09-05 22:56:56,quickpizza,quickpizza-8b95978b5-jgvvs,quickpizza,neuronet-k8s-w2,flux,r4,Neuronet-ClusterTest,1006614174000,545972434,22084124672,33104523264,41054208,0,7941315,50163712,53084160,53084160,22084124672,33104523264,32768,quickpizza/quickpizza-8b95978b5-jgvvs,quickpizza,quickpizza-8b95978b5-jgvvs,quickpizza,flux,Neuronet-ClusterTest,67190.412,69970649.99999991,flux,flux-node3,flux-node3.av.it.pt,185,neuronet-lb,0.0126464551981249,34359738368,34359738368,0,0,266461184,2147483648,1881022464,87.59193420410156,running,0,0,0,0,9283735,left,pdu,72.332,70.193,179074.00850556,0.32,14.5,179074.00850556,1.756,0.98,-7.708,1046.96
2025-09-05 22:57:56,quickpizza,quickpizza-8b95978b5-jgvvs,quickpizza,neuronet-k8s-w2,flux,r4,Neuronet-ClusterTest,1060922582000,1443706610,22082703360,33104523264,42917888,0,8727074,58429440,62296064,62296064,22082703360,33104523264,32768,quickpizza/quickpizza-8b95978b5-jgvvs,quickpizza,quickpizza-8b95978b5-jgvvs,quickpizza,flux,Neuronet-ClusterTest,72169.659,82987450.00000006,flux,flux-node3,flux-node3.av.it.pt,306,neuronet-k8s-lb,0.0161156690923979,34359738368,34359738368,0,0,366379008,2147483648,1781104640,82.93914794921875,running,0,0,0,0,5112518,left,pdu,71.064,71.708,179075.00850561,0.316,15.8,179075.00850561,1.671,0.973,-7.517,3397.25
2025-09-05 22:58:56,quickpizza,quickpizza-8b95978b5-jgvvs,quickpizza,neuronet-k8s-w2,flux,r4,Neuronet-ClusterTest,37265541000,2478208986,22098239488,33104523264,28160000,0,50882,62382080,65388544,65388544,22098239488,33104523264,32768,quickpizza/quickpizza-8b95978b5-jgvvs,quickpizza,quickpizza-8b95978b5-jgvvs,quickpizza,flux,Neuronet-ClusterTest,74665.233,41592899.99999989,flux,flux-node5,flux-node5.av.it.pt,184,neuronet-w3,0.365903822924323,64424509440,64424509440,0,0,7252881408,34359738368,27106856960,78.8913369178772,running,0,0,0,0,9790530,left,pdu,82.029,82.625,183272.00870495,0.359,11.3,183272.00870495,1.577,0.992,-3.037,3330.19
2025-09-05 22:59:56,quickpizza,quickpizza-8b95978b5-jgvvs,quickpizza,neuronet-k8s-w2,flux,r4,Neuronet-ClusterTest,189542771000,2418275739,22081388544,33104523264,34009088,0,193838,150618112,157667328,157667328,22081388544,33104523264,32768,quickpizza/quickpizza-8b95978b5-jgvvs,quickpizza,quickpizza-8b95978b5-jgvvs,quickpizza,flux,Neuronet-ClusterTest,11610.42,130628300.0,flux,flux-node3,flux-node3.av.it.pt,185,neuronet-lb,0.0123197161809404,34359738368,34359738368,0,0,263925760,2147483648,1883557888,87.70999908447266,running,0,0,0,0,9283915,left,pdu,62.477,63.009,147132.0069884,0.278,13.7,147132.0069884,1.701,0.971,-7.458,4347.07
2025-09-05 23:01:59,quickpizza,quickpizza-8b95978b5-jgvvs,quickpizza,neuronet-k8s-w2,flux,r4,Neuronet-ClusterTest,382588802000,65555451,22087135232,33104523264,37789696,0,962708,55861248,59011072,59011072,22087135232,33104523264,32768,quickpizza/quickpizza-8b95978b5-jgvvs,quickpizza,quickpizza-8b95978b5-jgvvs,quickpizza,flux,Neuronet-ClusterTest,22428.504,0.0,flux,flux-node4,flux-node4.av.it.pt,179,neuronet-m1,0.332146353709015,64424509440,64424509440,0,0,445239296,4294967296,3849728000,89.63346481323242,running,0,0,0,0,8833618,left,pdu,90.783,91.264,209751.00996264,0.397,11.4,209751.00996264,1.63,0.994,-4.122,756.01
2025-09-05 23:03:58,quickpizza,quickpizza-8b95978b5-jgvvs,quickpizza,neuronet-k8s-w2,flux,r4,Neuronet-ClusterTest,0,0,22086631424,33104523264,38445056,0,0,0,0,0,22086631424,33104523264,32768,quickpizza/quickpizza-8b95978b5-jgvvs,quickpizza,quickpizza-8b95978b5-jgvvs,quickpizza,flux,Neuronet-ClusterTest,33671.691,113185350.0,flux,flux-node3,flux-node3.av.it.pt,311,neuronet-5g-core,0.126828090735219,85899345920,85899345920,0,0,8844140544,17179869184,8335728640,48.52032661437988,running,0,0,0,0,1239924,left,pdu,65.645,67.534,147136.00698859,0.293,19.0,147136.00698859,1.738,0.972,-7.593,2042.77
2025-09-05 23:04:56,quickpizza,quickpizza-8b95978b5-jgvvs,quickpizza,neuronet-k8s-w2,flux,r4,Neuronet-ClusterTest,80261416000,2480942921,22097248256,33104523264,27717632,0,81406,133857280,139321344,139321344,22097248256,33104523264,32768,quickpizza/quickpizza-8b95978b5-jgvvs,quickpizza,quickpizza-8b95978b5-jgvvs,quickpizza,flux,Neuronet-ClusterTest,33671.691,0.0,flux,flux-node1,flux-node1.av.it.pt,188,neuronet-m2,0.271134009102997,64424509440,64424509440,0,0,1178140672,4294967296,3116826624,72.56927490234375,running,0,0,0,0,9790823,right,pdu,68.293,70.627,165531.0078623,0.3,10.2,165531.0078623,1.57,0.992,-6.5,4518.61
2025-09-05 23:05:57,quickpizza,quickpizza-8b95978b5-jgvvs,quickpizza,neuronet-k8s-w2,flux,r4,Neuronet-ClusterTest,217026318000,1862988506,22093971456,33104523264,30715904,0,331247,72478720,77225984,77225984,22093971456,33104523264,32768,quickpizza/quickpizza-8b95978b5-jgvvs,quickpizza,quickpizza-8b95978b5-jgvvs,quickpizza,flux,Neuronet-ClusterTest,12890.1,123760650.0,flux,flux-node5,flux-node5.av.it.pt,183,neuronet-w2,0.502491694502137,64424509440,64424509440,0,0,1596006400,34359738368,32763731968,95.3550100326538,running,0,0,0,0,9790965,right,pdu,73.322,68.762,165532.00786235,0.321,8.4,165532.00786235,1.578,0.991,-6.452,2409.43
2025-09-05 23:06:56,quickpizza,quickpizza-8b95978b5-jgvvs,quickpizza,neuronet-k8s-w2,flux,r4,Neuronet-ClusterTest,271023715000,80062542,22092070912,33104523264,32546816,0,803276,50823168,53891072,53891072,22092070912,33104523264,32768,quickpizza/quickpizza-8b95978b5-jgvvs,quickpizza,quickpizza-8b95978b5-jgvvs,quickpizza,flux,Neuronet-ClusterTest,16199.376,56089423.72881356,flux,flux-node1,flux-node1.av.it.pt,300,neuronet-k8s-m1,0.317465713174754,34359738368,34359738368,0,0,556019712,4294967296,3738947584,87.05415725708008,running,0,0,0,0,5533260,left,pdu,82.315,91.785,209760.00996307,0.36,12.0,209760.00996307,1.589,0.993,-3.749,802.85
2025-09-05 23:07:57,quickpizza,quickpizza-8b95978b5-jgvvs,quickpizza,neuronet-k8s-w2,flux,r4,Neuronet-ClusterTest,321088998000,1489074824,22089981952,33104523264,34578432,0,1308267,64122880,68083712,68083712,22089981952,33104523264,32768,quickpizza/quickpizza-8b95978b5-jgvvs,quickpizza,quickpizza-8b95978b5-jgvvs,quickpizza,flux,Neuronet-ClusterTest,20525.802,72107099.99999999,flux,flux-node4,flux-node4.av.it.pt,179,neuronet-m1,0.402819014790089,64424509440,64424509440,0,0,540082176,4294967296,3754885120,87.42523193359375,running,0,0,0,0,8833978,left,pdu,62.111,63.713,147140.00698877,0.277,14.8,147140.00698877,1.692,0.974,-7.776,1712.02
2025-09-05 23:08:56,quickpizza,quickpizza-8b95978b5-jgvvs,quickpizza,neuronet-k8s-w2,flux,r4,Neuronet-ClusterTest,423144055000,1979060639,22092984320,33104523264,33079296,0,1953722,85999616,91484160,91484160,22092984320,33104523264,32768,quickpizza/quickpizza-8b95978b5-jgvvs,quickpizza,quickpizza-8b95978b5-jgvvs,quickpizza,flux,Neuronet-ClusterTest,27662.904,117001672.13114752,flux,flux-node4,flux-node4.av.it.pt,179,neuronet-m1,0.317055881208275,64424509440,64424509440,0,0,537325568,4294967296,3757641728,87.48941421508789,running,0,0,0,0,8834039,left,pdu,60.624,65.892,147141.00698882,0.272,15.2,147141.00698882,1.682,0.986,-7.16,1587.16
2025-09-05 23:10:56,quickpizza,quickpizza-8b95978b5-jgvvs,quickpizza,neuronet-k8s-w2,flux,r4,Neuronet-ClusterTest,80436932000,1895725756,22093570048,33104523264,31637504,0,234001,64851968,69550080,69550080,22093570048,33104523264,32768,quickpizza/quickpizza-8b95978b5-jgvvs,quickpizza,quickpizza-8b95978b5-jgvvs,quickpizza,flux,Neuronet-ClusterTest,31993.785,0.0,flux,flux-node3,flux-node3.av.it.pt,185,neuronet-lb,0.0131000711578497,34359738368,34359738368,0,0,260874240,2147483648,1886609408,87.85209655761719,running,0,0,0,0,9284574,left,pdu,71.048,80.669,179091.00850637,0.312,14.3,179091.00850637,1.662,0.99,-7.808,2303.75
2025-09-05 23:11:56,quickpizza,quickpizza-8b95978b5-jgvvs,quickpizza,neuronet-k8s-w2,flux,r4,Neuronet-ClusterTest,137841116000,288196551,22090850304,33104523264,33460224,0,713845,52273152,55386112,55386112,22090850304,33104523264,32768,quickpizza/quickpizza-8b95978b5-jgvvs,quickpizza,quickpizza-8b95978b5-jgvvs,quickpizza,flux,Neuronet-ClusterTest,9159.633,55397199.99999999,flux,flux-node4,flux-node4.av.it.pt,179,neuronet-m1,0.33313455311463,64424509440,64424509440,0,0,716840960,4294967296,3578126336,83.30974578857422,running,0,0,0,0,8834218,right,pdu,71.692,71.744,165539.00786268,0.311,11.0,165539.00786268,1.606,0.99,-6.019,809.14
2025-09-05 23:12:56,quickpizza,quickpizza-8b95978b5-jgvvs,quickpizza,neuronet-k8s-w2,flux,r4,Neuronet-ClusterTest,170643032000,1224357326,22089404416,33104523264,35459072,0,1004351,54427648,57450496,57450496,22089404416,33104523264,32768,quickpizza/quickpizza-8b95978b5-jgvvs,quickpizza,quickpizza-8b95978b5-jgvvs,quickpizza,flux,Neuronet-ClusterTest,13526.658,71590573.7704918,flux,flux-node3,flux-node3.av.it.pt,311,neuronet-5g-core,0.115711558464648,85899345920,85899345920,0,0,8825585664,17179869184,8354283520,48.62833023071289,running,0,0,0,0,1240464,right,pdu,95.534,102.34,218304.01036888,0.416,8.4,218304.01036888,1.537,0.997,-0.568,4515.15
2025-09-05 23:13:56,quickpizza,quickpizza-8b95978b5-jgvvs,quickpizza,neuronet-k8s-w2,flux,r4,Neuronet-ClusterTest,288712381000,2043474876,22080475136,33104523264,44945408,0,1767287,105906176,111919104,111919104,22080475136,33104523264,32768,quickpizza/quickpizza-8b95978b5-jgvvs,quickpizza,quickpizza-8b95978b5-jgvvs,quickpizza,flux,Neuronet-ClusterTest,20645.475,120657915.25423726,flux,flux-node5,flux-node5.av.it.pt,304,neuronet-k8s-w2,0.482526972031345,34359738368,34359738368,0,0,457768960,4294967296,3837198336,89.34173583984375,running,0,0,0,0,5491147,right,pdu,66.834,70.885,165541.00786278,0.293,11.4,165541.00786278,1.566,0.99,-6.543,1573.24
2025-09-05 23:14:56,quickpizza,quickpizza-8b95978b5-jgvvs,quickpizza,neuronet-k8s-w2,flux,r4,Neuronet-ClusterTest,420199106000,2056002973,22077997056,33104523264,47300608,0,2407358,100528128,106336256,106336256,22077997056,33104523264,32768,quickpizza/quickpizza-8b95978b5-jgvvs,quickpizza,quickpizza-8b95978b5-jgvvs,quickpizza,flux,Neuronet-ClusterTest,27977.388,122198550.0,flux,flux-node3,flux-node3.av.it.pt,306,neuronet-k8s-lb,0.0,34359738368,34359738368,0,0,363048960,2147483648,1784434688,83.0942153930664,running,0,0,0,0,5113538,right,pdu,64.532,71.553,165542.00786282,0.284,8.9,165542.00786282,1.593,0.99,-6.126,5391.99
2025-09-05 23:15:56,quickpizza,quickpizza-8b95978b5-jgvvs,quickpizza,neuronet-k8s-w2,flux,r4,Neuronet-ClusterTest,518171715000,1754624715,22078898176,33104523264,45682688,0,3034265,72843264,77496320,77496320,22078898176,33104523264,32768,quickpizza/quickpizza-8b95978b5-jgvvs,quickpizza,quickpizza-8b95978b5-jgvvs,quickpizza,flux,Neuronet-ClusterTest,34846.734,114489099.99999996,flux,flux-node4,flux-node4.av.it.pt,182,neuronet-w1,0.18107755313866,64424509440,64424509440,0,0,27655434240,34359738368,6704304128,19.51209306716919,running,0,0,0,0,5489281,right,pdu,70.75,71.414,165544.00786292,0.31,11.0,165544.00786292,1.579,0.99,-6.062,3366.21
2025-09-05 23:16:56,quickpizza,quickpizza-8b95978b5-jgvvs,quickpizza,neuronet-k8s-w2,flux,r4,Neuronet-ClusterTest,590855902000,444471401,22076383232,33104523264,47607808,0,3903541,55418880,58523648,58523648,22076383232,33104523264,32768,quickpizza/quickpizza-8b95978b5-jgvvs,quickpizza,quickpizza-8b95978b5-jgvvs,quickpizza,flux,Neuronet-ClusterTest,38851.401,66744450.000000015,flux,flux-node4,flux-node4.av.it.pt,182,neuronet-w1,0.185464651660895,64424509440,64424509440,0,0,27646423040,34359738368,6713315328,19.53831911087036,running,0,0,0,0,5489341,right,pdu,67.049,67.001,165545.00786297,0.294,9.5,165545.00786297,1.562,0.991,-6.52,800.39
2025-09-05 23:17:56,quickpizza,quickpizza-8b95978b5-jgvvs,quickpizza,neuronet-k8s-w2,flux,r4,Neuronet-ClusterTest,641655124000,1454526487,22085881856,33104523264,38391808,0,4558396,69066752,72998912,72998912,22085881856,33104523264,32768,quickpizza/quickpizza-8b95978b5-jgvvs,quickpizza,quickpizza-8b95978b5-jgvvs,quickpizza,flux,Neuronet-ClusterTest,43677.345,80432400.00000006,flux,flux-node4,flux-node4.av.it.pt,179,neuronet-m1,0.355132753221255,64424509440,64424509440,0,0,539361280,4294967296,3755606016,87.4420166015625,running,0,0,0,0,8834579,left,pdu,74.59,69.104,179099.00850675,0.327,12.0,179099.00850675,1.641,0.986,-7.994,3250.4
2025-09-05 23:18:56,quickpizza,quickpizza-8b95978b5-jgvvs,quickpizza,neuronet-k8s-w2,flux,r4,Neuronet-ClusterTest,738221833000,1821635836,22077812736,33104523264,46522368,0,5390512,81616896,85434368,85434368,22077812736,33104523264,32768,quickpizza/quickpizza-8b95978b5-jgvvs,quickpizza,quickpizza-8b95978b5-jgvvs,quickpizza,flux,Neuronet-ClusterTest,50588.736,115189849.99999994,flux,flux-node3,flux-node3.av.it.pt,185,neuronet-lb,0.013123344928595,34359738368,34359738368,0,0,259026944,2147483648,1888456704,87.93811798095703,running,0,0,0,0,9285055,right,pdu,50.76,45.679,119633.00568226,0.227,18.3,119633.00568226,1.763,0.969,-7.828,1781.22
2025-09-05 23:19:56,quickpizza,quickpizza-8b95978b5-jgvvs,quickpizza,neuronet-k8s-w2,flux,r4,Neuronet-ClusterTest,859480672000,1946649830,22077706240,33104523264,46493696,0,6158530,96616448,101806080,101806080,22077706240,33104523264,32768,quickpizza/quickpizza-8b95978b5-jgvvs,quickpizza,quickpizza-8b95978b5-jgvvs,quickpizza,flux,Neuronet-ClusterTest,57731.475,119045650.00000004,flux,flux-node4,flux-node4.av.it.pt,182,neuronet-w1,0.179576312908727,64424509440,64424509440,0,0,27646332928,34359738368,6713405440,19.538581371307373,running,0,0,0,0,5489521,right,pdu,90.898,93.292,218315.01036941,0.396,8.8,218315.01036941,1.629,0.996,-0.763,4729.86
2025-09-05 23:20:56,quickpizza,quickpizza-8b95978b5-jgvvs,quickpizza,neuronet-k8s-w2,flux,r4,Neuronet-ClusterTest,968399903000,1666043135,22081769472,33104523264,42156032,0,7020999,78995456,83505152,83505152,22081769472,33104523264,32768,quickpizza/quickpizza-8b95978b5-jgvvs,quickpizza,quickpizza-8b95978b5-jgvvs,quickpizza,flux,Neuronet-ClusterTest,64456.668,113986322.0338983,flux,flux-node5,flux-node5.av.it.pt,303,neuronet-k8s-w1,0.162866695122103,34359738368,34359738368,0,0,592109568,4294967296,3702857728,86.21387481689453,running,0,0,0,0,5491712,left,pdu,91.817,92.854,209781.00996406,0.401,9.8,209781.00996406,1.624,0.995,-5.323,2196.37
2025-09-05 23:21:56,quickpizza,quickpizza-8b95978b5-jgvvs,quickpizza,neuronet-k8s-w2,flux,r4,Neuronet-ClusterTest,1036343954000,140608786,22079508480,33104523264,44179456,0,7904405,57380864,60399616,60399616,22079508480,33104523264,32768,quickpizza/quickpizza-8b95978b5-jgvvs,quickpizza,quickpizza-8b95978b5-jgvvs,quickpizza,flux,Neuronet-ClusterTest,68633.793,69618750.00000012,flux,flux-node3,flux-node3.av.it.pt,306,neuronet-k8s-lb,0.0168430927041846,34359738368,34359738368,0,0,364425216,2147483648,1783058432,83.0301284790039,running,0,0,0,0,5113959,right,pdu,92.23,96.913,218318.01036955,0.402,5.8,218318.01036955,1.561,0.997,-0.588,1041.6
2025-09-05 23:22:56,quickpizza,quickpizza-8b95978b5-jgvvs,quickpizza,neuronet-k8s-w2,flux,r4,Neuronet-ClusterTest,1076182049000,1361979578,22077607936,33104523264,46047232,0,8494201,64307200,67678208,67678208,22077607936,33104523264,32768,quickpizza/quickpizza-8b95978b5-jgvvs,quickpizza,quickpizza-8b95978b5-jgvvs,quickpizza,flux,Neuronet-ClusterTest,73579.08,82421449.99999996,flux,flux-node4,flux-node4.av.it.pt,182,neuronet-w1,0.182756687355916,64424509440,64424509440,0,0,27654414336,34359738368,6705324032,19.515061378479004,running,0,0,0,0,5489701,right,pdu,73.223,71.298,165552.0078633,0.32,8.3,165552.0078633,1.562,0.99,-6.452,5011.71
2025-09-05 23:23:56,quickpizza,quickpizza-8b95978b5-jgvvs,quickpizza,neuronet-k8s-w2,flux,r4,Neuronet-ClusterTest,1191540498000,1767233543,22080868352,33104523264,42684416,0,9572802,79437824,83615744,83615744,22080868352,33104523264,32768,quickpizza/quickpizza-8b95978b5-jgvvs,quickpizza,quickpizza-8b95978b5-jgvvs,quickpizza,flux,Neuronet-ClusterTest,80354.016,112915600.00000004,flux,flux-node3,flux-node3.av.it.pt,185,neuronet-lb,0.0,34359738368,34359738368,0,0,257912832,2147483648,1889570816,87.98999786376953,running,0,0,0,0,9285355,left,pdu,71.318,72.217,179106.00850708,0.313,10.1,179106.00850708,1.64,0.987,-7.788,1590.79
2025-09-05 23:24:56,quickpizza,quickpizza-8b95978b5-jgvvs,quickpizza,neuronet-k8s-w2,flux,r4,Neuronet-ClusterTest,1472199000,584020533,22083272704,33104523264,16613376,0,0,0,0,10674176,22083272704,33104523264,32768,quickpizza/quickpizza-8b95978b5-jgvvs,quickpizza,quickpizza-8b95978b5-jgvvs,quickpizza,flux,Neuronet-ClusterTest,315.468,0.0,flux,flux-node5,flux-node5.av.it.pt,303,neuronet-k8s-w1,0.157391256982343,34359738368,34359738368,0,0,619851776,4294967296,3675115520,85.56795120239258,running,0,0,0,0,5491951,left,pdu,64.508,64.647,147158.00698963,0.286,12.2,147158.00698963,1.719,0.971,-7.684,4328.56
2025-09-05 23:25:56,quickpizza,quickpizza-8b95978b5-jgvvs,quickpizza,neuronet-k8s-w2,flux,r4,Neuronet-ClusterTest,119715421000,1823692607,22096584704,33104523264,27828224,0,277038,71720960,76632064,76632064,22096584704,33104523264,32768,quickpizza/quickpizza-8b95978b5-jgvvs,quickpizza,quickpizza-8b95978b5-jgvvs,quickpizza,flux,Neuronet-ClusterTest,7627.599,121868850.0,flux,flux-node1,flux-node1.av.it.pt,300,neuronet-k8s-m1,0.337944201853318,34359738368,34359738368,0,0,528650240,4294967296,3766317056,87.69140243530273,running,0,0,0,0,5534401,right,pdu,69.144,69.327,165556.00786349,0.302,9.0,165556.00786349,1.54,0.99,-6.154,2335.55
2025-09-05 23:26:56,quickpizza,quickpizza-8b95978b5-jgvvs,quickpizza,neuronet-k8s-w2,flux,r4,Neuronet-ClusterTest,169774134000,125942374,22093672448,33104523264,29712384,0,702019,57008128,60059648,60059648,22093672448,33104523264,32768,quickpizza/quickpizza-8b95978b5-jgvvs,quickpizza,quickpizza-8b95978b5-jgvvs,quickpizza,flux,Neuronet-ClusterTest,10935.444,55130749.99999999,flux,flux-node3,flux-node3.av.it.pt,306,neuronet-k8s-lb,0.0133062920685019,34359738368,34359738368,0,0,364658688,2147483648,1782824960,83.01925659179688,running,0,0,0,0,5114258,right,pdu,71.402,65.991,165557.00786354,0.313,11.1,165557.00786354,1.563,0.99,-6.126,801.53
2025-09-05 23:27:56,quickpizza,quickpizza-8b95978b5-jgvvs,quickpizza,neuronet-k8s-w2,flux,r4,Neuronet-ClusterTest,209932816000,1410218552,22092328960,33104523264,31694848,0,1065827,62164992,65888256,65888256,22092328960,33104523264,32768,quickpizza/quickpizza-8b95978b5-jgvvs,quickpizza,quickpizza-8b95978b5-jgvvs,quickpizza,flux,Neuronet-ClusterTest,15273.456,72300200.0,flux,flux-node1,flux-node1.av.it.pt,302,neuronet-k8s-m3,0.283238653855237,34359738368,34359738368,0,0,500158464,4294967296,3794808832,88.35477828979492,running,0,0,0,0,5534324,left,pdu,62.743,63.701,147161.00698977,0.276,16.3,147161.00698977,1.623,0.986,-7.442,2454.5
2025-09-05 23:28:56,quickpizza,quickpizza-8b95978b5-jgvvs,quickpizza,neuronet-k8s-w2,flux,r4,Neuronet-ClusterTest,322679541000,1995409806,22094385152,33104523264,30265344,0,1809149,91795456,96931840,96931840,22094385152,33104523264,32768,quickpizza/quickpizza-8b95978b5-jgvvs,quickpizza,quickpizza-8b95978b5-jgvvs,quickpizza,flux,Neuronet-ClusterTest,22288.059,116910050.0,flux,flux-node3,flux-node3.av.it.pt,311,neuronet-5g-core,0.147208289623557,85899345920,85899345920,0,0,8826507264,17179869184,8353361920,48.62296581268311,running,0,0,0,0,1241424,left,pdu,87.889,92.854,183313.0087069,0.378,9.1,183313.0087069,1.624,0.995,-2.309,1573.2
2025-09-05 23:29:56,quickpizza,quickpizza-8b95978b5-jgvvs,quickpizza,neuronet-k8s-w2,flux,r4,Neuronet-ClusterTest,441859505000,2244634270,22090919936,33104523264,33624064,0,2287869,124706816,131158016,131158016,22090919936,33104523264,32768,quickpizza/quickpizza-8b95978b5-jgvvs,quickpizza,quickpizza-8b95978b5-jgvvs,quickpizza,flux,Neuronet-ClusterTest,29810.601,125375699.99999996,flux,flux-node5,flux-node5.av.it.pt,305,neuronet-k8s-w3,0.34121579000408,34359738368,34359738368,0,0,1433358336,4294967296,2861608960,66.62702560424805,running,0,0,0,0,5492090,left,pdu,73.684,75.624,179114.00850746,0.292,13.7,179114.00850746,1.632,0.984,-7.843,3575.76
2025-09-05 23:31:56,quickpizza,quickpizza-8b95978b5-jgvvs,quickpizza,neuronet-k8s-w2,flux,r4,Neuronet-ClusterTest,15594007000,269866286,22108450816,33104523264,14614528,0,18767,24055808,25231360,25231360,22108450816,33104523264,32768,quickpizza/quickpizza-8b95978b5-jgvvs,quickpizza,quickpizza-8b95978b5-jgvvs,quickpizza,flux,Neuronet-ClusterTest,34234.026,0.0,flux,flux-node1,flux-node1.av.it.pt,302,neuronet-k8s-m3,0.206006237539811,34359738368,34359738368,0,0,489144320,4294967296,3805822976,88.61122131347656,running,0,0,0,0,5534565,left,pdu,84.378,84.8,183317.00870709,0.369,9.5,183317.00870709,1.655,0.995,-4.194,803.46
2025-09-05 23:32:56,quickpizza,quickpizza-8b95978b5-jgvvs,quickpizza,neuronet-k8s-w2,flux,r4,Neuronet-ClusterTest,46414757000,1113538660,22106853376,33104523264,16633856,0,75418,34447360,36757504,36757504,22106853376,33104523264,32768,quickpizza/quickpizza-8b95978b5-jgvvs,quickpizza,quickpizza-8b95978b5-jgvvs,quickpizza,flux,Neuronet-ClusterTest,34234.026,0.0,flux,flux-node5,flux-node5.av.it.pt,305,neuronet-k8s-w3,0.204323929425251,34359738368,34359738368,0,0,1480695808,4294967296,2814271488,65.52486419677734,running,0,0,0,0,5492270,left,pdu,97.271,83.392,183318.00870714,0.372,9.8,183318.00870714,1.641,0.994,-3.967,805.83
2025-09-05 23:33:56,quickpizza,quickpizza-8b95978b5-jgvvs,quickpizza,neuronet-k8s-w2,flux,r4,Neuronet-ClusterTest,160545764000,2288243889,22096187392,33104523264,27942912,0,473404,125755392,131858432,131858432,22096187392,33104523264,32768,quickpizza/quickpizza-8b95978b5-jgvvs,quickpizza,quickpizza-8b95978b5-jgvvs,quickpizza,flux,Neuronet-ClusterTest,34234.026,0.0,flux,flux-node3,flux-node3.av.it.pt,311,neuronet-5g-core,0.151371617756486,85899345920,85899345920,0,0,8825044992,17179869184,8354824192,48.63147735595703,running,0,0,0,0,1241725,left,pdu,91.984,92.254,209802.00996506,0.402,11.5,209802.00996506,1.599,0.995,-4.349,1820.77
2025-09-05 23:34:56,quickpizza,quickpizza-8b95978b5-jgvvs,quickpizza,neuronet-k8s-w2,flux,r4,Neuronet-ClusterTest,279182323000,2310222466,22092173312,33104523264,31502336,0,829721,134504448,141053952,141053952,22092173312,33104523264,32768,quickpizza/quickpizza-8b95978b5-jgvvs,quickpizza,quickpizza-8b95978b5-jgvvs,quickpizza,flux,Neuronet-ClusterTest,34234.026,0.0,flux,flux-node5,flux-node5.av.it.pt,184,neuronet-w3,0.371488951494722,64424509440,64424509440,0,0,7247822848,34359738368,27111915520,78.90605926513672,running,0,0,0,0,9792690,left,pdu,62.286,61.24,147169.00699015,0.274,13.6,147169.00699015,1.601,0.985,-7.422,2335.74
2025-09-05 23:35:56,quickpizza,quickpizza-8b95978b5-jgvvs,quickpizza,neuronet-k8s-w2,flux,r4,Neuronet-ClusterTest,430247906000,1910250894,22091661312,33104523264,31379456,0,1192293,95424512,100720640,100720640,22091661312,33104523264,32768,quickpizza/quickpizza-8b95978b5-jgvvs,quickpizza,quickpizza-8b95978b5-jgvvs,quickpizza,flux,Neuronet-ClusterTest,34234.026,0.0,flux,flux-node1,flux-node1.av.it.pt,300,neuronet-k8s-m1,0.345122229230419,34359738368,34359738368,0,0,535924736,4294967296,3759042560,87.52202987670898,running,0,0,0,0,5535001,right,pdu,73.569,72.03,165568.00786406,0.321,11.4,165568.00786406,1.575,0.992,-6.094,3766.6
2025-09-05 23:36:56,quickpizza,quickpizza-8b95978b5-jgvvs,quickpizza,neuronet-k8s-w2,flux,r4,Neuronet-ClusterTest,490106364000,283677621,22089420800,33104523264,33406976,0,1810480,52801536,56139776,56139776,22089420800,33104523264,32768,quickpizza/quickpizza-8b95978b5-jgvvs,quickpizza,quickpizza-8b95978b5-jgvvs,quickpizza,flux,Neuronet-ClusterTest,34234.026,0.0,flux,flux-node5,flux-node5.av.it.pt,184,neuronet-w3,0.319512462672923,64424509440,64424509440,0,0,7255355392,34359738368,27104382976,78.88413667678833,running,0,0,0,0,9792811,left,pdu,65.995,63.574,147171.00699025,0.291,17.2,147171.00699025,1.746,0.979,-7.323,803.28
2025-09-05 23:37:56,quickpizza,quickpizza-8b95978b5-jgvvs,quickpizza,neuronet-k8s-w2,flux,r4,Neuronet-ClusterTest,536560934000,1440803340,22087540736,33104523264,35377152,0,2337757,60841984,64778240,64778240,22087540736,33104523264,32768,quickpizza/quickpizza-8b95978b5-jgvvs,quickpizza,quickpizza-8b95978b5-jgvvs,quickpizza,flux,Neuronet-ClusterTest,34234.026,0.0,flux,flux-node5,flux-node5.av.it.pt,305,neuronet-k8s-w3,0.423009526907351,34359738368,34359738368,0,0,1446420480,4294967296,2848546816,66.3228988647461,running,0,0,0,0,5492570,left,pdu,70.515,76.351,179123.00850789,0.31,14.6,179123.00850789,1.648,0.984,-7.855,3865.34
2025-09-05 23:38:56,quickpizza,quickpizza-8b95978b5-jgvvs,quickpizza,neuronet-k8s-w2,flux,r4,Neuronet-ClusterTest,634817428000,1864141731,22089293824,33104523264,33554432,0,3091612,88485888,93896704,93896704,22089293824,33104523264,32768,quickpizza/quickpizza-8b95978b5-jgvvs,quickpizza,quickpizza-8b95978b5-jgvvs,quickpizza,flux,Neuronet-ClusterTest,34234.026,0.0,flux,flux-node3,flux-node3.av.it.pt,306,neuronet-k8s-lb,0.015356655873258,34359738368,34359738368,0,0,363360256,2147483648,1784123392,83.07971954345703,running,0,0,0,0,5114978,right,pdu,71.195,76.244,165571.0078642,0.32,12.6,165571.0078642,1.564,0.992,-6.361,3306.18
2025-09-05 23:40:56,quickpizza,quickpizza-8b95978b5-jgvvs,quickpizza,neuronet-k8s-w2,flux,r4,Neuronet-ClusterTest,53437277000,2160458463,22099906560,33104523264,23646208,0,59064,51720192,55611392,55611392,22099906560,33104523264,32768,quickpizza/quickpizza-8b95978b5-jgvvs,quickpizza,quickpizza-8b95978b5-jgvvs,quickpizza,flux,Neuronet-ClusterTest,34234.026,0.0,flux,flux-node4,flux-node4.av.it.pt,182,neuronet-w1,0.182167643548865,64424509440,64424509440,0,0,27661172736,34359738368,6698565632,19.495391845703125,running,0,0,0,0,5490781,left,pdu,78.403,80.848,183329.00870766,0.343,9.9,183329.00870766,1.639,0.993,-3.252,781.07
2025-09-05 23:41:56,quickpizza,quickpizza-8b95978b5-jgvvs,quickpizza,neuronet-k8s-w2,flux,r4,Neuronet-ClusterTest,112527547000,73350562,22097170432,33104523264,25354240,0,324081,51716096,54349824,54349824,22097170432,33104523264,32768,quickpizza/quickpizza-8b95978b5-jgvvs,quickpizza,quickpizza-8b95978b5-jgvvs,quickpizza,flux,Neuronet-ClusterTest,34234.026,0.0,flux,flux-node3,flux-node3.av.it.pt,306,neuronet-k8s-lb,0.0161493740036694,34359738368,34359738368,0,0,363790336,2147483648,1783693312,83.0596923828125,running,0,0,0,0,5115158,left,pdu,99.855,101.59,209814.00996563,0.438,9.4,209814.00996563,1.567,0.994,-4.273,813.87
2025-09-05 23:42:56,quickpizza,quickpizza-8b95978b5-jgvvs,quickpizza,neuronet-k8s-w2,flux,r4,Neuronet-ClusterTest,152698386000,1354241486,22095814656,33104523264,27258880,0,670260,56627200,59789312,59789312,22095814656,33104523264,32768,quickpizza/quickpizza-8b95978b5-jgvvs,quickpizza,quickpizza-8b95978b5-jgvvs,quickpizza,flux,Neuronet-ClusterTest,34234.026,0.0,flux,flux-node5,flux-node5.av.it.pt,304,neuronet-k8s-w2,0.360289664972024,34359738368,34359738368,0,0,510541824,4294967296,3784425472,88.11302185058594,running,0,0,0,0,5492888,left,pdu,60.167,60.485,147177.00699053,0.267,14.9,147177.00699053,1.701,0.983,-6.969,4504.74
2025-09-05 23:43:56,quickpizza,quickpizza-8b95978b5-jgvvs,quickpizza,neuronet-k8s-w2,flux,r4,Neuronet-ClusterTest,273915493000,1965875335,22087016448,33104523264,36954112,0,1345954,84770816,89677824,89677824,22087016448,33104523264,32768,quickpizza/quickpizza-8b95978b5-jgvvs,quickpizza,quickpizza-8b95978b5-jgvvs,quickpizza,flux,Neuronet-ClusterTest,34234.026,0.0,flux,flux-node5,flux-node5.av.it.pt,184,neuronet-w3,0.364423307782288,64424509440,64424509440,0,0,7256600576,34359738368,27103137792,78.88051271438599,running,0,0,0,0,9793230,left,pdu,66.75,66.575,147178.00699058,0.293,14.7,147178.00699058,1.65,0.988,-7.486,2423.82
2025-09-05 23:44:56,quickpizza,quickpizza-8b95978b5-jgvvs,quickpizza,neuronet-k8s-w2,flux,r4,Neuronet-ClusterTest,383786495000,2056777658,22084620288,33104523264,39546880,0,1860874,87646208,93184000,93184000,22084620288,33104523264,32768,quickpizza/quickpizza-8b95978b5-jgvvs,quickpizza,quickpizza-8b95978b5-jgvvs,quickpizza,flux,Neuronet-ClusterTest,34234.026,0.0,flux,flux-node4,flux-node4.av.it.pt,182,neuronet-w1,0.180895124936705,64424509440,64424509440,0,0,27672023040,34359738368,6687715328,19.463813304901123,running,0,0,0,0,5491021,left,pdu,77.413,76.697,179132.00850831,0.34,15.9,179132.00850831,1.68,0.986,-8.102,3916.05
2025-09-05 23:45:56,quickpizza,quickpizza-8b95978b5-jgvvs,quickpizza,neuronet-k8s-w2,flux,r4,Neuronet-ClusterTest,496518100000,1727218566,22085677056,33104523264,37265408,0,2536953,74788864,79310848,79310848,22085677056,33104523264,32768,quickpizza/quickpizza-8b95978b5-jgvvs,quickpizza,quickpizza-8b95978b5-jgvvs,quickpizza,flux,Neuronet-ClusterTest,34234.026,0.0,flux,flux-node3,flux-node3.av.it.pt,185,neuronet-lb,0.0128347948840554,34359738368,34359738368,0,0,257703936,2147483648,1889779712,87.99972534179688,running,0,0,0,0,9286675,left,pdu,63.769,65.585,147180.00699067,0.285,13.6,147180.00699067,1.737,0.972,-7.172,4390.55
2025-09-05 23:46:56,quickpizza,quickpizza-8b95978b5-jgvvs,quickpizza,neuronet-k8s-w2,flux,r4,Neuronet-ClusterTest,565564555000,550939906,22082936832,33104523264,39276544,0,3344331,56115200,59514880,59514880,22082936832,33104523264,32768,quickpizza/quickpizza-8b95978b5-jgvvs,quickpizza,quickpizza-8b95978b5-jgvvs,quickpizza,flux,Neuronet-ClusterTest,34234.026,0.0,flux,flux-node5,flux-node5.av.it.pt,305,neuronet-k8s-w3,0.285430964104137,34359738368,34359738368,0,0,1438482432,4294967296,2856484864,66.50772094726562,running,0,0,0,0,5493110,left,pdu,69.227,70.281,179134.00850841,0.305,15.2,179134.00850841,1.643,0.985,-8.09,1119.68
2025-09-05 23:47:56,quickpizza,quickpizza-8b95978b5-jgvvs,quickpizza,neuronet-k8s-w2,flux,r4,Neuronet-ClusterTest,608826846000,1405911557,22081388544,33104523264,31023104,0,3939787,63799296,67178496,67178496,22081388544,33104523264,32768,quickpizza/quickpizza-8b95978b5-jgvvs,quickpizza,quickpizza-8b95978b5-jgvvs,quickpizza,flux,Neuronet-ClusterTest,34234.026,0.0,flux,flux-node5,flux-node5.av.it.pt,305,neuronet-k8s-w3,0.189957221793733,34359738368,34359738368,0,0,1436762112,4294967296,2858205184,66.54777526855469,running,0,0,0,0,5493170,left,pdu,58.203,59.721,147182.00699077,0.259,18.2,147182.00699077,1.665,0.977,-7.275,1574.06
2025-09-05 23:48:56,quickpizza,quickpizza-8b95978b5-jgvvs,quickpizza,neuronet-k8s-w2,flux,r4,Neuronet-ClusterTest,726286847000,1854278948,22083989504,33104523264,38998016,0,4970736,78929920,83988480,83988480,22083989504,33104523264,32768,quickpizza/quickpizza-8b95978b5-jgvvs,quickpizza,quickpizza-8b95978b5-jgvvs,quickpizza,flux,Neuronet-ClusterTest,34234.026,0.0,flux,flux-node5,flux-node5.av.it.pt,305,neuronet-k8s-w3,0.355369315347775,34359738368,34359738368,0,0,1490108416,4294967296,2804858880,65.30570983886719,running,0,0,0,0,5493230,right,pdu,71.927,72.579,165583.00786477,0.299,11.0,165583.00786477,1.602,0.991,-6.178,3209.15
2025-09-05 23:49:56,quickpizza,quickpizza-8b95978b5-jgvvs,quickpizza,neuronet-k8s-w2,flux,r4,Neuronet-ClusterTest,838802878000,1958313640,22083493888,33104523264,39354368,0,5656245,92368896,97189888,97189888,22083493888,33104523264,32768,quickpizza/quickpizza-8b95978b5-jgvvs,quickpizza,quickpizza-8b95978b5-jgvvs,quickpizza,flux,Neuronet-ClusterTest,34234.026,0.0,flux,flux-node4,flux-node4.av.it.pt,182,neuronet-w1,0.18080069989168,64424509440,64424509440,0,0,27664437248,34359738368,6695301120,19.485890865325928,running,0,0,0,0,5491321,left,pdu,97.605,101.99,209826.0099662,0.426,13.0,209826.0099662,1.588,0.996,-4.277,2441.54
2025-09-05 23:50:56,quickpizza,quickpizza-8b95978b5-jgvvs,quickpizza,neuronet-k8s-w2,flux,r4,Neuronet-ClusterTest,926326062000,1710994561,22087159808,33104523264,35074048,0,6294968,78450688,83087360,83087360,22087159808,33104523264,32768,quickpizza/quickpizza-8b95978b5-jgvvs,quickpizza,quickpizza-8b95978b5-jgvvs,quickpizza,flux,Neuronet-ClusterTest,34234.026,0.0,flux,flux-node3,flux-node3.av.it.pt,306,neuronet-k8s-lb,0.0161060366294383,34359738368,34359738368,0,0,363233280,2147483648,1784250368,83.08563232421875,running,0,0,0,0,5115698,left,pdu,73.087,73.636,179139.00850865,0.321,18.0,179139.00850865,1.66,0.988,-7.474,6371.33
2025-09-05 23:51:56,quickpizza,quickpizza-8b95978b5-jgvvs,quickpizza,neuronet-k8s-w2,flux,r4,Neuronet-ClusterTest,1010018485000,358008871,22084800512,33104523264,37105664,0,7332807,58638336,61870080,61870080,22084800512,33104523264,32768,quickpizza/quickpizza-8b95978b5-jgvvs,quickpizza,quickpizza-8b95978b5-jgvvs,quickpizza,flux,Neuronet-ClusterTest,34234.026,0.0,flux,flux-node5,flux-node5.av.it.pt,305,neuronet-k8s-w3,0.113455526773042,34359738368,34359738368,0,0,1383751680,4294967296,2911215616,67.78202056884766,running,0,0,0,0,5493410,left,pdu,87.913,81.178,183344.00870837,0.353,11.0,183345.00870842,1.71,0.995,-3.506,1042.07
2025-09-05 23:52:56,quickpizza,quickpizza-8b95978b5-jgvvs,quickpizza,neuronet-k8s-w2,flux,r4,Neuronet-ClusterTest,1048807414000,1333597034,22083088384,33104523264,39022592,0,7898243,64344064,68190208,68190208,22083088384,33104523264,32768,quickpizza/quickpizza-8b95978b5-jgvvs,quickpizza,quickpizza-8b95978b5-jgvvs,quickpizza,flux,Neuronet-ClusterTest,34234.026,0.0,flux,flux-node3,flux-node3.av.it.pt,306,neuronet-k8s-lb,0.0,34359738368,34359738368,0,0,362909696,2147483648,1784573952,83.10070037841797,running,0,0,0,0,5115818,right,pdu,72.618,70.237,165587.00786496,0.318,11.2,165587.00786496,1.659,0.986,-6.249,4581.22
2025-09-05 23:53:56,quickpizza,quickpizza-8b95978b5-jgvvs,quickpizza,neuronet-k8s-w2,flux,r4,Neuronet-ClusterTest,1151938997000,1807992646,22086340608,33104523264,35778560,0,8844244,82522112,86847488,86847488,22086340608,33104523264,32768,quickpizza/quickpizza-8b95978b5-jgvvs,quickpizza,quickpizza-8b95978b5-jgvvs,quickpizza,flux,Neuronet-ClusterTest,34234.026,0.0,flux,flux-node5,flux-node5.av.it.pt,183,neuronet-w2,0.431849641671282,64424509440,64424509440,0,0,1528369152,34359738368,32831369216,95.551860332489,running,0,0,0,0,9793845,left,pdu,63.8,65.057,147189.0069911,0.287,16.2,147189.0069911,1.695,0.981,-7.295,3087.72
2025-09-05 23:54:56,quickpizza,quickpizza-8b95978b5-jgvvs,quickpizza,neuronet-k8s-w2,flux,r4,Neuronet-ClusterTest,1268544745000,1903822034,22085890048,33104523264,35991552,0,9644951,86421504,91099136,91099136,22085890048,33104523264,32768,quickpizza/quickpizza-8b95978b5-jgvvs,quickpizza,quickpizza-8b95978b5-jgvvs,quickpizza,flux,Neuronet-ClusterTest,34234.026,0.0,flux,flux-node1,flux-node1.av.it.pt,302,neuronet-k8s-m3,0.246265641914411,34359738368,34359738368,0,0,548139008,4294967296,3746828288,87.23764419555664,running,0,0,0,0,5535945,left,pdu,66.269,76.049,179144.00850888,0.292,13.8,179144.00850888,1.615,0.987,-7.203,1633.85
2025-09-05 23:55:56,quickpizza,quickpizza-8b95978b5-jgvvs,quickpizza,neuronet-k8s-w2,flux,r4,Neuronet-ClusterTest,1368048832000,1670089437,22089125888,33104523264,32673792,0,10413102,75776000,80146432,80146432,22089125888,33104523264,32768,quickpizza/quickpizza-8b95978b5-jgvvs,quickpizza,quickpizza-8b95978b5-jgvvs,quickpizza,flux,Neuronet-ClusterTest,34234.026,0.0,flux,flux-node5,flux-node5.av.it.pt,183,neuronet-w2,0.447110401902646,64424509440,64424509440,0,0,1525952512,34359738368,32833785856,95.55889368057252,running,0,0,0,0,9793965,right,pdu,73.0,73.867,165591.00786515,0.319,11.0,165591.00786515,1.548,0.992,-6.209,1574.36
2025-09-05 23:56:56,quickpizza,quickpizza-8b95978b5-jgvvs,quickpizza,neuronet-k8s-w2,flux,r4,Neuronet-ClusterTest,1451848397000,351340845,22087073792,33104523264,34590720,0,11519063,59473920,62476288,62476288,22087073792,33104523264,32768,quickpizza/quickpizza-8b95978b5-jgvvs,quickpizza,quickpizza-8b95978b5-jgvvs,quickpizza,flux,Neuronet-ClusterTest,34234.026,0.0,flux,flux-node1,flux-node1.av.it.pt,302,neuronet-k8s-m3,0.284870507568514,34359738368,34359738368,0,0,543526912,4294967296,3751440384,87.34502792358398,running,0,0,0,0,5536065,left,pdu,67.398,67.247,179146.00850898,0.297,14.6,179146.00850898,1.642,0.975,-7.756,1047.56
2025-09-05 23:57:56,quickpizza,quickpizza-8b95978b5-jgvvs,quickpizza,neuronet-k8s-w2,flux,r4,Neuronet-ClusterTest,1490055295000,1343615659,22085091328,33104523264,36507648,0,12131831,63483904,67330048,67330048,22085091328,33104523264,32768,quickpizza/quickpizza-8b95978b5-jgvvs,quickpizza,quickpizza-8b95978b5-jgvvs,quickpizza,flux,Neuronet-ClusterTest,34234.026,0.0,flux,flux-node5,flux-node5.av.it.pt,305,neuronet-k8s-w3,0.422026255361646,34359738368,34359738368,0,0,1442201600,4294967296,2852765696,66.42112731933594,running,0,0,0,0,5493770,right,pdu,71.314,75.481,165594.00786529,0.314,11.1,165594.00786529,1.621,0.989,-6.452,2538.88
2025-09-05 23:58:56,quickpizza,quickpizza-8b95978b5-jgvvs,quickpizza,neuronet-k8s-w2,flux,r4,Neuronet-ClusterTest,1603106470000,1802210091,22089957376,33104523264,33153024,0,13183741,81420288,86409216,86409216,22089957376,33104523264,32768,quickpizza/quickpizza-8b95978b5-jgvvs,quickpizza,quickpizza-8b95978b5-jgvvs,quickpizza,flux,Neuronet-ClusterTest,34234.026,0.0,flux,flux-node5,flux-node5.av.it.pt,303,neuronet-k8s-w1,0.134020079533301,34359738368,34359738368,0,0,569655296,4294967296,3725312000,86.73667907714844,running,0,0,0,0,5493993,right,pdu,73.652,74.384,165595.00786534,0.323,12.4,165595.00786534,1.67,0.99,-6.277,3768.04
2025-09-05 23:59:56,quickpizza,quickpizza-8b95978b5-jgvvs,quickpizza,neuronet-k8s-w2,flux,r4,Neuronet-ClusterTest,1720027161000,1812439229,22080233472,33104523264,31809536,0,14065893,80777216,85430272,85430272,22080233472,33104523264,32768,quickpizza/quickpizza-8b95978b5-jgvvs,quickpizza,quickpizza-8b95978b5-jgvvs,quickpizza,flux,Neuronet-ClusterTest,34234.026,0.0,flux,flux-node3,flux-node3.av.it.pt,185,neuronet-lb,0.0139560690014007,34359738368,34359738368,0,0,257130496,2147483648,1890353152,88.02642822265625,running,0,0,0,0,9287515,left,pdu,66.655,74.431,179150.00850917,0.293,12.8,179150.00850917,1.607,0.989,-7.903,3691.22
2025-09-06 00:00:57,quickpizza,quickpizza-8b95978b5-jgvvs,quickpizza,neuronet-k8s-w2,flux,r4,Neuronet-ClusterTest,1818403251000,1634553187,22082822144,33104523264,39436288,0,14913016,75919360,80572416,80572416,22082822144,33104523264,32768,quickpizza/quickpizza-8b95978b5-jgvvs,quickpizza,quickpizza-8b95978b5-jgvvs,quickpizza,flux,Neuronet-ClusterTest,34234.026,0.0,flux,flux-node5,flux-node5.av.it.pt,305,neuronet-k8s-w3,0.352142799628018,34359738368,34359738368,0,0,1373491200,4294967296,2921476096,68.02091598510742,running,0,0,0,0,5493950,right,pdu,66.941,67.76,165597.00786544,0.294,8.8,165597.00786544,1.583,0.987,-6.44,1577.89
2025-09-06 00:01:57,quickpizza,quickpizza-8b95978b5-jgvvs,quickpizza,neuronet-k8s-w2,flux,r4,Neuronet-ClusterTest,1889137307000,231780406,22089666560,33104523264,41320448,0,15875069,62304256,65253376,65253376,22089666560,33104523264,32768,quickpizza/quickpizza-8b95978b5-jgvvs,quickpizza,quickpizza-8b95978b5-jgvvs,quickpizza,flux,Neuronet-ClusterTest,34234.026,0.0,flux,flux-node5,flux-node5.av.it.pt,304,neuronet-k8s-w2,0.498197692970495,34359738368,34359738368,0,0,504139776,4294967296,3790827520,88.26208114624023,running,0,0,0,0,5494027,right,pdu,98.667,95.784,218380.01037249,0.43,7.6,218380.01037249,1.61,0.997,-0.306,804.22
2025-09-06 00:02:59,quickpizza,quickpizza-8b95978b5-jgvvs,quickpizza,neuronet-k8s-w2,flux,r4,Neuronet-ClusterTest,1935530448000,1383388737,22099529728,33104523264,31952896,0,16547348,67723264,71458816,71458816,22099529728,33104523264,32768,quickpizza/quickpizza-8b95978b5-jgvvs,quickpizza,quickpizza-8b95978b5-jgvvs,quickpizza,flux,Neuronet-ClusterTest,34234.026,0.0,flux,flux-node3,flux-node3.av.it.pt,185,neuronet-lb,0.0,34359738368,34359738368,0,0,257695744,2147483648,1889787904,88.00010681152344,running,0,0,0,0,9287695,,,,,,,,,,,,1574.62
2025-09-06 00:04:00,quickpizza,quickpizza-8b95978b5-jgvvs,quickpizza,neuronet-k8s-w2,flux,r4,Neuronet-ClusterTest,18381408000,2148274691,22109573120,33104523264,22429696,0,0,0,0,39407616,22109573120,33104523264,32768,quickpizza/quickpizza-8b95978b5-jgvvs,quickpizza,quickpizza-8b95978b5-jgvvs,quickpizza,flux,Neuronet-ClusterTest,1472.088,0.0,flux,flux-node4,flux-node4.av.it.pt,182,neuronet-w1,0.179483957247613,64424509440,64424509440,0,0,27606679552,34359738368,6753058816,19.653987884521484,running,0,0,0,0,5492160,right,pdu,91.618,87.929,218383.01037264,0.399,8.6,218383.01037264,1.585,0.997,-1.009,813.45
2025-09-06 00:04:56,quickpizza,quickpizza-8b95978b5-jgvvs,quickpizza,neuronet-k8s-w2,flux,r4,Neuronet-ClusterTest,0,0,22093701120,33104523264,38064128,0,0,0,0,0,22093701120,33104523264,32768,quickpizza/quickpizza-8b95978b5-jgvvs,quickpizza,quickpizza-8b95978b5-jgvvs,quickpizza,flux,Neuronet-ClusterTest,8733.672,121026400.0,flux,flux-node5,flux-node5.av.it.pt,303,neuronet-k8s-w1,0.0813650227407227,34359738368,34359738368,0,0,564342784,4294967296,3730624512,86.86037063598633,running,0,0,0,0,5494352,left,pdu,94.687,96.003,209850.00996734,0.413,9.4,209850.00996734,1.542,0.996,-4.055,5769.72
2025-09-06 00:05:56,quickpizza,quickpizza-8b95978b5-jgvvs,quickpizza,neuronet-k8s-w2,flux,r4,Neuronet-ClusterTest,199774000,1410141,22112579584,33104523264,19746816,0,4768,8945664,9490432,9490432,22112579584,33104523264,32768,quickpizza/quickpizza-8b95978b5-jgvvs,quickpizza,quickpizza-8b95978b5-jgvvs,quickpizza,flux,Neuronet-ClusterTest,8733.672,0.0,flux,flux-node5,flux-node5.av.it.pt,183,neuronet-w2,0.383687027007751,64424509440,64424509440,0,0,1451487232,34359738368,32908251136,95.77561616897584,running,0,0,0,0,9794565,right,pdu,71.354,72.002,165603.00786572,0.312,11.0,165603.00786572,1.591,0.99,-6.273,2569.82
2025-09-06 00:06:56,quickpizza,quickpizza-8b95978b5-jgvvs,quickpizza,neuronet-k8s-w2,flux,r4,Neuronet-ClusterTest,54623008000,196905020,22108966912,33104523264,21704704,0,93504,44916736,47415296,47415296,22108966912,33104523264,32768,quickpizza/quickpizza-8b95978b5-jgvvs,quickpizza,quickpizza-8b95978b5-jgvvs,quickpizza,flux,Neuronet-ClusterTest,8733.672,0.0,flux,flux-node4,flux-node4.av.it.pt,179,neuronet-m1,0.380812391981144,64424509440,64424509440,0,0,352735232,4294967296,3942232064,91.7872428894043,running,0,0,0,0,8837519,left,pdu,95.315,93.673,209853.00996748,0.416,12.1,209853.00996748,1.545,0.995,-5.136,802.39
2025-09-06 00:07:56,quickpizza,quickpizza-8b95978b5-jgvvs,quickpizza,neuronet-k8s-w2,flux,r4,Neuronet-ClusterTest,88008987000,1246826236,22107283456,33104523264,23687168,0,242297,45592576,47894528,47894528,22107283456,33104523264,32768,quickpizza/quickpizza-8b95978b5-jgvvs,quickpizza,quickpizza-8b95978b5-jgvvs,quickpizza,flux,Neuronet-ClusterTest,8733.672,0.0,flux,flux-node5,flux-node5.av.it.pt,305,neuronet-k8s-w3,0.211692061228889,34359738368,34359738368,0,0,1422061568,4294967296,2872905728,66.89004898071289,running,0,0,0,0,5494371,left,pdu,68.694,70.615,179160.00850964,0.304,12.4,179160.00850964,1.636,0.985,-7.684,2759.64
2025-09-06 00:08:56,quickpizza,quickpizza-8b95978b5-jgvvs,quickpizza,neuronet-k8s-w2,flux,r4,Neuronet-ClusterTest,203915744000,2261000070,22096719872,33104523264,34729984,0,792241,129916928,136028160,136028160,22096719872,33104523264,32768,quickpizza/quickpizza-8b95978b5-jgvvs,quickpizza,quickpizza-8b95978b5-jgvvs,quickpizza,flux,Neuronet-ClusterTest,8733.672,0.0,flux,flux-node1,flux-node1.av.it.pt,301,neuronet-k8s-m2,0.292511945682958,34359738368,34359738368,0,0,485023744,4294967296,3809943552,88.70716094970703,running,0,0,0,0,5536806,left,pdu,99.343,99.716,209856.00996763,0.433,10.5,209856.00996763,1.572,0.996,-3.824,1571.98
2025-09-06 00:09:56,quickpizza,quickpizza-8b95978b5-jgvvs,quickpizza,neuronet-k8s-w2,flux,r4,Neuronet-ClusterTest,233570000,0,22117380096,33104523264,13119488,0,0,0,0,7335936,22117380096,33104523264,0,quickpizza/quickpizza-8b95978b5-jgvvs,quickpizza,quickpizza-8b95978b5-jgvvs,quickpizza,flux,Neuronet-ClusterTest,8733.672,0.0,flux,flux-node5,flux-node5.av.it.pt,181,neuronet-m3,0.371173325701858,64424509440,64424509440,0,0,738476032,4294967296,3556491264,82.80601501464844,running,0,0,0,0,9794833,right,pdu,68.838,67.072,165608.00786596,0.301,10.1,165608.00786596,1.573,0.991,-6.265,2346.54
2025-09-06 00:10:56,quickpizza,quickpizza-8b95978b5-jgvvs,quickpizza,neuronet-k8s-w2,flux,r4,Neuronet-ClusterTest,98238266000,1993923778,22106845184,33104523264,23814144,0,234560,69992448,74223616,74223616,22106845184,33104523264,32768,quickpizza/quickpizza-8b95978b5-jgvvs,quickpizza,quickpizza-8b95978b5-jgvvs,quickpizza,flux,Neuronet-ClusterTest,8733.672,0.0,flux,flux-node1,flux-node1.av.it.pt,302,neuronet-k8s-m3,0.258846111494645,34359738368,34359738368,0,0,485371904,4294967296,3809595392,88.69905471801758,running,0,0,0,0,5536904,right,pdu,48.558,46.82,119679.00568445,0.216,14.3,119679.00568445,1.631,0.974,-8.468,2388.49
2025-09-06 00:11:56,quickpizza,quickpizza-8b95978b5-jgvvs,quickpizza,neuronet-k8s-w2,flux,r4,Neuronet-ClusterTest,163772146000,115731088,22104731648,33104523264,25681920,0,757844,54128640,56705024,56705024,22104731648,33104523264,32768,quickpizza/quickpizza-8b95978b5-jgvvs,quickpizza,quickpizza-8b95978b5-jgvvs,quickpizza,flux,Neuronet-ClusterTest,8733.672,0.0,flux,flux-node3,flux-node3.av.it.pt,311,neuronet-5g-core,0.14142813432385,85899345920,85899345920,0,0,8810950656,17179869184,8368918528,48.71351718902588,running,0,0,0,0,1244004,left,pdu,68.472,69.581,179164.00850983,0.302,14.9,179164.00850983,1.703,0.984,-7.951,809.58
2025-09-06 00:12:56,quickpizza,quickpizza-8b95978b5-jgvvs,quickpizza,neuronet-k8s-w2,flux,r4,Neuronet-ClusterTest,200022566000,1305869774,22102757376,33104523264,27660288,0,1108853,58068992,61186048,61186048,22102757376,33104523264,32768,quickpizza/quickpizza-8b95978b5-jgvvs,quickpizza,quickpizza-8b95978b5-jgvvs,quickpizza,flux,Neuronet-ClusterTest,8733.672,0.0,flux,flux-node1,flux-node1.av.it.pt,300,neuronet-k8s-m1,0.322707093129089,34359738368,34359738368,0,0,671031296,4294967296,3623936000,84.37633514404297,running,0,0,0,0,5537220,left,pdu,57.364,57.69,147209.00699205,0.256,16.7,147209.00699205,1.719,0.978,-7.199,4107.58
2025-09-06 00:13:56,quickpizza,quickpizza-8b95978b5-jgvvs,quickpizza,neuronet-k8s-w2,flux,r4,Neuronet-ClusterTest,303650296000,2000276790,22102667264,33104523264,27623424,0,1759055,89812992,94253056,94253056,22102667264,33104523264,32768,quickpizza/quickpizza-8b95978b5-jgvvs,quickpizza,quickpizza-8b95978b5-jgvvs,quickpizza,flux,Neuronet-ClusterTest,8733.672,0.0,flux,flux-node5,flux-node5.av.it.pt,304,neuronet-k8s-w2,0.537805089937795,34359738368,34359738368,0,0,468197376,4294967296,3826769920,89.09893035888672,running,0,0,0,0,5494747,left,pdu,72.376,73.247,179166.00850993,0.319,14.6,179166.00850993,1.582,0.989,-7.768,2323.47
2025-09-06 00:14:56,quickpizza,quickpizza-8b95978b5-jgvvs,quickpizza,neuronet-k8s-w2,flux,r4,Neuronet-ClusterTest,433700792000,2057933894,22103445504,33104523264,28631040,0,2464478,98054144,103878656,103878656,22103445504,33104523264,32768,quickpizza/quickpizza-8b95978b5-jgvvs,quickpizza,quickpizza-8b95978b5-jgvvs,quickpizza,flux,Neuronet-ClusterTest,8733.672,0.0,flux,flux-node5,flux-node5.av.it.pt,183,neuronet-w2,0.663259877811309,64424509440,64424509440,0,0,1418907648,34359738368,32940830720,95.87043523788452,running,0,0,0,0,9795104,left,pdu,72.487,75.926,179167.00850998,0.318,14.1,179167.00850998,1.678,0.99,-7.637,2457.31
2025-09-06 00:15:56,quickpizza,quickpizza-8b95978b5-jgvvs,quickpizza,neuronet-k8s-w2,flux,r4,Neuronet-ClusterTest,557020629000,1663063447,22093787136,33104523264,37203968,0,3355497,69271552,73551872,73551872,22093787136,33104523264,32768,quickpizza/quickpizza-8b95978b5-jgvvs,quickpizza,quickpizza-8b95978b5-jgvvs,quickpizza,flux,Neuronet-ClusterTest,8733.672,0.0,flux,flux-node5,flux-node5.av.it.pt,181,neuronet-m3,0.388872512353458,64424509440,64424509440,0,0,764416000,4294967296,3530551296,82.20205307006836,running,0,0,0,0,9795193,right,pdu,93.546,91.952,218402.01037354,0.407,6.6,218402.01037354,1.593,0.997,-0.377,3527.63
2025-09-06 00:16:56,quickpizza,quickpizza-8b95978b5-jgvvs,quickpizza,neuronet-k8s-w2,flux,r4,Neuronet-ClusterTest,613992016000,448505195,22101790720,33104523264,28323840,0,4064492,57151488,60207104,60207104,22101790720,33104523264,32768,quickpizza/quickpizza-8b95978b5-jgvvs,quickpizza,quickpizza-8b95978b5-jgvvs,quickpizza,flux,Neuronet-ClusterTest,8733.672,0.0,flux,flux-node1,flux-node1.av.it.pt,302,neuronet-k8s-m3,0.308730083175896,34359738368,34359738368,0,0,479850496,4294967296,3815116800,88.82761001586914,running,0,0,0,0,5537264,left,pdu,59.638,61.057,147213.00699224,0.263,13.9,147213.00699224,1.684,0.968,-7.505,964.15
2025-09-06 00:17:56,quickpizza,quickpizza-8b95978b5-jgvvs,quickpizza,neuronet-k8s-w2,flux,r4,Neuronet-ClusterTest,661580827000,1434597360,22100447232,33104523264,30187520,0,4694238,64176128,68153344,68153344,22100447232,33104523264,32768,quickpizza/quickpizza-8b95978b5-jgvvs,quickpizza,quickpizza-8b95978b5-jgvvs,quickpizza,flux,Neuronet-ClusterTest,8733.672,0.0,flux,flux-node1,flux-node1.av.it.pt,300,neuronet-k8s-m1,0.334452950967892,34359738368,34359738368,0,0,673234944,4294967296,3621732352,84.32502746582031,running,0,0,0,0,5537520,left,pdu,60.389,64.293,147214.00699229,0.268,14.3,147214.00699229,1.704,0.984,-7.72,4304.36
2025-09-06 00:18:56,quickpizza,quickpizza-8b95978b5-jgvvs,quickpizza,neuronet-k8s-w2,flux,r4,Neuronet-ClusterTest,757667806000,1799186010,22093193216,33104523264,37871616,0,5546388,77889536,82157568,82157568,22093193216,33104523264,32768,quickpizza/quickpizza-8b95978b5-jgvvs,quickpizza,quickpizza-8b95978b5-jgvvs,quickpizza,flux,Neuronet-ClusterTest,8733.672,0.0,flux,flux-node5,flux-node5.av.it.pt,183,neuronet-w2,0.654586813514814,64424509440,64424509440,0,0,1424220160,34359738368,32935518208,95.8549737930298,running,0,0,0,0,9795345,left,pdu,63.498,64.584,147215.00699234,0.281,14.4,147215.00699234,1.759,0.976,-7.553,1618.85
2025-09-06 00:20:56,quickpizza,quickpizza-8b95978b5-jgvvs,quickpizza,neuronet-k8s-w2,flux,r4,Neuronet-ClusterTest,89412397000,1792623002,22098485248,33104523264,31977472,0,272378,59314176,63586304,63586304,22098485248,33104523264,32768,quickpizza/quickpizza-8b95978b5-jgvvs,quickpizza,quickpizza-8b95978b5-jgvvs,quickpizza,flux,Neuronet-ClusterTest,8733.672,0.0,flux,flux-node5,flux-node5.av.it.pt,305,neuronet-k8s-w3,0.301273620422321,34359738368,34359738368,0,0,1389678592,4294967296,2905288704,67.64402389526367,running,0,0,0,0,5495151,left,pdu,72.559,73.573,179174.00851031,0.319,14.0,179174.00851031,1.601,0.986,-8.046,2988.71
2025-09-06 00:21:56,quickpizza,quickpizza-8b95978b5-jgvvs,quickpizza,neuronet-k8s-w2,flux,r4,Neuronet-ClusterTest,137508014000,305763956,22095982592,33104523264,33820672,0,702049,48029696,50556928,50556928,22095982592,33104523264,32768,quickpizza/quickpizza-8b95978b5-jgvvs,quickpizza,quickpizza-8b95978b5-jgvvs,quickpizza,flux,Neuronet-ClusterTest,8733.672,0.0,flux,flux-node1,flux-node1.av.it.pt,188,neuronet-m2,0.361042694756875,64424509440,64424509440,0,0,829390848,4294967296,3465576448,80.68923950195312,running,0,0,0,0,9795444,left,pdu,102.92,102.48,209876.00996858,0.449,7.9,209876.00996858,1.609,0.992,-3.995,758.28
2025-09-06 00:22:56,quickpizza,quickpizza-8b95978b5-jgvvs,quickpizza,neuronet-k8s-w2,flux,r4,Neuronet-ClusterTest,181437886000,1426048327,22094417920,33104523264,35766272,0,1119400,60870656,64208896,64208896,22094417920,33104523264,32768,quickpizza/quickpizza-8b95978b5-jgvvs,quickpizza,quickpizza-8b95978b5-jgvvs,quickpizza,flux,Neuronet-ClusterTest,8733.672,0.0,flux,flux-node5,flux-node5.av.it.pt,305,neuronet-k8s-w3,0.196444515776761,34359738368,34359738368,0,0,1478156288,4294967296,2816811008,65.58399200439453,running,0,0,0,0,5495270,left,pdu,73.262,71.012,179177.00851045,0.323,12.6,179177.00851045,1.747,0.982,-7.676,4183.66
2025-09-06 00:23:56,quickpizza,quickpizza-8b95978b5-jgvvs,quickpizza,neuronet-k8s-w2,flux,r4,Neuronet-ClusterTest,274962064000,1913800621,22085345280,33104523264,44994560,0,1736386,89456640,94502912,94502912,22085345280,33104523264,32768,quickpizza/quickpizza-8b95978b5-jgvvs,quickpizza,quickpizza-8b95978b5-jgvvs,quickpizza,flux,Neuronet-ClusterTest,8733.672,0.0,flux,flux-node4,flux-node4.av.it.pt,182,neuronet-w1,0.185920903033346,64424509440,64424509440,0,0,27616161792,34359738368,6743576576,19.62639093399048,running,0,0,0,0,5493361,left,pdu,75.29,81.416,179178.0085105,0.332,14.7,179178.0085105,1.585,0.985,-8.026,1751.64
2025-09-06 00:24:56,quickpizza,quickpizza-8b95978b5-jgvvs,quickpizza,neuronet-k8s-w2,flux,r4,Neuronet-ClusterTest,414980033000,1967122775,22083174400,33104523264,47005696,0,2461533,78585856,83181568,83181568,22083174400,33104523264,32768,quickpizza/quickpizza-8b95978b5-jgvvs,quickpizza,quickpizza-8b95978b5-jgvvs,quickpizza,flux,Neuronet-ClusterTest,8733.672,0.0,flux,flux-node3,flux-node3.av.it.pt,311,neuronet-5g-core,0.144258992407258,85899345920,85899345920,0,0,8820105216,17179869184,8359763968,48.66023063659668,running,0,0,0,0,1244785,left,pdu,78.053,77.186,179179.00851055,0.343,17.3,179179.00851055,1.627,0.988,-7.78,1575.41
2025-09-06 00:25:56,quickpizza,quickpizza-8b95978b5-jgvvs,quickpizza,neuronet-k8s-w2,flux,r4,Neuronet-ClusterTest,512187818000,1684365902,22084059136,33104523264,45760512,0,3103911,70115328,74682368,74682368,22084059136,33104523264,32768,quickpizza/quickpizza-8b95978b5-jgvvs,quickpizza,quickpizza-8b95978b5-jgvvs,quickpizza,flux,Neuronet-ClusterTest,8733.672,0.0,flux,flux-node3,flux-node3.av.it.pt,311,neuronet-5g-core,0.112084503073148,85899345920,85899345920,0,0,8810323968,17179869184,8369545216,48.71716499328613,running,0,0,0,0,1244845,right,pdu,90.537,91.475,218418.0103743,0.394,6.3,218418.0103743,1.632,0.997,-0.771,3609.37
2025-09-06 00:26:56,quickpizza,quickpizza-8b95978b5-jgvvs,quickpizza,neuronet-k8s-w2,flux,r4,Neuronet-ClusterTest,587529022000,210354193,22081748992,33104523264,47800320,0,3980754,53481472,56303616,56303616,22081748992,33104523264,32768,quickpizza/quickpizza-8b95978b5-jgvvs,quickpizza,quickpizza-8b95978b5-jgvvs,quickpizza,flux,Neuronet-ClusterTest,8733.672,0.0,flux,flux-node3,flux-node3.av.it.pt,311,neuronet-5g-core,0.15185728777481,85899345920,85899345920,0,0,8824119296,17179869184,8355749888,48.63686561584473,running,0,0,0,0,1244904,left,pdu,64.492,65.017,179182.00851069,0.285,13.8,179182.00851069,1.729,0.981,-8.058,816.69
2025-09-06 00:27:56,quickpizza,quickpizza-8b95978b5-jgvvs,quickpizza,neuronet-k8s-w2,flux,r4,Neuronet-ClusterTest,643578296000,1490013355,22090903552,33104523264,38715392,0,4692942,66437120,69976064,69976064,22090903552,33104523264,32768,quickpizza/quickpizza-8b95978b5-jgvvs,quickpizza,quickpizza-8b95978b5-jgvvs,quickpizza,flux,Neuronet-ClusterTest,8733.672,0.0,flux,flux-node5,flux-node5.av.it.pt,183,neuronet-w2,0.626495253663614,64424509440,64424509440,0,0,1375997952,34359738368,32983740416,95.99531888961792,running,0,0,0,0,9795884,right,pdu,98.182,98.718,218421.01037444,0.427,8.8,218421.01037444,1.554,0.997,-0.425,3878.09
2025-09-06 00:28:56,quickpizza,quickpizza-8b95978b5-jgvvs,quickpizza,neuronet-k8s-w2,flux,r4,Neuronet-ClusterTest,737105372000,1840723937,22082674688,33104523264,46895104,0,5493968,89436160,94568448,94568448,22082674688,33104523264,32768,quickpizza/quickpizza-8b95978b5-jgvvs,quickpizza,quickpizza-8b95978b5-jgvvs,quickpizza,flux,Neuronet-ClusterTest,8733.672,0.0,flux,flux-node1,flux-node1.av.it.pt,302,neuronet-k8s-m3,0.321311497173457,34359738368,34359738368,0,0,464388096,4294967296,3830579200,89.1876220703125,running,0,0,0,0,5537984,right,pdu,70.464,74.427,165630.007867,0.308,11.5,165630.007867,1.58,0.991,-6.201,3330.67
2025-09-06 00:29:56,quickpizza,quickpizza-8b95978b5-jgvvs,quickpizza,neuronet-k8s-w2,flux,r4,Neuronet-ClusterTest,27031144000,1673286226,22108389376,33104523264,21139456,0,43711,147439616,152363008,152363008,22108389376,33104523264,32768,quickpizza/quickpizza-8b95978b5-jgvvs,quickpizza,quickpizza-8b95978b5-jgvvs,quickpizza,flux,Neuronet-ClusterTest,52930.815,41605350.00000006,flux,flux-node3,flux-node3.av.it.pt,306,neuronet-k8s-lb,0.0,34359738368,34359738368,0,0,358666240,2147483648,1788817408,83.29830169677734,running,0,0,0,0,5118038,left,pdu,63.991,63.852,147227.00699291,0.284,16.0,147227.00699291,1.668,0.986,-7.486,5984.94
2025-09-06 00:30:56,quickpizza,quickpizza-8b95978b5-jgvvs,quickpizza,neuronet-k8s-w2,flux,r4,Neuronet-ClusterTest,158024513000,1841178151,22096261120,33104523264,33030144,0,300507,70803456,75804672,75804672,22096261120,33104523264,32768,quickpizza/quickpizza-8b95978b5-jgvvs,quickpizza,quickpizza-8b95978b5-jgvvs,quickpizza,flux,Neuronet-ClusterTest,9821.037,0.0,flux,flux-node1,flux-node1.av.it.pt,301,neuronet-k8s-m2,0.339460334417844,34359738368,34359738368,0,0,458711040,4294967296,3836256256,89.3198013305664,running,0,0,0,0,5538126,right,pdu,74.36,75.831,165631.00786705,0.309,12.3,165631.00786705,1.596,0.991,-6.349,3442.19
2025-09-06 00:31:56,quickpizza,quickpizza-8b95978b5-jgvvs,quickpizza,neuronet-k8s-w2,flux,r4,Neuronet-ClusterTest,211651114000,200869200,22094344192,33104523264,34922496,0,777076,57806848,61337600,61337600,22094344192,33104523264,32768,quickpizza/quickpizza-8b95978b5-jgvvs,quickpizza,quickpizza-8b95978b5-jgvvs,quickpizza,flux,Neuronet-ClusterTest,13166.973,55765599.99999999,flux,flux-node3,flux-node3.av.it.pt,306,neuronet-k8s-lb,0.0157587758900285,34359738368,34359738368,0,0,359362560,2147483648,1788121088,83.26587677001953,running,0,0,0,0,5118158,right,pdu,99.971,98.758,218427.01037473,0.435,8.6,218427.01037473,1.592,0.997,-0.636,820.62
2025-09-06 00:32:56,quickpizza,quickpizza-8b95978b5-jgvvs,quickpizza,neuronet-k8s-w2,flux,r4,Neuronet-ClusterTest,259518127000,1508690531,22093074432,33104523264,36851712,0,1238480,67371008,71335936,71335936,22093074432,33104523264,32768,quickpizza/quickpizza-8b95978b5-jgvvs,quickpizza,quickpizza-8b95978b5-jgvvs,quickpizza,flux,Neuronet-ClusterTest,17540.127,72885900.0,flux,flux-node1,flux-node1.av.it.pt,301,neuronet-k8s-m2,0.30907528887518,34359738368,34359738368,0,0,493416448,4294967296,3801550848,88.51175308227539,running,0,0,0,0,5538246,left,pdu,76.618,69.16,179189.00851102,0.336,14.0,179189.00851102,1.614,0.975,-7.839,4332.81
2025-09-06 00:33:56,quickpizza,quickpizza-8b95978b5-jgvvs,quickpizza,neuronet-k8s-w2,flux,r4,Neuronet-ClusterTest,367353651000,2072463324,22095171584,33104523264,35704832,0,1881954,110309376,116285440,116285440,22095171584,33104523264,32768,quickpizza/quickpizza-8b95978b5-jgvvs,quickpizza,quickpizza-8b95978b5-jgvvs,quickpizza,flux,Neuronet-ClusterTest,24660.441,118671900.0,flux,flux-node4,flux-node4.av.it.pt,182,neuronet-w1,0.181591583880465,64424509440,64424509440,0,0,27636125696,34359738368,6723612672,19.568288326263428,running,0,0,0,0,5493961,left,pdu,71.477,73.843,179190.00851107,0.315,16.9,179190.00851107,1.624,0.988,-7.808,2388.68
2025-09-06 00:34:56,quickpizza,quickpizza-8b95978b5-jgvvs,quickpizza,neuronet-k8s-w2,flux,r4,Neuronet-ClusterTest,477037882000,2131892305,22092144640,33104523264,38772736,0,2427746,113758208,120434688,120434688,22092144640,33104523264,32768,quickpizza/quickpizza-8b95978b5-jgvvs,quickpizza,quickpizza-8b95978b5-jgvvs,quickpizza,flux,Neuronet-ClusterTest,32034.345,122898400.00000004,flux,flux-node1,flux-node1.av.it.pt,302,neuronet-k8s-m3,0.312073900768149,34359738368,34359738368,0,0,476835840,4294967296,3818131456,88.89780044555664,running,0,0,0,0,5538344,left,pdu,74.471,71.839,179192.00851116,0.328,12.0,179192.00851116,1.641,0.981,-8.118,6047.22
2025-09-06 00:35:56,quickpizza,quickpizza-8b95978b5-jgvvs,quickpizza,neuronet-k8s-w2,flux,r4,Neuronet-ClusterTest,589072207000,1755092962,22092173312,33104523264,37588992,0,3101695,77844480,83120128,83120128,22092173312,33104523264,32768,quickpizza/quickpizza-8b95978b5-jgvvs,quickpizza,quickpizza-8b95978b5-jgvvs,quickpizza,flux,Neuronet-ClusterTest,39002.103,116129300.00000004,flux,flux-node3,flux-node3.av.it.pt,185,neuronet-lb,0.0161106538092943,34359738368,34359738368,0,0,251514880,2147483648,1895968768,88.28792572021484,running,0,0,0,0,9289675,left,pdu,63.904,64.007,147233.00699319,0.286,13.8,147233.00699319,1.661,0.982,-7.581,3791.99
2025-09-06 00:36:56,quickpizza,quickpizza-8b95978b5-jgvvs,quickpizza,neuronet-k8s-w2,flux,r4,Neuronet-ClusterTest,669018309000,122690130,22089375744,33104523264,39579648,0,4033131,59707392,62914560,62914560,22089375744,33104523264,32768,quickpizza/quickpizza-8b95978b5-jgvvs,quickpizza,quickpizza-8b95978b5-jgvvs,quickpizza,flux,Neuronet-ClusterTest,42958.047,0.0,flux,flux-node3,flux-node3.av.it.pt,185,neuronet-lb,0.0115902932112305,34359738368,34359738368,0,0,253202432,2147483648,1894281216,88.20934295654297,running,0,0,0,0,9289736,right,pdu,65.709,68.925,165638.00786738,0.287,10.6,165638.00786738,1.545,0.991,-6.368,754.07
2025-09-06 00:37:56,quickpizza,quickpizza-8b95978b5-jgvvs,quickpizza,neuronet-k8s-w2,flux,r4,Neuronet-ClusterTest,716328314000,1425373206,22087831552,33104523264,30453760,0,4693931,70193152,74104832,74104832,22087831552,33104523264,32768,quickpizza/quickpizza-8b95978b5-jgvvs,quickpizza,quickpizza-8b95978b5-jgvvs,quickpizza,flux,Neuronet-ClusterTest,47763.54,80091550.00000004,flux,flux-node3,flux-node3.av.it.pt,185,neuronet-lb,0.0128556025362295,34359738368,34359738368,0,0,254189568,2147483648,1893294080,88.16337585449219,running,0,0,0,0,9289795,right,pdu,50.756,48.164,119703.00568559,0.226,15.1,119703.00568559,1.728,0.977,-8.376,4172.76
2025-09-06 00:38:56,quickpizza,quickpizza-8b95978b5-jgvvs,quickpizza,neuronet-k8s-w2,flux,r4,Neuronet-ClusterTest,822939265000,1862775975,22090956800,33104523264,38690816,0,5586406,86732800,91701248,91701248,22090956800,33104523264,32768,quickpizza/quickpizza-8b95978b5-jgvvs,quickpizza,quickpizza-8b95978b5-jgvvs,quickpizza,flux,Neuronet-ClusterTest,54693.729,115503149.99999996,flux,flux-node3,flux-node3.av.it.pt,311,neuronet-5g-core,0.155405403643468,85899345920,85899345920,0,0,8837398528,17179869184,8342470656,48.5595703125,running,0,0,0,0,1245624,right,pdu,63.844,68.4,165641.00786753,0.28,11.1,165641.00786753,1.576,0.989,-6.309,3847.51
2025-09-06 00:39:56,quickpizza,quickpizza-8b95978b5-jgvvs,quickpizza,neuronet-k8s-w2,flux,r4,Neuronet-ClusterTest,932016721000,1941008258,22091124736,33104523264,38445056,0,6246384,91303936,96473088,96473088,22091124736,33104523264,32768,quickpizza/quickpizza-8b95978b5-jgvvs,quickpizza,quickpizza-8b95978b5-jgvvs,quickpizza,flux,Neuronet-ClusterTest,61889.4,119927850.00000004,flux,flux-node3,flux-node3.av.it.pt,185,neuronet-lb,0.007024505272184,34359738368,34359738368,0,0,251150336,2147483648,1896333312,88.30490112304688,running,0,0,0,0,9289915,left,pdu,68.643,66.142,179198.00851145,0.303,14.3,179198.00851145,1.676,0.978,-7.883,4469.14
2025-09-06 00:40:56,quickpizza,quickpizza-8b95978b5-jgvvs,quickpizza,neuronet-k8s-w2,flux,r4,Neuronet-ClusterTest,1038377471000,1662901832,22094528512,33104523264,34553856,0,7045768,78602240,83193856,83193856,22094528512,33104523264,32768,quickpizza/quickpizza-8b95978b5-jgvvs,quickpizza,quickpizza-8b95978b5-jgvvs,quickpizza,flux,Neuronet-ClusterTest,68601.234,111863899.99999993,flux,flux-node3,flux-node3.av.it.pt,185,neuronet-lb,0.0117043533827007,34359738368,34359738368,0,0,252239872,2147483648,1895243776,88.25416564941406,running,0,0,0,0,9289975,left,pdu,74.96,71.879,179199.0085115,0.331,14.2,179199.0085115,1.746,0.984,-7.7,2561.34
2025-09-06 00:41:56,quickpizza,quickpizza-8b95978b5-jgvvs,quickpizza,neuronet-k8s-w2,flux,r4,Neuronet-ClusterTest,1115503513000,122474060,22092095488,33104523264,36548608,0,8030285,62468096,65683456,65683456,22092095488,33104523264,32768,quickpizza/quickpizza-8b95978b5-jgvvs,quickpizza,quickpizza-8b95978b5-jgvvs,quickpizza,flux,Neuronet-ClusterTest,72792.513,68709491.80327885,flux,flux-node4,flux-node4.av.it.pt,182,neuronet-w1,0.180175571741849,64424509440,64424509440,0,0,27626377216,34359738368,6733361152,19.596660137176517,running,0,0,0,0,5494440,left,pdu,70.575,71.378,179200.00851154,0.311,16.9,179200.00851154,1.651,0.988,-8.042,813.41
2025-09-06 00:42:56,quickpizza,quickpizza-8b95978b5-jgvvs,quickpizza,neuronet-k8s-w2,flux,r4,Neuronet-ClusterTest,1164136661000,1433352281,22090452992,33104523264,38391808,0,8735852,71077888,75300864,75300864,22090452992,33104523264,32768,quickpizza/quickpizza-8b95978b5-jgvvs,quickpizza,quickpizza-8b95978b5-jgvvs,quickpizza,flux,Neuronet-ClusterTest,77690.25,83012491.52542363,flux,flux-node3,flux-node3.av.it.pt,185,neuronet-lb,0.0,34359738368,34359738368,0,0,252477440,2147483648,1895006208,88.24310302734375,running,0,0,0,0,9290095,left,pdu,64.675,66.003,147241.00699357,0.286,13.8,147241.00699357,1.653,0.98,-7.502,4617.72
2025-09-06 00:43:56,quickpizza,quickpizza-8b95978b5-jgvvs,quickpizza,neuronet-k8s-w2,flux,r4,Neuronet-ClusterTest,1266797979000,1763073093,22093750272,33104523264,35196928,0,9682431,86249472,91381760,91381760,22093750272,33104523264,32768,quickpizza/quickpizza-8b95978b5-jgvvs,quickpizza,quickpizza-8b95978b5-jgvvs,quickpizza,flux,Neuronet-ClusterTest,84473.4,111199180.32786876,flux,flux-node4,flux-node4.av.it.pt,182,neuronet-w1,0.181889560395607,64424509440,64424509440,0,0,27637563392,34359738368,6722174976,19.564104080200195,running,0,0,0,0,5494560,right,pdu,90.493,94.087,218445.01037558,0.394,8.3,218445.01037558,1.611,0.997,-0.719,4181.82
2025-09-06 00:44:56,quickpizza,quickpizza-8b95978b5-jgvvs,quickpizza,neuronet-k8s-w2,flux,r4,Neuronet-ClusterTest,211215000,0,22111981568,33104523264,16461824,0,0,0,0,6918144,22111981568,33104523264,32768,quickpizza/quickpizza-8b95978b5-jgvvs,quickpizza,quickpizza-8b95978b5-jgvvs,quickpizza,flux,Neuronet-ClusterTest,89974.689,93242186.44067805,flux,flux-node4,flux-node4.av.it.pt,182,neuronet-w1,0.183465685421836,64424509440,64424509440,0,0,27660947456,34359738368,6698790912,19.49604749679565,running,0,0,0,0,5494621,left,pdu,61.184,62.795,147243.00699367,0.272,15.5,147243.00699367,1.753,0.979,-7.319,4011.82
2025-09-06 00:45:56,quickpizza,quickpizza-8b95978b5-jgvvs,quickpizza,neuronet-k8s-w2,flux,r4,Neuronet-ClusterTest,90677498000,1949522781,22101041152,33104523264,27541504,0,155003,64929792,69476352,69476352,22101041152,33104523264,32768,quickpizza/quickpizza-8b95978b5-jgvvs,quickpizza,quickpizza-8b95978b5-jgvvs,quickpizza,flux,Neuronet-ClusterTest,89974.689,0.0,flux,flux-node3,flux-node3.av.it.pt,311,neuronet-5g-core,0.15882207344118,85899345920,85899345920,0,0,8823091200,17179869184,8356777984,48.642849922180176,running,0,0,0,0,1246044,right,pdu,88.891,97.852,218449.01037577,0.387,7.4,218449.01037577,1.569,0.997,-0.576,2099.27
2025-09-06 00:46:56,quickpizza,quickpizza-8b95978b5-jgvvs,quickpizza,neuronet-k8s-w2,flux,r4,Neuronet-ClusterTest,165822956000,60634457,22099021824,33104523264,29388800,0,720151,52928512,55767040,55767040,22099021824,33104523264,32768,quickpizza/quickpizza-8b95978b5-jgvvs,quickpizza,quickpizza-8b95978b5-jgvvs,quickpizza,flux,Neuronet-ClusterTest,89974.689,0.0,flux,flux-node1,flux-node1.av.it.pt,301,neuronet-k8s-m2,0.291413605682849,34359738368,34359738368,0,0,466911232,4294967296,3828056064,89.12887573242188,running,0,0,0,0,5539086,left,pdu,62.743,62.584,179206.00851183,0.277,16.2,179206.00851183,1.636,0.977,-7.8,806.12
2025-09-06 00:47:56,quickpizza,quickpizza-8b95978b5-jgvvs,quickpizza,neuronet-k8s-w2,flux,r4,Neuronet-ClusterTest,195994775000,1152580064,22096977920,33104523264,31383552,0,991324,54083584,57229312,57229312,22096977920,33104523264,32768,quickpizza/quickpizza-8b95978b5-jgvvs,quickpizza,quickpizza-8b95978b5-jgvvs,quickpizza,flux,Neuronet-ClusterTest,89974.689,0.0,flux,flux-node5,flux-node5.av.it.pt,304,neuronet-k8s-w2,0.447673978551111,34359738368,34359738368,0,0,503300096,4294967296,3791667200,88.28163146972656,running,0,0,0,0,5496788,right,pdu,69.37,74.98,165651.007868,0.303,12.9,165651.007868,1.571,0.992,-6.015,2749.18
2025-09-06 00:48:56,quickpizza,quickpizza-8b95978b5-jgvvs,quickpizza,neuronet-k8s-w2,flux,r4,Neuronet-ClusterTest,323525156000,2109828384,22089818112,33104523264,30085120,0,1831271,91017216,95916032,95916032,22089818112,33104523264,32768,quickpizza/quickpizza-8b95978b5-jgvvs,quickpizza,quickpizza-8b95978b5-jgvvs,quickpizza,flux,Neuronet-ClusterTest,89974.689,0.0,flux,flux-node3,flux-node3.av.it.pt,306,neuronet-k8s-lb,0.014976112286891,34359738368,34359738368,0,0,358572032,2147483648,1788911616,83.30268859863281,running,0,0,0,0,5119178,right,pdu,91.964,87.269,218453.01037596,0.4,9.1,218453.01037596,1.572,0.997,-0.751,2362.3
2025-09-06 00:49:56,quickpizza,quickpizza-8b95978b5-jgvvs,quickpizza,neuronet-k8s-w2,flux,r4,Neuronet-ClusterTest,441052777000,2085817996,22087671808,33104523264,31977472,0,2394733,103919616,109629440,109629440,22087671808,33104523264,32768,quickpizza/quickpizza-8b95978b5-jgvvs,quickpizza,quickpizza-8b95978b5-jgvvs,quickpizza,flux,Neuronet-ClusterTest,89974.689,0.0,flux,flux-node3,flux-node3.av.it.pt,306,neuronet-k8s-lb,0.0251763221390039,34359738368,34359738368,0,0,358739968,2147483648,1788743680,83.29486846923828,running,0,0,0,0,5119240,right,pdu,68.325,67.943,165654.00786814,0.299,9.5,165654.00786814,1.583,0.991,-6.245,1950.18
2025-09-06 00:50:56,quickpizza,quickpizza-8b95978b5-jgvvs,quickpizza,neuronet-k8s-w2,flux,r4,Neuronet-ClusterTest,553366949000,1667603885,22088052736,33104523264,41046016,0,3127160,72384512,77012992,77012992,22088052736,33104523264,32768,quickpizza/quickpizza-8b95978b5-jgvvs,quickpizza,quickpizza-8b95978b5-jgvvs,quickpizza,flux,Neuronet-ClusterTest,89974.689,0.0,flux,flux-node1,flux-node1.av.it.pt,302,neuronet-k8s-m3,0.312016966097265,34359738368,34359738368,0,0,486715392,4294967296,3808251904,88.66777420043945,running,0,0,0,0,5539306,left,pdu,70.603,73.342,179211.00851207,0.31,13.7,179211.00851207,1.737,0.985,-7.565,4256.76
2025-09-06 00:51:56,quickpizza,quickpizza-8b95978b5-jgvvs,quickpizza,neuronet-k8s-w2,flux,r4,Neuronet-ClusterTest,620290961000,333111555,22096666624,33104523264,31440896,0,3957698,56307712,59674624,59674624,22096666624,33104523264,32768,quickpizza/quickpizza-8b95978b5-jgvvs,quickpizza,quickpizza-8b95978b5-jgvvs,quickpizza,flux,Neuronet-ClusterTest,89974.689,0.0,flux,flux-node4,flux-node4.av.it.pt,182,neuronet-w1,0.180667757559149,64424509440,64424509440,0,0,27656040448,34359738368,6703697920,19.51032876968384,running,0,0,0,0,5495040,left,pdu,62.083,62.747,147250.006994,0.275,16.3,147250.006994,1.702,0.987,-7.569,806.75
2025-09-06 00:52:56,quickpizza,quickpizza-8b95978b5-jgvvs,quickpizza,neuronet-k8s-w2,flux,r4,Neuronet-ClusterTest,661730488000,1374483253,22095273984,33104523264,33423360,0,4507217,65748992,69345280,69345280,22095273984,33104523264,32768,quickpizza/quickpizza-8b95978b5-jgvvs,quickpizza,quickpizza-8b95978b5-jgvvs,quickpizza,flux,Neuronet-ClusterTest,89974.689,0.0,flux,flux-node4,flux-node4.av.it.pt,179,neuronet-m1,0.395203768364191,64424509440,64424509440,0,0,391180288,4294967296,3903787008,90.8921241760254,running,0,0,0,0,8840278,left,pdu,74.002,67.728,179214.00851221,0.325,14.4,179214.00851221,1.666,0.98,-7.955,3215.85
2025-09-06 00:53:56,quickpizza,quickpizza-8b95978b5-jgvvs,quickpizza,neuronet-k8s-w2,flux,r4,Neuronet-ClusterTest,774415592000,1955216853,22087262208,33104523264,31473664,0,5467358,97124352,102825984,102825984,22087262208,33104523264,32768,quickpizza/quickpizza-8b95978b5-jgvvs,quickpizza,quickpizza-8b95978b5-jgvvs,quickpizza,flux,Neuronet-ClusterTest,89974.689,0.0,flux,flux-node1,flux-node1.av.it.pt,188,neuronet-m2,0.316983582479039,64424509440,64424509440,0,0,697851904,4294967296,3597115392,83.75186920166016,running,0,0,0,0,9797363,right,pdu,90.274,92.584,218461.01037634,0.393,8.9,218461.01037634,1.599,0.997,-0.679,1597.9
2025-09-06 00:54:56,quickpizza,quickpizza-8b95978b5-jgvvs,quickpizza,neuronet-k8s-w2,flux,r4,Neuronet-ClusterTest,890739726000,1944280377,22086488064,33104523264,31027200,0,6140315,87478272,92643328,92643328,22086488064,33104523264,32768,quickpizza/quickpizza-8b95978b5-jgvvs,quickpizza,quickpizza-8b95978b5-jgvvs,quickpizza,flux,Neuronet-ClusterTest,89974.689,0.0,flux,flux-node1,flux-node1.av.it.pt,188,neuronet-m2,0.300604231607906,64424509440,64424509440,0,0,811438080,4294967296,3483529216,81.10723495483398,running,0,0,0,0,9797426,left,pdu,63.228,60.521,147253.00699414,0.283,13.4,147253.00699414,1.708,0.982,-7.271,3091.59
2025-09-06 00:55:56,quickpizza,quickpizza-8b95978b5-jgvvs,quickpizza,neuronet-k8s-w2,flux,r4,Neuronet-ClusterTest,989376933000,1656055966,22089797632,33104523264,38551552,0,6888220,77365248,82530304,82530304,22089797632,33104523264,32768,quickpizza/quickpizza-8b95978b5-jgvvs,quickpizza,quickpizza-8b95978b5-jgvvs,quickpizza,flux,Neuronet-ClusterTest,89974.689,0.0,flux,flux-node3,flux-node3.av.it.pt,306,neuronet-k8s-lb,0.0137067393292777,34359738368,34359738368,0,0,355696640,2147483648,1791787008,83.43658447265625,running,0,0,0,0,5119598,left,pdu,71.199,74.36,179217.00851235,0.313,13.3,179217.00851235,1.733,0.984,-7.772,4454.33
2025-09-06 00:56:56,quickpizza,quickpizza-8b95978b5-jgvvs,quickpizza,neuronet-k8s-w2,flux,r4,Neuronet-ClusterTest,1066313320000,124087297,22087286784,33104523264,40554496,0,7868356,57757696,60768256,60768256,22087286784,33104523264,32768,quickpizza/quickpizza-8b95978b5-jgvvs,quickpizza,quickpizza-8b95978b5-jgvvs,quickpizza,flux,Neuronet-ClusterTest,89974.689,0.0,flux,flux-node1,flux-node1.av.it.pt,302,neuronet-k8s-m3,0.315840916735031,34359738368,34359738368,0,0,475148288,4294967296,3819819008,88.93709182739258,running,0,0,0,0,5539664,left,pdu,58.0,59.173,147255.00699424,0.257,15.8,147255.00699424,1.665,0.98,-7.179,1052.29
2025-09-06 00:57:56,quickpizza,quickpizza-8b95978b5-jgvvs,quickpizza,neuronet-k8s-w2,flux,r4,Neuronet-ClusterTest,1104249410000,1325944052,22097137664,33104523264,30994432,0,8426534,63987712,67506176,67506176,22097137664,33104523264,32768,quickpizza/quickpizza-8b95978b5-jgvvs,quickpizza,quickpizza-8b95978b5-jgvvs,quickpizza,flux,Neuronet-ClusterTest,89974.689,0.0,flux,flux-node5,flux-node5.av.it.pt,181,neuronet-m3,0.359202671209538,64424509440,64424509440,0,0,605732864,4294967296,3689234432,85.89668273925781,running,0,0,0,0,9797713,right,pdu,90.246,94.373,218467.01037663,0.393,7.3,218467.01037663,1.573,0.997,-1.017,3249.45
2025-09-06 00:58:56,quickpizza,quickpizza-8b95978b5-jgvvs,quickpizza,neuronet-k8s-w2,flux,r4,Neuronet-ClusterTest,238141000,0,22107127808,33104523264,20586496,0,0,0,0,6918144,22107127808,33104523264,32768,quickpizza/quickpizza-8b95978b5-jgvvs,,,,,,,,flux,flux-node4,flux-node4.av.it.pt,179,neuronet-m1,0.304406019457639,64424509440,64424509440,0,0,572493824,4294967296,3722473472,86.67058944702148,running,0,0,0,0,8840638,left,pdu,63.832,63.323,179221.00851254,0.282,13.1,179221.00851254,1.607,0.985,-7.728,1787.57
2025-09-06 00:59:56,quickpizza,quickpizza-8b95978b5-jgvvs,quickpizza,neuronet-k8s-w2,flux,r4,Neuronet-ClusterTest,126776889000,2489470382,22091411456,33104523264,37060608,0,61163,148459520,155267072,155267072,22091411456,33104523264,32768,quickpizza/quickpizza-8b95978b5-jgvvs,quickpizza,quickpizza-8b95978b5-jgvvs,quickpizza,flux,Neuronet-ClusterTest,7847.292,130407800.0,flux,flux-node4,flux-node4.av.it.pt,182,neuronet-w1,0.187163052252101,64424509440,64424509440,0,0,27649662976,34359738368,6710075392,19.52888965606689,running,0,0,0,0,5495522,left,pdu,68.46,68.492,147259.00699443,0.302,14.4,147259.00699443,1.753,0.985,-7.374,1620.29
2025-09-06 01:00:56,quickpizza,quickpizza-8b95978b5-jgvvs,quickpizza,neuronet-k8s-w2,flux,r4,Neuronet-ClusterTest,261008469000,1854699714,22090469376,33104523264,37412864,0,318266,73199616,78249984,78249984,22090469376,33104523264,32768,quickpizza/quickpizza-8b95978b5-jgvvs,quickpizza,quickpizza-8b95978b5-jgvvs,quickpizza,flux,Neuronet-ClusterTest,15157.152,121831000.0,flux,flux-node5,flux-node5.av.it.pt,304,neuronet-k8s-w2,0.832800427687184,34359738368,34359738368,0,0,444391424,4294967296,3850575872,89.65320587158203,running,0,0,0,0,5497567,left,pdu,78.021,82.883,183440.00871293,0.342,10.0,183440.00871293,1.672,0.992,-4.719,2250.96
2025-09-06 01:01:56,quickpizza,quickpizza-8b95978b5-jgvvs,quickpizza,neuronet-k8s-w2,flux,r4,Neuronet-ClusterTest,310522594000,331417432,22088302592,33104523264,39260160,0,770206,58748928,62046208,62046208,22088302592,33104523264,32768,quickpizza/quickpizza-8b95978b5-jgvvs,quickpizza,quickpizza-8b95978b5-jgvvs,quickpizza,flux,Neuronet-ClusterTest,18416.385,0.0,flux,flux-node4,flux-node4.av.it.pt,182,neuronet-w1,0.17893465572068,64424509440,64424509440,0,0,27625283584,34359738368,6734454784,19.59984302520752,running,0,0,0,0,5495641,right,pdu,67.585,68.412,165668.00786881,0.316,13.3,165668.00786881,1.586,0.987,-6.19,805.11
2025-09-06 01:02:57,quickpizza,quickpizza-8b95978b5-jgvvs,quickpizza,neuronet-k8s-w2,flux,r4,Neuronet-ClusterTest,354032075000,1449440440,22086451200,33104523264,41238528,0,1202524,67383296,71610368,71610368,22086451200,33104523264,32768,quickpizza/quickpizza-8b95978b5-jgvvs,quickpizza,quickpizza-8b95978b5-jgvvs,quickpizza,flux,Neuronet-ClusterTest,22704.372,71466450.00000003,flux,flux-node1,flux-node1.av.it.pt,188,neuronet-m2,0.301994522204727,64424509440,64424509440,0,0,727519232,4294967296,3567448064,83.06112289428711,running,0,0,0,0,9797904,right,pdu,66.082,58.453,119725.00568663,0.29,15.4,119725.00568663,1.617,0.986,-6.77,2610.18
2025-09-06 01:03:56,quickpizza,quickpizza-8b95978b5-jgvvs,quickpizza,neuronet-k8s-w2,flux,r4,Neuronet-ClusterTest,471123295000,1973062536,22087237632,33104523264,40345600,0,1981866,89763840,95522816,95522816,22087237632,33104523264,32768,quickpizza/quickpizza-8b95978b5-jgvvs,quickpizza,quickpizza-8b95978b5-jgvvs,quickpizza,flux,Neuronet-ClusterTest,29742.078,117295100.00000004,flux,flux-node1,flux-node1.av.it.pt,302,neuronet-k8s-m3,0.317098331722081,34359738368,34359738368,0,0,434929664,4294967296,3860037632,89.87350463867188,running,0,0,0,0,5540084,left,pdu,71.127,76.204,179226.00851278,0.313,12.9,179226.00851278,1.681,0.985,-7.911,2460.92
2025-09-06 01:04:56,quickpizza,quickpizza-8b95978b5-jgvvs,quickpizza,neuronet-k8s-w2,flux,r4,Neuronet-ClusterTest,565366165000,2002393078,22085668864,33104523264,41758720,0,2495408,99577856,105578496,105578496,22085668864,33104523264,32768,quickpizza/quickpizza-8b95978b5-jgvvs,quickpizza,quickpizza-8b95978b5-jgvvs,quickpizza,flux,Neuronet-ClusterTest,37042.941,121681049.99999996,flux,flux-node4,flux-node4.av.it.pt,182,neuronet-w1,0.177352085375904,64424509440,64424509440,0,0,27643224064,34359738368,6716514304,19.54762935638428,running,0,0,0,0,5495821,left,pdu,73.406,66.643,179227.00851283,0.323,13.8,179227.00851283,1.785,0.979,-7.768,2388.21
2025-09-06 01:05:56,quickpizza,quickpizza-8b95978b5-jgvvs,quickpizza,neuronet-k8s-w2,flux,r4,Neuronet-ClusterTest,696859021000,1672115114,22088966144,33104523264,39317504,0,3453687,74575872,79876096,79876096,22088966144,33104523264,32768,quickpizza/quickpizza-8b95978b5-jgvvs,quickpizza,quickpizza-8b95978b5-jgvvs,quickpizza,flux,Neuronet-ClusterTest,43874.1,0.0,flux,flux-node3,flux-node3.av.it.pt,185,neuronet-lb,0.020630489324937,34359738368,34359738368,0,0,248823808,2147483648,1898659840,88.41323852539062,running,0,0,0,0,9291475,right,pdu,68.11,68.857,165673.00786905,0.299,10.3,165673.00786905,1.564,0.989,-6.309,5024.07
2025-09-06 01:06:56,quickpizza,quickpizza-8b95978b5-jgvvs,quickpizza,neuronet-k8s-w2,flux,r4,Neuronet-ClusterTest,757717194000,311220681,22085992448,33104523264,41271296,0,4226317,58298368,61571072,61571072,22085992448,33104523264,32768,quickpizza/quickpizza-8b95978b5-jgvvs,quickpizza,quickpizza-8b95978b5-jgvvs,quickpizza,flux,Neuronet-ClusterTest,47871.45,66622499.99999997,flux,flux-node3,flux-node3.av.it.pt,185,neuronet-lb,0.0113313002949122,34359738368,34359738368,0,0,251228160,2147483648,1896255488,88.30127716064453,running,0,0,0,0,9291535,left,pdu,71.533,74.312,179230.00851297,0.317,15.4,179230.00851297,1.621,0.98,-7.557,819.24
2025-09-06 01:07:56,quickpizza,quickpizza-8b95978b5-jgvvs,quickpizza,neuronet-k8s-w2,flux,r4,Neuronet-ClusterTest,809070205000,1489150411,22084747264,33104523264,43233280,0,4920604,71700480,75657216,75657216,22084747264,33104523264,32768,quickpizza/quickpizza-8b95978b5-jgvvs,quickpizza,quickpizza-8b95978b5-jgvvs,quickpizza,flux,Neuronet-ClusterTest,52641.528,79501300.00000003,flux,flux-node3,flux-node3.av.it.pt,306,neuronet-k8s-lb,0.0151662982553712,34359738368,34359738368,0,0,356347904,2147483648,1791135744,83.40625762939453,running,0,0,0,0,5120318,left,pdu,73.672,74.622,179231.00851302,0.324,17.6,179231.00851302,1.65,0.987,-7.752,3790.49
2025-09-06 01:08:56,quickpizza,quickpizza-8b95978b5-jgvvs,quickpizza,neuronet-k8s-w2,flux,r4,Neuronet-ClusterTest,887416141000,1742192740,22089035776,33104523264,39284736,0,5643451,88256512,93364224,93364224,22089035776,33104523264,32768,quickpizza/quickpizza-8b95978b5-jgvvs,quickpizza,quickpizza-8b95978b5-jgvvs,quickpizza,flux,Neuronet-ClusterTest,59443.416,113364800.0,flux,flux-node5,flux-node5.av.it.pt,184,neuronet-w3,0.354665399570632,64424509440,64424509440,0,0,7246315520,34359738368,27113422848,78.91044616699219,running,0,0,0,0,9798330,left,pdu,71.374,81.945,179232.00851306,0.315,17.0,179232.00851306,1.632,0.99,-7.871,2032.26
2025-09-06 01:09:56,quickpizza,quickpizza-8b95978b5-jgvvs,quickpizza,neuronet-k8s-w2,flux,r4,Neuronet-ClusterTest,1035141344000,1921858940,22089023488,33104523264,39280640,0,6580044,90087424,95510528,95510528,22089023488,33104523264,32768,quickpizza/quickpizza-8b95978b5-jgvvs,quickpizza,quickpizza-8b95978b5-jgvvs,quickpizza,flux,Neuronet-ClusterTest,66569.988,0.0,flux,flux-node4,flux-node4.av.it.pt,179,neuronet-m1,0.359456956158839,64424509440,64424509440,0,0,568926208,4294967296,3726041088,86.75365447998047,running,0,0,0,0,8841299,left,pdu,79.198,77.473,179234.00851316,0.348,13.5,179234.00851316,1.65,0.99,-7.883,4060.38
2025-09-06 01:10:56,quickpizza,quickpizza-8b95978b5-jgvvs,quickpizza,neuronet-k8s-w2,flux,r4,Neuronet-ClusterTest,1132559171000,1650643766,22092025856,33104523264,35692544,0,7330485,78196736,82587648,82587648,22092025856,33104523264,32768,quickpizza/quickpizza-8b95978b5-jgvvs,quickpizza,quickpizza-8b95978b5-jgvvs,quickpizza,flux,Neuronet-ClusterTest,73273.113,111718750.0,flux,flux-node3,flux-node3.av.it.pt,306,neuronet-k8s-lb,0.0158266636389412,34359738368,34359738368,0,0,356564992,2147483648,1790918656,83.39614868164062,running,0,0,0,0,5120498,left,pdu,65.979,66.758,147270.00699495,0.29,12.2,147270.00699495,1.684,0.988,-7.597,4336.79
2025-09-06 01:11:56,quickpizza,quickpizza-8b95978b5-jgvvs,quickpizza,neuronet-k8s-w2,flux,r4,Neuronet-ClusterTest,1199284504000,123811491,22089400320,33104523264,37621760,0,8188075,60305408,63479808,63479808,22089400320,33104523264,32768,quickpizza/quickpizza-8b95978b5-jgvvs,quickpizza,quickpizza-8b95978b5-jgvvs,quickpizza,flux,Neuronet-ClusterTest,77476.104,70049850.00000015,flux,flux-node1,flux-node1.av.it.pt,188,neuronet-m2,0.292272205867533,64424509440,64424509440,0,0,868536320,4294967296,3426430976,79.77781295776367,running,0,0,0,0,9798444,right,pdu,64.969,65.669,165680.00786938,0.285,9.6,165680.00786938,1.621,0.989,-6.094,1045.46
2025-09-06 01:12:56,quickpizza,quickpizza-8b95978b5-jgvvs,quickpizza,neuronet-k8s-w2,flux,r4,Neuronet-ClusterTest,1249706059000,1428606538,22087835648,33104523264,39505920,0,8896757,65421312,69488640,69488640,22087835648,33104523264,32768,quickpizza/quickpizza-8b95978b5-jgvvs,quickpizza,quickpizza-8b95978b5-jgvvs,quickpizza,flux,Neuronet-ClusterTest,82451.256,82919199.99999979,flux,flux-node5,flux-node5.av.it.pt,184,neuronet-w3,0.353585378675906,64424509440,64424509440,0,0,7241236480,34359738368,27118501888,78.92522811889648,running,0,0,0,0,9798570,left,pdu,60.902,64.981,147272.00699504,0.27,17.0,147272.00699504,1.763,0.984,-7.02,4043.93
2025-09-06 01:13:56,quickpizza,quickpizza-8b95978b5-jgvvs,quickpizza,neuronet-k8s-w2,flux,r4,Neuronet-ClusterTest,1343593714000,1781876402,22091571200,33104523264,36085760,0,9767804,94707712,100478976,100478976,22091571200,33104523264,32768,quickpizza/quickpizza-8b95978b5-jgvvs,quickpizza,quickpizza-8b95978b5-jgvvs,quickpizza,flux,Neuronet-ClusterTest,89178.186,112115500.00000012,flux,flux-node1,flux-node1.av.it.pt,300,neuronet-k8s-m1,0.315453898939365,34359738368,34359738368,0,0,650215424,4294967296,3644751872,84.86099243164062,running,0,0,0,0,5540881,right,pdu,69.331,71.386,165682.00786947,0.304,11.5,165682.00786947,1.591,0.991,-6.205,2780.3
2025-09-06 01:14:56,quickpizza,quickpizza-8b95978b5-jgvvs,quickpizza,neuronet-k8s-w2,flux,r4,Neuronet-ClusterTest,1476512735000,1846749443,22092701696,33104523264,34598912,0,10695806,92725248,98680832,98680832,22092701696,33104523264,32768,quickpizza/quickpizza-8b95978b5-jgvvs,quickpizza,quickpizza-8b95978b5-jgvvs,quickpizza,flux,Neuronet-ClusterTest,96263.217,118083850.00000004,flux,flux-node4,flux-node4.av.it.pt,182,neuronet-w1,0.181543327113217,64424509440,64424509440,0,0,27638927360,34359738368,6720811008,19.560134410858154,running,0,0,0,0,5496421,right,pdu,76.363,74.348,165683.00786952,0.334,10.8,165683.00786952,1.618,0.991,-6.17,3155.28
2025-09-06 01:15:56,quickpizza,quickpizza-8b95978b5-jgvvs,quickpizza,neuronet-k8s-w2,flux,r4,Neuronet-ClusterTest,88490263000,1782469709,22104428544,33104523264,22626304,0,252398,58560512,63008768,63008768,22104428544,33104523264,32768,quickpizza/quickpizza-8b95978b5-jgvvs,quickpizza,quickpizza-8b95978b5-jgvvs,quickpizza,flux,Neuronet-ClusterTest,96263.217,0.0,flux,flux-node1,flux-node1.av.it.pt,300,neuronet-k8s-m1,0.322897285765404,34359738368,34359738368,0,0,640839680,4294967296,3654127616,85.07928848266602,running,0,0,0,0,5541000,left,pdu,95.152,97.569,209959.00997252,0.416,11.3,209959.00997252,1.59,0.995,-3.828,1635.5
2025-09-06 01:16:56,quickpizza,quickpizza-8b95978b5-jgvvs,quickpizza,neuronet-k8s-w2,flux,r4,Neuronet-ClusterTest,138258032000,56463987,22102380544,33104523264,24399872,0,690841,52019200,54849536,54849536,22102380544,33104523264,32768,quickpizza/quickpizza-8b95978b5-jgvvs,quickpizza,quickpizza-8b95978b5-jgvvs,quickpizza,flux,Neuronet-ClusterTest,9075.237,0.0,flux,flux-node3,flux-node3.av.it.pt,185,neuronet-lb,0.0227284089668292,34359738368,34359738368,0,0,251596800,2147483648,1895886848,88.28411102294922,running,0,0,0,0,9292135,left,pdu,65.685,64.631,179242.00851354,0.29,11.5,179242.00851354,1.713,0.985,-7.688,813.85
2025-09-06 01:17:56,quickpizza,quickpizza-8b95978b5-jgvvs,quickpizza,neuronet-k8s-w2,flux,r4,Neuronet-ClusterTest,179983380000,1419785922,22100549632,33104523264,26370048,0,1067288,59068416,62808064,62808064,22100549632,33104523264,32768,quickpizza/quickpizza-8b95978b5-jgvvs,quickpizza,quickpizza-8b95978b5-jgvvs,quickpizza,flux,Neuronet-ClusterTest,13387.071,71863900.00000001,flux,flux-node5,flux-node5.av.it.pt,303,neuronet-k8s-w1,0.1649495962037,34359738368,34359738368,0,0,451854336,4294967296,3843112960,89.47944641113281,running,0,0,0,0,5498731,left,pdu,75.032,77.238,179243.00851359,0.33,15.7,179243.00851359,1.639,0.986,-7.597,3580.68
2025-09-06 01:18:56,quickpizza,quickpizza-8b95978b5-jgvvs,quickpizza,neuronet-k8s-w2,flux,r4,Neuronet-ClusterTest,269207919000,1869624483,22090854400,33104523264,36012032,0,1675207,78323712,83484672,83484672,22090854400,33104523264,32768,quickpizza/quickpizza-8b95978b5-jgvvs,quickpizza,quickpizza-8b95978b5-jgvvs,quickpizza,flux,Neuronet-ClusterTest,20482.2,118252150.0,flux,flux-node5,flux-node5.av.it.pt,303,neuronet-k8s-w1,0.169691970124294,34359738368,34359738368,0,0,432771072,4294967296,3862196224,89.92376327514648,running,0,0,0,0,5498793,left,pdu,73.406,76.94,179244.00851363,0.324,20.3,179244.00851363,1.708,0.987,-7.653,1603.1
2025-09-06 01:19:56,quickpizza,quickpizza-8b95978b5-jgvvs,quickpizza,neuronet-k8s-w2,flux,r4,Neuronet-ClusterTest,406631649000,2067579251,22088499200,33104523264,38129664,0,2341924,88461312,93032448,93032448,22088499200,33104523264,32768,quickpizza/quickpizza-8b95978b5-jgvvs,quickpizza,quickpizza-8b95978b5-jgvvs,quickpizza,flux,Neuronet-ClusterTest,27821.529,0.0,flux,flux-node5,flux-node5.av.it.pt,184,neuronet-w3,0.4014680840238,64424509440,64424509440,0,0,7247769600,34359738368,27111968768,78.90621423721313,running,0,0,0,0,9798990,left,pdu,65.685,65.836,147280.00699542,0.289,13.6,147280.00699542,1.612,0.988,-7.279,2847.99
2025-09-06 01:20:56,quickpizza,quickpizza-8b95978b5-jgvvs,quickpizza,neuronet-k8s-w2,flux,r4,Neuronet-ClusterTest,514981803000,1742329491,22091902976,33104523264,35610624,0,3111343,70017024,74694656,74694656,22091902976,33104523264,32768,quickpizza/quickpizza-8b95978b5-jgvvs,quickpizza,quickpizza-8b95978b5-jgvvs,quickpizza,flux,Neuronet-ClusterTest,34651.728,113836650.00000006,flux,flux-node5,flux-node5.av.it.pt,184,neuronet-w3,0.352015261899735,64424509440,64424509440,0,0,7252111360,34359738368,27107627008,78.89357805252075,running,0,0,0,0,9799050,left,pdu,64.429,67.025,147281.00699547,0.284,15.0,147281.00699547,1.673,0.983,-7.346,3702.69
2025-09-06 01:21:56,quickpizza,quickpizza-8b95978b5-jgvvs,quickpizza,neuronet-k8s-w2,flux,r4,Neuronet-ClusterTest,589089364000,241382750,22088790016,33104523264,37695488,0,4005464,53960704,56950784,56950784,22088790016,33104523264,32768,quickpizza/quickpizza-8b95978b5-jgvvs,quickpizza,quickpizza-8b95978b5-jgvvs,quickpizza,flux,Neuronet-ClusterTest,38634.324,0.0,flux,flux-node5,flux-node5.av.it.pt,184,neuronet-w3,0.40884767768476,64424509440,64424509440,0,0,7193092096,34359738368,27166646272,79.06534671783447,running,0,0,0,0,9799110,left,pdu,56.688,65.689,147282.00699552,0.254,14.9,147282.00699552,1.737,0.978,-7.482,808.02
2025-09-06 01:22:56,quickpizza,quickpizza-8b95978b5-jgvvs,quickpizza,neuronet-k8s-w2,flux,r4,Neuronet-ClusterTest,624766189000,1362624405,22087467008,33104523264,28372992,0,4518686,61063168,64225280,64225280,22087467008,33104523264,32768,quickpizza/quickpizza-8b95978b5-jgvvs,quickpizza,quickpizza-8b95978b5-jgvvs,quickpizza,flux,Neuronet-ClusterTest,43502.289,81132749.99999994,flux,flux-node3,flux-node3.av.it.pt,306,neuronet-k8s-lb,0.015706175642972,34359738368,34359738368,0,0,356515840,2147483648,1790967808,83.3984375,running,0,0,0,0,5121218,left,pdu,64.886,66.838,147283.00699557,0.291,17.8,147283.00699557,1.687,0.985,-7.088,4379.24
2025-09-06 01:23:56,quickpizza,quickpizza-8b95978b5-jgvvs,quickpizza,neuronet-k8s-w2,flux,r4,Neuronet-ClusterTest,752190812000,1927463732,22090936320,33104523264,37052416,0,5615984,101244928,106258432,106258432,22090936320,33104523264,32768,quickpizza/quickpizza-8b95978b5-jgvvs,quickpizza,quickpizza-8b95978b5-jgvvs,quickpizza,flux,Neuronet-ClusterTest,50504.628,116705650.0,flux,flux-node3,flux-node3.av.it.pt,306,neuronet-k8s-lb,0.0161717696258178,34359738368,34359738368,0,0,356282368,2147483648,1791201280,83.40930938720703,running,0,0,0,0,5121278,right,pdu,83.81,94.699,218506.01037848,0.365,9.1,218506.01037848,1.577,0.996,-0.946,1575.23
2025-09-06 01:24:56,quickpizza,quickpizza-8b95978b5-jgvvs,quickpizza,neuronet-k8s-w2,flux,r4,Neuronet-ClusterTest,866944092000,2014554304,22090514432,33104523264,37314560,0,6300019,101449728,106995712,106995712,22090514432,33104523264,32768,quickpizza/quickpizza-8b95978b5-jgvvs,quickpizza,quickpizza-8b95978b5-jgvvs,quickpizza,flux,Neuronet-ClusterTest,57685.911,0.0,flux,flux-node4,flux-node4.av.it.pt,182,neuronet-w1,0.180607727721057,64424509440,64424509440,0,0,27647295488,34359738368,6712442880,19.53577995300293,running,0,0,0,0,5497021,left,pdu,76.705,78.713,179252.00851401,0.337,13.7,179252.00851401,1.619,0.99,-7.569,2524.28
2025-09-06 01:25:56,quickpizza,quickpizza-8b95978b5-jgvvs,quickpizza,neuronet-k8s-w2,flux,r4,Neuronet-ClusterTest,976572346000,1642956832,22093852672,33104523264,33009664,0,7147998,67457024,71835648,71835648,22093852672,33104523264,32768,quickpizza/quickpizza-8b95978b5-jgvvs,quickpizza,quickpizza-8b95978b5-jgvvs,quickpizza,flux,Neuronet-ClusterTest,64389.633,111728700.00000004,flux,flux-node3,flux-node3.av.it.pt,185,neuronet-lb,0.0128413215794476,34359738368,34359738368,0,0,251015168,2147483648,1896468480,88.31119537353516,running,0,0,0,0,9292675,left,pdu,63.001,62.214,147286.00699571,0.277,16.2,147286.00699571,1.697,0.985,-7.295,1898.64
2025-09-06 01:26:56,quickpizza,quickpizza-8b95978b5-jgvvs,quickpizza,neuronet-k8s-w2,flux,r4,Neuronet-ClusterTest,1038703081000,124369332,22091190272,33104523264,34983936,0,7973496,56696832,59588608,59588608,22091190272,33104523264,32768,quickpizza/quickpizza-8b95978b5-jgvvs,quickpizza,quickpizza-8b95978b5-jgvvs,quickpizza,flux,Neuronet-ClusterTest,68583.228,69893250.00000003,flux,flux-node5,flux-node5.av.it.pt,304,neuronet-k8s-w2,0.554307269610501,34359738368,34359738368,0,0,511827968,4294967296,3783139328,88.08307647705078,running,0,0,0,0,5499128,left,pdu,65.263,67.47,179254.00851411,0.287,12.7,179254.00851411,1.782,0.98,-7.792,802.98
2025-09-06 01:27:56,quickpizza,quickpizza-8b95978b5-jgvvs,quickpizza,neuronet-k8s-w2,flux,r4,Neuronet-ClusterTest,1089708424000,1412789226,22089654272,33104523264,36888576,0,8705106,67006464,71172096,71172096,22089654272,33104523264,32768,quickpizza/quickpizza-8b95978b5-jgvvs,quickpizza,quickpizza-8b95978b5-jgvvs,quickpizza,flux,Neuronet-ClusterTest,73548.09,0.0,flux,flux-node3,flux-node3.av.it.pt,311,neuronet-5g-core,0.147848401188831,85899345920,85899345920,0,0,8814342144,17179869184,8365527040,48.69377613067627,running,0,0,0,0,1248564,left,pdu,56.597,66.249,147288.0069958,0.256,14.3,147288.0069958,1.714,0.982,-7.39,1576.66
2025-09-06 01:28:56,quickpizza,quickpizza-8b95978b5-jgvvs,quickpizza,neuronet-k8s-w2,flux,r4,Neuronet-ClusterTest,1192039051000,1927468721,22093340672,33104523264,33718272,0,9595219,97148928,102137856,102137856,22093340672,33104523264,32768,quickpizza/quickpizza-8b95978b5-jgvvs,quickpizza,quickpizza-8b95978b5-jgvvs,quickpizza,flux,Neuronet-ClusterTest,80448.423,115005550.0,flux,flux-node5,flux-node5.av.it.pt,303,neuronet-k8s-w1,0.151510225473011,34359738368,34359738368,0,0,428691456,4294967296,3866275840,90.01874923706055,running,0,0,0,0,5499391,left,pdu,62.707,60.429,147289.00699585,0.28,19.0,147289.00699585,1.718,0.973,-7.422,1924.91
2025-09-06 01:29:56,quickpizza,quickpizza-8b95978b5-jgvvs,quickpizza,neuronet-k8s-w2,flux,r4,Neuronet-ClusterTest,1298412366000,1878915072,22092972032,33104523264,33722368,0,10343571,90906624,95625216,95625216,22092972032,33104523264,32768,quickpizza/quickpizza-8b95978b5-jgvvs,quickpizza,quickpizza-8b95978b5-jgvvs,quickpizza,flux,Neuronet-ClusterTest,87539.781,116251770.4918034,flux,flux-node1,flux-node1.av.it.pt,302,neuronet-k8s-m3,0.313494007288064,34359738368,34359738368,0,0,484384768,4294967296,3810582528,88.72203826904297,running,0,0,0,0,5541645,left,pdu,71.1,74.221,179258.0085143,0.314,12.8,179258.0085143,1.653,0.981,-7.923,1573.7
2025-09-06 01:30:56,quickpizza,quickpizza-8b95978b5-jgvvs,quickpizza,neuronet-k8s-w2,flux,r4,Neuronet-ClusterTest,1417891600000,1609235636,22096588800,33104523264,29642752,0,11333642,68694016,72986624,72986624,22096588800,33104523264,32768,quickpizza/quickpizza-8b95978b5-jgvvs,quickpizza,quickpizza-8b95978b5-jgvvs,quickpizza,flux,Neuronet-ClusterTest,94196.679,0.0,flux,flux-node1,flux-node1.av.it.pt,301,neuronet-k8s-m2,0.247109449258058,34359738368,34359738368,0,0,465207296,4294967296,3829760000,89.16854858398438,running,0,0,0,0,5541726,right,pdu,68.44,69.195,165702.00787042,0.3,8.2,165702.00787042,1.635,0.989,-6.329,2924.99
2025-09-06 01:31:56,quickpizza,quickpizza-8b95978b5-jgvvs,quickpizza,neuronet-k8s-w2,flux,r4,Neuronet-ClusterTest,1481029463000,258954883,22094262272,33104523264,31633408,0,12200964,56586240,59514880,59514880,22094262272,33104523264,32768,quickpizza/quickpizza-8b95978b5-jgvvs,quickpizza,quickpizza-8b95978b5-jgvvs,quickpizza,flux,Neuronet-ClusterTest,98342.082,69090049.99999985,flux,flux-node5,flux-node5.av.it.pt,303,neuronet-k8s-w1,0.164593536854757,34359738368,34359738368,0,0,446754816,4294967296,3848212480,89.59817886352539,running,0,0,0,0,5499572,left,pdu,98.822,79.552,209984.0099737,0.432,9.7,209984.0099737,1.611,0.995,-5.283,817.49
2025-09-06 01:32:56,quickpizza,quickpizza-8b95978b5-jgvvs,quickpizza,neuronet-k8s-w2,flux,r4,Neuronet-ClusterTest,1524946468000,1384370860,22092492800,33104523264,33562624,0,12851280,62513152,66306048,66306048,22092492800,33104523264,32768,quickpizza/quickpizza-8b95978b5-jgvvs,quickpizza,quickpizza-8b95978b5-jgvvs,quickpizza,flux,Neuronet-ClusterTest,103309.359,82787950.00000004,flux,flux-node3,flux-node3.av.it.pt,306,neuronet-k8s-lb,0.0150552620881618,34359738368,34359738368,0,0,355807232,2147483648,1791676416,83.43143463134766,running,0,0,0,0,5121818,right,pdu,92.075,90.318,218520.01037914,0.401,10.3,218520.01037914,1.585,0.997,-0.6,2588.66
2025-09-06 01:33:56,quickpizza,quickpizza-8b95978b5-jgvvs,quickpizza,neuronet-k8s-w2,flux,r4,Neuronet-ClusterTest,1626481331000,1775925276,22095765504,33104523264,30351360,0,13807071,91344896,96251904,96251904,22095765504,33104523264,32768,quickpizza/quickpizza-8b95978b5-jgvvs,quickpizza,quickpizza-8b95978b5-jgvvs,quickpizza,flux,Neuronet-ClusterTest,110139.105,113829100.0,flux,flux-node3,flux-node3.av.it.pt,311,neuronet-5g-core,0.148367001262536,85899345920,85899345920,0,0,8805179392,17179869184,8374689792,48.74711036682129,running,0,0,0,0,1248924,left,pdu,63.073,64.134,147295.00699614,0.279,15.6,147295.00699614,1.689,0.983,-7.537,1601.85
2025-09-06 01:34:56,quickpizza,quickpizza-8b95978b5-jgvvs,quickpizza,neuronet-k8s-w2,flux,r4,Neuronet-ClusterTest,1751324518000,1845151112,22085361664,33104523264,40624128,0,14699079,80478208,85258240,85258240,22085361664,33104523264,32768,quickpizza/quickpizza-8b95978b5-jgvvs,quickpizza,quickpizza-8b95978b5-jgvvs,quickpizza,flux,Neuronet-ClusterTest,117208.365,117821000.00000016,flux,flux-node3,flux-node3.av.it.pt,185,neuronet-lb,0.012540087750812,34359738368,34359738368,0,0,249393152,2147483648,1898090496,88.38672637939453,running,0,0,0,0,9293215,left,pdu,91.845,87.241,209989.00997394,0.402,9.0,209989.00997394,1.65,0.992,-5.561,2789.64
2025-09-06 01:35:56,quickpizza,quickpizza-8b95978b5-jgvvs,quickpizza,neuronet-k8s-w2,flux,r4,Neuronet-ClusterTest,13625915000,2398288351,22104571904,33104523264,21217280,0,0,0,0,119402496,22104571904,33104523264,32768,quickpizza/quickpizza-8b95978b5-jgvvs,quickpizza,quickpizza-8b95978b5-jgvvs,quickpizza,flux,Neuronet-ClusterTest,121778.865,76175000.0,flux,flux-node3,flux-node3.av.it.pt,306,neuronet-k8s-lb,0.0119812404626926,34359738368,34359738368,0,0,353968128,2147483648,1793515520,83.51707458496094,running,0,0,0,0,5121998,left,pdu,64.055,69.589,179265.00851463,0.283,18.8,179265.00851463,1.695,0.979,-7.855,2768.43
2025-09-06 01:36:56,quickpizza,quickpizza-8b95978b5-jgvvs,quickpizza,neuronet-k8s-w2,flux,r4,Neuronet-ClusterTest,46872633000,42788632,22102097920,33104523264,23523328,0,68259,49725440,51945472,51945472,22102097920,33104523264,32768,quickpizza/quickpizza-8b95978b5-jgvvs,quickpizza,quickpizza-8b95978b5-jgvvs,quickpizza,flux,Neuronet-ClusterTest,3529.782,39831100.0,flux,flux-node4,flux-node4.av.it.pt,182,neuronet-w1,0.183791559603553,64424509440,64424509440,0,0,27614560256,34359738368,6745178112,19.631052017211918,running,0,0,0,0,5497741,left,pdu,68.392,69.386,147298.00699628,0.301,16.2,147298.00699628,1.669,0.985,-7.454,844.58
2025-09-06 01:37:56,quickpizza,quickpizza-8b95978b5-jgvvs,quickpizza,neuronet-k8s-w2,flux,r4,Neuronet-ClusterTest,83836888000,1385959189,22100799488,33104523264,25518080,0,204211,52162560,54706176,54706176,22100799488,33104523264,32768,quickpizza/quickpizza-8b95978b5-jgvvs,quickpizza,quickpizza-8b95978b5-jgvvs,quickpizza,flux,Neuronet-ClusterTest,7183.947,60902750.0,flux,flux-node5,flux-node5.av.it.pt,184,neuronet-w3,0.380147430891457,64424509440,64424509440,0,0,7143895040,34359738368,27215843328,79.20852899551392,running,0,0,0,0,9800070,left,pdu,74.717,73.167,179268.00851477,0.329,13.1,179268.00851477,1.664,0.986,-7.915,839.17
2025-09-06 01:38:56,quickpizza,quickpizza-8b95978b5-jgvvs,quickpizza,neuronet-k8s-w2,flux,r4,Neuronet-ClusterTest,190704980000,1982014584,22092296192,33104523264,35176448,0,803755,74522624,79552512,79552512,22092296192,33104523264,32768,quickpizza/quickpizza-8b95978b5-jgvvs,quickpizza,quickpizza-8b95978b5-jgvvs,quickpizza,flux,Neuronet-ClusterTest,14310.603,118777600.0,flux,flux-node5,flux-node5.av.it.pt,183,neuronet-w2,0.611684522873114,64424509440,64424509440,0,0,1471881216,34359738368,32887857152,95.7162618637085,running,0,0,0,0,9800145,left,pdu,62.516,63.912,147300.00699637,0.278,15.6,147300.00699637,1.67,0.978,-7.315,4297.4
2025-09-06 01:39:56,quickpizza,quickpizza-8b95978b5-jgvvs,quickpizza,neuronet-k8s-w2,flux,r4,Neuronet-ClusterTest,322525944000,2092496255,22089359360,33104523264,37765120,0,1229199,87822336,93655040,93655040,22089359360,33104523264,32768,quickpizza/quickpizza-8b95978b5-jgvvs,quickpizza,quickpizza-8b95978b5-jgvvs,quickpizza,flux,Neuronet-ClusterTest,21843.879,125554600.0,flux,flux-node5,flux-node5.av.it.pt,183,neuronet-w2,0.61290891412154,64424509440,64424509440,0,0,1472188416,34359738368,32887549952,95.71536779403688,running,0,0,0,0,9800204,right,pdu,65.907,71.386,165713.00787095,0.289,12.5,165713.00787095,1.555,0.99,-6.186,4316.41
2025-09-06 01:40:56,quickpizza,quickpizza-8b95978b5-jgvvs,quickpizza,neuronet-k8s-w2,flux,r4,Neuronet-ClusterTest,445236347000,1749357213,22089699328,33104523264,36663296,0,1934334,79044608,83972096,83972096,22089699328,33104523264,32768,quickpizza/quickpizza-8b95978b5-jgvvs,quickpizza,quickpizza-8b95978b5-jgvvs,quickpizza,flux,Neuronet-ClusterTest,28832.718,116480650.0,flux,flux-node3,flux-node3.av.it.pt,185,neuronet-lb,0.0214553395152186,34359738368,34359738368,0,0,248119296,2147483648,1899364352,88.446044921875,running,0,0,0,0,9293575,right,pdu,58.739,60.342,119758.0056882,0.261,19.1,119758.0056882,1.787,0.978,-8.428,2302.81
2025-09-06 01:41:56,quickpizza,quickpizza-8b95978b5-jgvvs,quickpizza,neuronet-k8s-w2,flux,r4,Neuronet-ClusterTest,501520178000,196075136,22086623232,33104523264,38699008,0,2541244,58224640,61358080,61358080,22086623232,33104523264,32768,quickpizza/quickpizza-8b95978b5-jgvvs,quickpizza,quickpizza-8b95978b5-jgvvs,quickpizza,flux,Neuronet-ClusterTest,32681.295,64142949.99999996,flux,flux-node1,flux-node1.av.it.pt,188,neuronet-m2,0.285737982100419,64424509440,64424509440,0,0,630075392,4294967296,3664891904,85.32991409301758,running,0,0,0,0,9800245,left,pdu,64.723,70.535,179273.00851501,0.286,14.6,179273.00851501,1.775,0.982,-7.545,837.21
2025-09-06 01:42:56,quickpizza,quickpizza-8b95978b5-jgvvs,quickpizza,neuronet-k8s-w2,flux,r4,Neuronet-ClusterTest,555846718000,1526683894,22085087232,33104523264,40718336,0,3160403,69361664,73117696,73117696,22085087232,33104523264,32768,quickpizza/quickpizza-8b95978b5-jgvvs,quickpizza,quickpizza-8b95978b5-jgvvs,quickpizza,flux,Neuronet-ClusterTest,37429.95,79144249.99999999,flux,flux-node5,flux-node5.av.it.pt,303,neuronet-k8s-w1,0.0529388659736562,34359738368,34359738368,0,0,411787264,4294967296,3883180032,90.4123306274414,running,0,0,0,0,5500232,left,pdu,69.72,70.976,147304.00699656,0.292,14.2,147304.00699656,1.661,0.982,-7.688,2481.98
2025-09-06 01:43:56,quickpizza,quickpizza-8b95978b5-jgvvs,quickpizza,neuronet-k8s-w2,flux,r4,Neuronet-ClusterTest,655433213000,1832957688,22088122368,33104523264,37916672,0,3931033,82325504,87232512,87232512,22088122368,33104523264,32768,quickpizza/quickpizza-8b95978b5-jgvvs,quickpizza,quickpizza-8b95978b5-jgvvs,quickpizza,flux,Neuronet-ClusterTest,44307.366,114623600.00000007,flux,flux-node5,flux-node5.av.it.pt,181,neuronet-m3,0.381394132203985,64424509440,64424509440,0,0,739422208,4294967296,3555545088,82.78398513793945,running,0,0,0,0,9800473,right,pdu,97.247,95.454,218537.01037995,0.423,8.3,218537.01037995,1.569,0.997,-0.5,1603.66
2025-09-06 01:44:56,quickpizza,quickpizza-8b95978b5-jgvvs,quickpizza,neuronet-k8s-w2,flux,r4,Neuronet-ClusterTest,781320941000,1994769694,22089015296,33104523264,37273600,0,4729895,103456768,109416448,109416448,22089015296,33104523264,32768,quickpizza/quickpizza-8b95978b5-jgvvs,quickpizza,quickpizza-8b95978b5-jgvvs,quickpizza,flux,Neuronet-ClusterTest,51534.765,118481950.8196721,flux,flux-node3,flux-node3.av.it.pt,185,neuronet-lb,0.006524841759943,34359738368,34359738368,0,0,249008128,2147483648,1898475520,88.40465545654297,running,0,0,0,0,9293815,left,pdu,63.085,62.663,147306.00699666,0.283,15.6,147306.00699666,1.741,0.976,-7.637,3998.81
2025-09-06 01:45:56,quickpizza,quickpizza-8b95978b5-jgvvs,quickpizza,neuronet-k8s-w2,flux,r4,Neuronet-ClusterTest,875711042000,1706268175,22090952704,33104523264,34541568,0,5464251,78614528,83214336,83214336,22090952704,33104523264,32768,quickpizza/quickpizza-8b95978b5-jgvvs,quickpizza,quickpizza-8b95978b5-jgvvs,quickpizza,flux,Neuronet-ClusterTest,58265.937,114087661.01694912,flux,flux-node3,flux-node3.av.it.pt,306,neuronet-k8s-lb,0.0171725064241877,34359738368,34359738368,0,0,354660352,2147483648,1792823296,83.4848403930664,running,0,0,0,0,5122598,left,pdu,64.325,63.105,147307.00699671,0.287,14.8,147307.00699671,1.709,0.984,-7.342,3155.37
2025-09-06 01:46:56,quickpizza,quickpizza-8b95978b5-jgvvs,quickpizza,neuronet-k8s-w2,flux,r4,Neuronet-ClusterTest,948786516000,694570424,22088540160,33104523264,36470784,0,6335521,59789312,62951424,62951424,22088540160,33104523264,32768,quickpizza/quickpizza-8b95978b5-jgvvs,quickpizza,quickpizza-8b95978b5-jgvvs,quickpizza,flux,Neuronet-ClusterTest,62449.416,69724649.99999999,flux,flux-node5,flux-node5.av.it.pt,181,neuronet-m3,0.400543286854419,64424509440,64424509440,0,0,560713728,4294967296,3734253568,86.94486618041992,running,0,0,0,0,9800653,left,pdu,57.332,62.707,147308.00699675,0.254,19.5,147308.00699675,1.84,0.973,-7.565,839.6
2025-09-06 01:47:56,quickpizza,quickpizza-8b95978b5-jgvvs,quickpizza,neuronet-k8s-w2,flux,r4,Neuronet-ClusterTest,990975932000,1383270173,22086799360,33104523264,38436864,0,6898469,65105920,68513792,68513792,22086799360,33104523264,32768,quickpizza/quickpizza-8b95978b5-jgvvs,quickpizza,quickpizza-8b95978b5-jgvvs,quickpizza,flux,Neuronet-ClusterTest,67410.846,81334918.03278701,flux,flux-node3,flux-node3.av.it.pt,311,neuronet-5g-core,0.150023201800608,85899345920,85899345920,0,0,8789159936,17179869184,8390709248,48.84035587310791,running,0,0,0,0,1249764,left,pdu,70.957,69.796,179280.00851534,0.314,14.3,179280.00851534,1.643,0.98,-7.887,3548.05
2025-09-06 01:48:56,quickpizza,quickpizza-8b95978b5-jgvvs,quickpizza,neuronet-k8s-w2,flux,r4,Neuronet-ClusterTest,1104217401000,1829738944,22090170368,33104523264,35217408,0,7858011,81850368,87199744,87199744,22090170368,33104523264,32768,quickpizza/quickpizza-8b95978b5-jgvvs,quickpizza,quickpizza-8b95978b5-jgvvs,quickpizza,flux,Neuronet-ClusterTest,74193.633,114962491.52542368,flux,flux-node4,flux-node4.av.it.pt,179,neuronet-m1,0.387417799769602,64424509440,64424509440,0,0,494063616,4294967296,3800903680,88.49668502807617,running,0,0,0,0,8843639,right,pdu,72.893,74.666,165724.00787147,0.318,11.5,165724.00787147,1.619,0.991,-6.333,1604.7
2025-09-06 01:49:56,quickpizza,quickpizza-8b95978b5-jgvvs,quickpizza,neuronet-k8s-w2,flux,r4,Neuronet-ClusterTest,1224355432000,1854869603,22079574016,33104523264,45117440,0,8664389,82182144,86749184,86749184,22079574016,33104523264,32768,quickpizza/quickpizza-8b95978b5-jgvvs,quickpizza,quickpizza-8b95978b5-jgvvs,quickpizza,flux,Neuronet-ClusterTest,81241.743,117468500.0,flux,flux-node3,flux-node3.av.it.pt,306,neuronet-k8s-lb,0.0156186588581191,34359738368,34359738368,0,0,354504704,2147483648,1792978944,83.4920883178711,running,0,0,0,0,5122838,left,pdu,62.369,66.047,147311.0069969,0.275,13.4,147311.0069969,1.614,0.985,-7.402,2279.9
2025-09-06 01:50:56,quickpizza,quickpizza-8b95978b5-jgvvs,quickpizza,neuronet-k8s-w2,flux,r4,Neuronet-ClusterTest,1328742753000,1627958669,22083063808,33104523264,41857024,0,9566956,74170368,78450688,78450688,22083063808,33104523264,32768,quickpizza/quickpizza-8b95978b5-jgvvs,quickpizza,quickpizza-8b95978b5-jgvvs,quickpizza,flux,Neuronet-ClusterTest,87975.903,112236000.00000006,flux,flux-node4,flux-node4.av.it.pt,182,neuronet-w1,0.185708223651905,64424509440,64424509440,0,0,27624353792,34359738368,6735384576,19.60254907608032,running,0,0,0,0,5498581,left,pdu,72.34,70.479,179283.00851549,0.318,14.2,179283.00851549,1.649,0.983,-7.784,3995.04
2025-09-06 01:51:56,quickpizza,quickpizza-8b95978b5-jgvvs,quickpizza,neuronet-k8s-w2,flux,r4,Neuronet-ClusterTest,1389550933000,316864590,22080884736,33104523264,43819008,0,10366077,60235776,63275008,63275008,22080884736,33104523264,32768,quickpizza/quickpizza-8b95978b5-jgvvs,quickpizza,quickpizza-8b95978b5-jgvvs,quickpizza,flux,Neuronet-ClusterTest,92150.772,69581149.99999985,flux,flux-node1,flux-node1.av.it.pt,302,neuronet-k8s-m3,0.318605546196721,34359738368,34359738368,0,0,464994304,4294967296,3829972992,89.17350769042969,running,0,0,0,0,5542965,right,pdu,87.587,87.841,218550.01038057,0.381,7.2,218550.01038057,1.534,0.997,-0.858,811.15
2025-09-06 01:52:56,quickpizza,quickpizza-8b95978b5-jgvvs,quickpizza,neuronet-k8s-w2,flux,r4,Neuronet-ClusterTest,1436293317000,1417000305,22090801152,33104523264,33923072,0,11029368,68771840,72523776,72523776,22090801152,33104523264,32768,quickpizza/quickpizza-8b95978b5-jgvvs,quickpizza,quickpizza-8b95978b5-jgvvs,quickpizza,flux,Neuronet-ClusterTest,97168.725,83632550.00000013,flux,flux-node3,flux-node3.av.it.pt,306,neuronet-k8s-lb,0.0140486940978806,34359738368,34359738368,0,0,354107392,2147483648,1793376256,83.51058959960938,running,0,0,0,0,5123019,right,pdu,88.342,88.557,218551.01038062,0.385,7.0,218551.01038062,1.55,0.997,-0.822,2649.38
2025-09-06 01:53:56,quickpizza,quickpizza-8b95978b5-jgvvs,quickpizza,neuronet-k8s-w2,flux,r4,Neuronet-ClusterTest,1532887781000,1777010270,22084734976,33104523264,41570304,0,11948763,83316736,88567808,88567808,22084734976,33104523264,32768,quickpizza/quickpizza-8b95978b5-jgvvs,quickpizza,quickpizza-8b95978b5-jgvvs,quickpizza,flux,Neuronet-ClusterTest,103967.334,113310149.99999996,flux,flux-node3,flux-node3.av.it.pt,306,neuronet-k8s-lb,0.0152352160477906,34359738368,34359738368,0,0,354304000,2147483648,1793179648,83.50143432617188,running,0,0,0,0,5123078,right,pdu,67.347,66.675,165730.00787175,0.295,9.4,165730.00787175,1.63,0.99,-6.269,3135.63
2025-09-06 01:54:56,quickpizza,quickpizza-8b95978b5-jgvvs,quickpizza,neuronet-k8s-w2,flux,r4,Neuronet-ClusterTest,1640227157000,1900577605,22085222400,33104523264,40787968,0,12687541,85245952,90267648,90267648,22085222400,33104523264,32768,quickpizza/quickpizza-8b95978b5-jgvvs,quickpizza,quickpizza-8b95978b5-jgvvs,quickpizza,flux,Neuronet-ClusterTest,111001.722,0.0,flux,flux-node3,flux-node3.av.it.pt,306,neuronet-k8s-lb,0.015229661009621,34359738368,34359738368,0,0,354619392,2147483648,1792864256,83.48674774169922,running,0,0,0,0,5123138,left,pdu,61.081,60.028,147317.00699718,0.271,14.5,147317.00699718,1.708,0.982,-7.35,4074.16
2025-09-06 01:55:56,quickpizza,quickpizza-8b95978b5-jgvvs,quickpizza,neuronet-k8s-w2,flux,r4,Neuronet-ClusterTest,1756235127000,1662000234,22088380416,33104523264,36872192,0,13624005,73715712,78098432,78098432,22088380416,33104523264,32768,quickpizza/quickpizza-8b95978b5-jgvvs,quickpizza,quickpizza-8b95978b5-jgvvs,quickpizza,flux,Neuronet-ClusterTest,117756.384,112577700.0000002,flux,flux-node5,flux-node5.av.it.pt,304,neuronet-k8s-w2,0.516774532750277,34359738368,34359738368,0,0,465534976,4294967296,3829432320,89.16091918945312,running,0,0,0,0,5500868,left,pdu,63.041,70.976,179289.00851577,0.296,13.4,179289.00851577,1.674,0.975,-7.661,1750.06
2025-09-06 01:56:56,quickpizza,quickpizza-8b95978b5-jgvvs,quickpizza,neuronet-k8s-w2,flux,r4,Neuronet-ClusterTest,1827635528000,1027008508,22085611520,33104523264,38871040,0,14537947,60592128,64303104,64303104,22085611520,33104523264,32768,quickpizza/quickpizza-8b95978b5-jgvvs,quickpizza,quickpizza-8b95978b5-jgvvs,quickpizza,flux,Neuronet-ClusterTest,121974.888,70308400.00000001,flux,flux-node1,flux-node1.av.it.pt,188,neuronet-m2,0.317658706132718,64424509440,64424509440,0,0,617463808,4294967296,3677503488,85.62355041503906,running,0,0,0,0,9801145,left,pdu,89.857,93.156,210023.00997556,0.393,11.4,210023.00997556,1.597,0.995,-5.569,809.29
2025-09-06 01:57:56,quickpizza,quickpizza-8b95978b5-jgvvs,quickpizza,neuronet-k8s-w2,flux,r4,Neuronet-ClusterTest,1876065745000,1369857114,22084218880,33104523264,40763392,0,15251012,68927488,72564736,72564736,22084218880,33104523264,32768,quickpizza/quickpizza-8b95978b5-jgvvs,quickpizza,quickpizza-8b95978b5-jgvvs,quickpizza,flux,Neuronet-ClusterTest,126986.256,83522799.99999979,flux,flux-node5,flux-node5.av.it.pt,184,neuronet-w3,0.368698596085396,64424509440,64424509440,0,0,7236325376,34359738368,27123412992,78.93952131271362,running,0,0,0,0,9801271,right,pdu,70.126,65.824,165734.00787194,0.307,13.4,165734.00787194,1.576,0.986,-6.178,2025.91
2025-09-06 01:58:56,quickpizza,quickpizza-8b95978b5-jgvvs,quickpizza,neuronet-k8s-w2,flux,r4,Neuronet-ClusterTest,1974371195000,1806925566,22088695808,33104523264,36782080,0,16262904,84275200,88604672,88604672,22088695808,33104523264,32768,quickpizza/quickpizza-8b95978b5-jgvvs,quickpizza,quickpizza-8b95978b5-jgvvs,quickpizza,flux,Neuronet-ClusterTest,133766.853,113009950.00000016,flux,flux-node4,flux-node4.av.it.pt,182,neuronet-w1,0.135396442255906,64424509440,64424509440,0,0,27630678016,34359738368,6729060352,19.58414316177368,running,0,0,0,0,5499061,left,pdu,88.791,80.9,183526.00871702,0.387,9.2,183526.00871702,1.748,0.994,-4.047,4066.95
2025-09-06 01:59:56,quickpizza,quickpizza-8b95978b5-jgvvs,quickpizza,neuronet-k8s-w2,flux,r4,Neuronet-ClusterTest,2086908340000,1918181652,22078140416,33104523264,35545088,0,17015370,89542656,95232000,95232000,22078140416,33104523264,32768,quickpizza/quickpizza-8b95978b5-jgvvs,quickpizza,quickpizza-8b95978b5-jgvvs,quickpizza,flux,Neuronet-ClusterTest,140832.798,117765750.0000001,flux,flux-node3,flux-node3.av.it.pt,306,neuronet-k8s-lb,0.0154718086010852,34359738368,34359738368,0,0,353845248,2147483648,1793638400,83.52279663085938,running,0,0,0,0,5123438,right,pdu,73.736,72.511,165737.00787209,0.322,10.2,165737.00787209,1.597,0.989,-6.42,2518.05
2025-09-06 02:00:56,quickpizza,quickpizza-8b95978b5-jgvvs,quickpizza,neuronet-k8s-w2,flux,r4,Neuronet-ClusterTest,13580120000,2491573243,22102470656,33104523264,23162880,0,0,0,0,90353664,22102470656,33104523264,32768,quickpizza/quickpizza-8b95978b5-jgvvs,quickpizza,quickpizza-8b95978b5-jgvvs,quickpizza,flux,Neuronet-ClusterTest,145619.139,81124423.7288133,flux,flux-node1,flux-node1.av.it.pt,302,neuronet-k8s-m3,0.315044716711943,34359738368,34359738368,0,0,471228416,4294967296,3823738880,89.02835845947266,running,0,0,0,0,5543506,left,pdu,59.32,61.55,147323.00699747,0.264,15.2,147323.00699747,1.698,0.984,-7.374,4012.45
2025-09-06 02:01:56,quickpizza,quickpizza-8b95978b5-jgvvs,quickpizza,neuronet-k8s-w2,flux,r4,Neuronet-ClusterTest,45325907000,180161787,22099111936,33104523264,25051136,0,67896,48271360,50511872,50511872,22099111936,33104523264,32768,quickpizza/quickpizza-8b95978b5-jgvvs,quickpizza,quickpizza-8b95978b5-jgvvs,quickpizza,flux,Neuronet-ClusterTest,145619.139,0.0,flux,flux-node4,flux-node4.av.it.pt,179,neuronet-m1,0.417247855407149,64424509440,64424509440,0,0,315576320,4294967296,3979390976,92.65241622924805,running,0,0,0,0,8844419,right,pdu,68.015,68.746,165739.00787218,0.297,9.7,165739.00787218,1.582,0.991,-6.245,802.38
2025-09-06 02:02:56,quickpizza,quickpizza-8b95978b5-jgvvs,quickpizza,neuronet-k8s-w2,flux,r4,Neuronet-ClusterTest,71271414000,1097361235,22097403904,33104523264,27033600,0,153094,47579136,49983488,49983488,22097403904,33104523264,32768,quickpizza/quickpizza-8b95978b5-jgvvs,quickpizza,quickpizza-8b95978b5-jgvvs,quickpizza,flux,Neuronet-ClusterTest,145619.139,0.0,flux,flux-node3,flux-node3.av.it.pt,306,neuronet-k8s-lb,0.0153286417846433,34359738368,34359738368,0,0,353742848,2147483648,1793740800,83.5275650024414,running,0,0,0,0,5123618,left,pdu,64.532,65.534,147325.00699756,0.29,17.8,147325.00699756,1.776,0.969,-7.414,1562.69
2025-09-06 02:03:56,quickpizza,quickpizza-8b95978b5-jgvvs,quickpizza,neuronet-k8s-w2,flux,r4,Neuronet-ClusterTest,179741596000,2165036044,22087073792,33104523264,37687296,0,684663,102285312,107773952,107773952,22087073792,33104523264,32768,quickpizza/quickpizza-8b95978b5-jgvvs,quickpizza,quickpizza-8b95978b5-jgvvs,quickpizza,flux,Neuronet-ClusterTest,145619.139,0.0,flux,flux-node5,flux-node5.av.it.pt,304,neuronet-k8s-w2,0.781077638591822,34359738368,34359738368,0,0,464179200,4294967296,3830788096,89.19248580932617,running,0,0,0,0,5501348,right,pdu,95.983,99.12,218568.01038142,0.418,9.3,218568.01038142,1.58,0.997,-0.492,1577.4
2025-09-06 02:04:56,quickpizza,quickpizza-8b95978b5-jgvvs,quickpizza,neuronet-k8s-w2,flux,r4,Neuronet-ClusterTest,315733341000,2050680486,22084186112,33104523264,40402944,0,1267289,91680768,97497088,97497088,22084186112,33104523264,32768,quickpizza/quickpizza-8b95978b5-jgvvs,quickpizza,quickpizza-8b95978b5-jgvvs,quickpizza,flux,Neuronet-ClusterTest,145619.139,0.0,flux,flux-node3,flux-node3.av.it.pt,185,neuronet-lb,0.0127380037889633,34359738368,34359738368,0,0,246026240,2147483648,1901457408,88.54351043701172,running,0,0,0,0,9295017,right,pdu,89.248,89.535,218570.01038152,0.389,9.6,218570.01038152,1.559,0.996,-1.085,2616.01
2025-09-06 02:05:56,quickpizza,quickpizza-8b95978b5-jgvvs,quickpizza,neuronet-k8s-w2,flux,r4,Neuronet-ClusterTest,439951233000,1660885219,22084841472,33104523264,39272448,0,2032519,67497984,71913472,71913472,22084841472,33104523264,32768,quickpizza/quickpizza-8b95978b5-jgvvs,quickpizza,quickpizza-8b95978b5-jgvvs,quickpizza,flux,Neuronet-ClusterTest,145619.139,0.0,flux,flux-node5,flux-node5.av.it.pt,303,neuronet-k8s-w1,0.153791687599645,34359738368,34359738368,0,0,372285440,4294967296,3922681856,91.3320541381836,running,0,0,0,0,5501611,right,pdu,95.57,99.903,218571.01038157,0.416,8.8,218571.01038157,1.554,0.997,-0.345,4377.66
2025-09-06 02:06:56,quickpizza,quickpizza-8b95978b5-jgvvs,quickpizza,neuronet-k8s-w2,flux,r4,Neuronet-ClusterTest,495415521000,90464631,22082592768,33104523264,41332736,0,2674213,52396032,55230464,55230464,22082592768,33104523264,32768,quickpizza/quickpizza-8b95978b5-jgvvs,quickpizza,quickpizza-8b95978b5-jgvvs,quickpizza,flux,Neuronet-ClusterTest,145619.139,0.0,flux,flux-node4,flux-node4.av.it.pt,182,neuronet-w1,0.181088738833293,64424509440,64424509440,0,0,27638591488,34359738368,6721146880,19.56111192703247,running,0,0,0,0,5499540,right,pdu,66.75,66.822,165745.00787247,0.293,10.9,165745.00787247,1.567,0.991,-6.325,807.51
2025-09-06 02:07:56,quickpizza,quickpizza-8b95978b5-jgvvs,quickpizza,neuronet-k8s-w2,flux,r4,Neuronet-ClusterTest,533824417000,1353749888,22080655360,33104523264,43323392,0,3193079,58540032,62238720,62238720,22080655360,33104523264,32768,quickpizza/quickpizza-8b95978b5-jgvvs,quickpizza,quickpizza-8b95978b5-jgvvs,quickpizza,flux,Neuronet-ClusterTest,145619.139,0.0,flux,flux-node1,flux-node1.av.it.pt,301,neuronet-k8s-m2,0.247100021208765,34359738368,34359738368,0,0,477954048,4294967296,3817013248,88.87176513671875,running,0,0,0,0,5543946,right,pdu,92.604,93.133,218575.01038176,0.403,6.2,218575.01038176,1.575,0.996,-0.536,2751.27
2025-09-06 02:08:56,quickpizza,quickpizza-8b95978b5-jgvvs,quickpizza,neuronet-k8s-w2,flux,r4,Neuronet-ClusterTest,639443190000,1868179132,22083010560,33104523264,40878080,0,4100484,88813568,92975104,92975104,22083010560,33104523264,32768,quickpizza/quickpizza-8b95978b5-jgvvs,quickpizza,quickpizza-8b95978b5-jgvvs,quickpizza,flux,Neuronet-ClusterTest,145619.139,0.0,flux,flux-node4,flux-node4.av.it.pt,179,neuronet-m1,0.401873688019165,64424509440,64424509440,0,0,609951744,4294967296,3685015552,85.79845428466797,running,0,0,0,0,8844838,right,pdu,91.22,89.213,218576.0103818,0.397,6.4,218576.0103818,1.528,0.997,-0.624,4900.85
2025-09-06 02:09:56,quickpizza,quickpizza-8b95978b5-jgvvs,quickpizza,neuronet-k8s-w2,flux,r4,Neuronet-ClusterTest,750163239000,1956810070,22084673536,33104523264,40800256,0,4805714,87572480,92983296,92983296,22082899968,33104523264,32768,quickpizza/quickpizza-8b95978b5-jgvvs,quickpizza,quickpizza-8b95978b5-jgvvs,quickpizza,flux,Neuronet-ClusterTest,145619.139,0.0,flux,flux-node1,flux-node1.av.it.pt,188,neuronet-m2,0.31554580295307,64424509440,64424509440,0,0,580251648,4294967296,3714715648,86.48996353149414,running,0,0,0,0,9801925,right,pdu,63.459,55.646,130598.00620307,0.279,11.2,130598.00620307,1.672,0.987,-6.591,1573.65
2025-09-06 02:10:56,quickpizza,quickpizza-8b95978b5-jgvvs,quickpizza,neuronet-k8s-w2,flux,r4,Neuronet-ClusterTest,871869854000,1731277173,22086311936,33104523264,38346752,0,5746594,74104832,78880768,78880768,22086311936,33104523264,32768,quickpizza/quickpizza-8b95978b5-jgvvs,quickpizza,quickpizza-8b95978b5-jgvvs,quickpizza,flux,Neuronet-ClusterTest,145619.139,0.0,flux,flux-node5,flux-node5.av.it.pt,181,neuronet-m3,0.376064445685832,64424509440,64424509440,0,0,717451264,4294967296,3577516032,83.29553604125977,running,0,0,0,0,9802093,right,pdu,51.524,50.593,119784.00568943,0.23,17.2,119784.00568943,1.721,0.976,-7.724,2872.42
2025-09-06 02:11:56,quickpizza,quickpizza-8b95978b5-jgvvs,quickpizza,neuronet-k8s-w2,flux,r4,Neuronet-ClusterTest,940447774000,434296434,22083260416,33104523264,40370176,0,6572855,53346304,56242176,56242176,22083260416,33104523264,32768,quickpizza/quickpizza-8b95978b5-jgvvs,quickpizza,quickpizza-8b95978b5-jgvvs,quickpizza,flux,Neuronet-ClusterTest,145619.139,0.0,flux,flux-node5,flux-node5.av.it.pt,304,neuronet-k8s-w2,0.363748734589452,34359738368,34359738368,0,0,516526080,4294967296,3778441216,87.97369003295898,running,0,0,0,0,5501828,right,pdu,62.365,58.405,119785.00568948,0.276,19.6,119785.00568948,1.634,0.98,-7.275,814.38
2025-09-06 02:12:56,quickpizza,quickpizza-8b95978b5-jgvvs,quickpizza,neuronet-k8s-w2,flux,r4,Neuronet-ClusterTest,996157266000,1495554273,22081937408,33104523264,42233856,0,7316438,63651840,66912256,66912256,22081937408,33104523264,32768,quickpizza/quickpizza-8b95978b5-jgvvs,quickpizza,quickpizza-8b95978b5-jgvvs,quickpizza,flux,Neuronet-ClusterTest,145619.139,0.0,flux,flux-node4,flux-node4.av.it.pt,182,neuronet-w1,0.181257805805164,64424509440,64424509440,0,0,27665477632,34359738368,6694260736,19.482862949371334,running,0,0,0,0,5499901,left,pdu,75.787,78.49,179311.00851682,0.334,15.1,179311.00851682,1.734,0.983,-8.062,3608.03
2025-09-06 02:14:56,quickpizza,quickpizza-8b95978b5-jgvvs,quickpizza,neuronet-k8s-w2,flux,r4,Neuronet-ClusterTest,102040208000,2459000624,22095003648,33104523264,30556160,0,89464,147017728,153702400,153702400,22095003648,33104523264,32768,quickpizza/quickpizza-8b95978b5-jgvvs,quickpizza,quickpizza-8b95978b5-jgvvs,quickpizza,flux,Neuronet-ClusterTest,6408.495,106323050.0,flux,flux-node3,flux-node3.av.it.pt,311,neuronet-5g-core,0.142179941507638,85899345920,85899345920,0,0,8804380672,17179869184,8375488512,48.75175952911377,running,0,0,0,0,1251384,left,pdu,86.251,81.166,183541.00871773,0.376,10.5,183541.00871773,1.643,0.994,-3.824,4326.12
2025-09-06 02:15:56,quickpizza,quickpizza-8b95978b5-jgvvs,quickpizza,neuronet-k8s-w2,flux,r4,Neuronet-ClusterTest,238462960000,1783893585,22090964992,33104523264,33058816,0,311115,69369856,74321920,74321920,22090964992,33104523264,32768,quickpizza/quickpizza-8b95978b5-jgvvs,quickpizza,quickpizza-8b95978b5-jgvvs,quickpizza,flux,Neuronet-ClusterTest,13860.993,124208300.0,flux,flux-node4,flux-node4.av.it.pt,182,neuronet-w1,0.186501345869256,64424509440,64424509440,0,0,27641118720,34359738368,6718619648,19.553756713867188,running,0,0,0,0,5500081,left,pdu,97.581,93.936,210052.00997693,0.426,10.0,210052.00997693,1.598,0.994,-4.114,2756.17
2025-09-06 02:16:56,quickpizza,quickpizza-8b95978b5-jgvvs,quickpizza,neuronet-k8s-w2,flux,r4,Neuronet-ClusterTest,289712793000,219668482,22088413184,33104523264,34906112,0,752625,54685696,57921536,57921536,22088413184,33104523264,32768,quickpizza/quickpizza-8b95978b5-jgvvs,quickpizza,quickpizza-8b95978b5-jgvvs,quickpizza,flux,Neuronet-ClusterTest,17205.591,55743300.0,flux,flux-node4,flux-node4.av.it.pt,182,neuronet-w1,0.185796856109705,64424509440,64424509440,0,0,27639488512,34359738368,6720249856,19.55850124359131,running,0,0,0,0,5500141,left,pdu,69.036,67.697,147340.00699827,0.307,13.4,147340.00699827,1.735,0.974,-7.454,807.73
2025-09-06 02:17:56,quickpizza,quickpizza-8b95978b5-jgvvs,quickpizza,neuronet-k8s-w2,flux,r4,Neuronet-ClusterTest,330849087000,1435974226,22086823936,33104523264,36843520,0,1129936,64102400,67706880,67706880,22086823936,33104523264,32768,quickpizza/quickpizza-8b95978b5-jgvvs,quickpizza,quickpizza-8b95978b5-jgvvs,quickpizza,flux,Neuronet-ClusterTest,21595.833,73170699.99999997,flux,flux-node1,flux-node1.av.it.pt,300,neuronet-k8s-m1,0.227177023379489,34359738368,34359738368,0,0,627462144,4294967296,3667505152,85.3907585144043,running,0,0,0,0,5544720,left,pdu,61.832,64.059,147341.00699832,0.273,14.5,147341.00699832,1.75,0.985,-7.601,2573.29
2025-09-06 02:18:56,quickpizza,quickpizza-8b95978b5-jgvvs,quickpizza,neuronet-k8s-w2,flux,r4,Neuronet-ClusterTest,448060648000,1980879135,22090203136,33104523264,34058240,0,1913401,108769280,114851840,114851840,22090203136,33104523264,32768,quickpizza/quickpizza-8b95978b5-jgvvs,quickpizza,quickpizza-8b95978b5-jgvvs,quickpizza,flux,Neuronet-ClusterTest,28693.638,118296750.0,flux,flux-node4,flux-node4.av.it.pt,182,neuronet-w1,0.179321541794821,64424509440,64424509440,0,0,27633971200,34359738368,6725767168,19.5745587348938,running,0,0,0,0,5500261,left,pdu,99.875,102.83,210057.00997717,0.436,10.8,210057.00997717,1.616,0.996,-4.393,1998.33
2025-09-06 02:19:56,quickpizza,quickpizza-8b95978b5-jgvvs,quickpizza,neuronet-k8s-w2,flux,r4,Neuronet-ClusterTest,577539084000,2032520800,22088470528,33104523264,35606528,0,2512817,93278208,98193408,98193408,22088470528,33104523264,32768,quickpizza/quickpizza-8b95978b5-jgvvs,quickpizza,quickpizza-8b95978b5-jgvvs,quickpizza,flux,Neuronet-ClusterTest,35986.26,121543700.00000004,flux,flux-node3,flux-node3.av.it.pt,306,neuronet-k8s-lb,0.0085877616272403,34359738368,34359738368,0,0,352665600,2147483648,1794818048,83.57772827148438,running,0,0,0,0,5124638,left,pdu,62.031,61.439,147343.00699842,0.274,15.9,147343.00699842,1.778,0.963,-7.1,1787.96
2025-09-06 02:20:56,quickpizza,quickpizza-8b95978b5-jgvvs,quickpizza,neuronet-k8s-w2,flux,r4,Neuronet-ClusterTest,668750168000,1776437072,22091579392,33104523264,31756288,0,3150745,80695296,85520384,85520384,22091579392,33104523264,32768,quickpizza/quickpizza-8b95978b5-jgvvs,quickpizza,quickpizza-8b95978b5-jgvvs,quickpizza,flux,Neuronet-ClusterTest,42903.483,115287049.99999996,flux,flux-node3,flux-node3.av.it.pt,185,neuronet-lb,0.0166435035953988,34359738368,34359738368,0,0,246235136,2147483648,1901248512,88.53378295898438,running,0,0,0,0,9295975,left,pdu,103.34,97.836,210060.00997731,0.451,10.0,210060.00997731,1.584,0.995,-3.927,2438.59
2025-09-06 02:21:56,quickpizza,quickpizza-8b95978b5-jgvvs,quickpizza,neuronet-k8s-w2,flux,r4,Neuronet-ClusterTest,741053454000,852131332,22089175040,33104523264,33832960,0,4017204,56684544,60194816,60194816,22089175040,33104523264,32768,quickpizza/quickpizza-8b95978b5-jgvvs,quickpizza,quickpizza-8b95978b5-jgvvs,quickpizza,flux,Neuronet-ClusterTest,46968.564,67751349.99999997,flux,flux-node4,flux-node4.av.it.pt,182,neuronet-w1,0.183139533685926,64424509440,64424509440,0,0,27639660544,34359738368,6720077824,19.558000564575195,running,0,0,0,0,5500441,left,pdu,82.251,84.283,183551.0087182,0.35,10.3,183551.0087182,1.58,0.996,-3.339,1047.3
2025-09-06 02:22:56,quickpizza,quickpizza-8b95978b5-jgvvs,quickpizza,neuronet-k8s-w2,flux,r4,Neuronet-ClusterTest,774307294000,1293610661,22087307264,33104523264,35823616,0,4489811,60973056,64778240,64778240,22087307264,33104523264,32768,quickpizza/quickpizza-8b95978b5-jgvvs,quickpizza,quickpizza-8b95978b5-jgvvs,quickpizza,flux,Neuronet-ClusterTest,51837.483,0.0,flux,flux-node1,flux-node1.av.it.pt,188,neuronet-m2,0.155054719571876,64424509440,64424509440,0,0,482734080,4294967296,3812233216,88.76047134399414,running,0,0,0,0,9802703,left,pdu,72.694,75.21,179323.00851739,0.32,14.0,179323.00851739,1.764,0.983,-7.82,2915.17
2025-09-06 02:23:56,quickpizza,quickpizza-8b95978b5-jgvvs,quickpizza,neuronet-k8s-w2,flux,r4,Neuronet-ClusterTest,882742510000,1869992658,22090371072,33104523264,32706560,0,5514889,90017792,95502336,95502336,22090371072,33104523264,32768,quickpizza/quickpizza-8b95978b5-jgvvs,quickpizza,quickpizza-8b95978b5-jgvvs,quickpizza,flux,Neuronet-ClusterTest,58706.076,116416830.5084746,flux,flux-node5,flux-node5.av.it.pt,304,neuronet-k8s-w2,0.669249894459328,34359738368,34359738368,0,0,466210816,4294967296,3828756480,89.14518356323242,running,0,0,0,0,5502548,right,pdu,70.587,72.109,165765.00787342,0.309,14.5,165765.00787342,1.588,0.989,-6.364,3716.1
2025-09-06 02:24:56,quickpizza,quickpizza-8b95978b5-jgvvs,quickpizza,neuronet-k8s-w2,flux,r4,Neuronet-ClusterTest,1000192649000,1885178992,22080065536,33104523264,42913792,0,6281549,77373440,82751488,82751488,22080065536,33104523264,32768,quickpizza/quickpizza-8b95978b5-jgvvs,quickpizza,quickpizza-8b95978b5-jgvvs,quickpizza,flux,Neuronet-ClusterTest,65776.95,117847899.99999994,flux,flux-node3,flux-node3.av.it.pt,311,neuronet-5g-core,0.152113858447529,85899345920,85899345920,0,0,8793903104,17179869184,8385966080,48.81274700164795,running,0,0,0,0,1251984,right,pdu,50.331,50.053,119797.00569005,0.223,16.7,119797.00569005,1.675,0.976,-8.201,3836.01
2025-09-06 02:25:56,quickpizza,quickpizza-8b95978b5-jgvvs,quickpizza,neuronet-k8s-w2,flux,r4,Neuronet-ClusterTest,1111369275000,1646406030,22084026368,33104523264,38764544,0,7143210,75575296,80453632,80453632,22084026368,33104523264,32768,quickpizza/quickpizza-8b95978b5-jgvvs,quickpizza,quickpizza-8b95978b5-jgvvs,quickpizza,flux,Neuronet-ClusterTest,72512.613,112261050.0,flux,flux-node3,flux-node3.av.it.pt,311,neuronet-5g-core,0.134466596785232,85899345920,85899345920,0,0,8803848192,17179869184,8376020992,48.75485897064209,running,0,0,0,0,1252044,left,pdu,93.685,95.597,210068.00997769,0.409,11.3,210068.00997769,1.569,0.995,-4.623,4229.65
2025-09-06 02:26:56,quickpizza,quickpizza-8b95978b5-jgvvs,quickpizza,neuronet-k8s-w2,flux,r4,Neuronet-ClusterTest,1182277814000,720917011,22081953792,33104523264,40755200,0,8011135,58445824,61915136,61915136,22081953792,33104523264,32768,quickpizza/quickpizza-8b95978b5-jgvvs,quickpizza,quickpizza-8b95978b5-jgvvs,quickpizza,flux,Neuronet-ClusterTest,76713.207,70009899.99999996,flux,flux-node3,flux-node3.av.it.pt,185,neuronet-lb,0.0111627323386345,34359738368,34359738368,0,0,245370880,2147483648,1902112768,88.57402801513672,running,0,0,0,0,9296335,left,pdu,66.647,72.344,179328.00851762,0.293,17.6,179328.00851762,1.62,0.989,-7.752,1047.18
2025-09-06 02:27:56,quickpizza,quickpizza-8b95978b5-jgvvs,quickpizza,neuronet-k8s-w2,flux,r4,Neuronet-ClusterTest,1229016931000,1389244609,22080778240,33104523264,30707712,0,8644587,62496768,66650112,66650112,22080778240,33104523264,32768,quickpizza/quickpizza-8b95978b5-jgvvs,quickpizza,quickpizza-8b95978b5-jgvvs,quickpizza,flux,Neuronet-ClusterTest,81676.605,82723300.00000003,flux,flux-node5,flux-node5.av.it.pt,184,neuronet-w3,0.344300685202284,64424509440,64424509440,0,0,7234433024,34359738368,27125305344,78.94502878189087,running,0,0,0,0,9803070,left,pdu,60.338,68.881,147351.0069988,0.268,13.7,147351.0069988,1.664,0.983,-7.458,2422.28
2025-09-06 02:28:56,quickpizza,quickpizza-8b95978b5-jgvvs,quickpizza,neuronet-k8s-w2,flux,r4,Neuronet-ClusterTest,1335705174000,1788714286,22085935104,33104523264,38076416,0,9628131,87191552,92295168,92295168,22085935104,33104523264,32768,quickpizza/quickpizza-8b95978b5-jgvvs,quickpizza,quickpizza-8b95978b5-jgvvs,quickpizza,flux,Neuronet-ClusterTest,88450.569,112899400.00000012,flux,flux-node1,flux-node1.av.it.pt,301,neuronet-k8s-m2,0.21288318564667,34359738368,34359738368,0,0,461156352,4294967296,3833810944,89.26286697387695,running,0,0,0,0,5545206,left,pdu,65.351,62.787,147352.00699884,0.294,14.9,147352.00699884,1.735,0.961,-7.466,2607.37
2025-09-06 02:29:56,quickpizza,quickpizza-8b95978b5-jgvvs,quickpizza,neuronet-k8s-w2,flux,r4,Neuronet-ClusterTest,1458105806000,1991005409,22086467584,33104523264,37761024,0,10475860,112762880,118358016,118358016,22086467584,33104523264,32768,quickpizza/quickpizza-8b95978b5-jgvvs,quickpizza,quickpizza-8b95978b5-jgvvs,quickpizza,flux,Neuronet-ClusterTest,95600.043,119157900.00000004,flux,flux-node5,flux-node5.av.it.pt,183,neuronet-w2,0.633055170947985,64424509440,64424509440,0,0,1348468736,34359738368,33011269632,96.075439453125,running,0,0,0,0,9803204,right,pdu,66.889,67.867,165772.00787375,0.293,9.9,165772.00787375,1.631,0.99,-6.106,3109.54
2025-09-06 02:30:56,quickpizza,quickpizza-8b95978b5-jgvvs,quickpizza,neuronet-k8s-w2,flux,r4,Neuronet-ClusterTest,1560856602000,1613474737,22089859072,33104523264,33357824,0,11322744,76091392,80834560,80834560,22089859072,33104523264,32768,quickpizza/quickpizza-8b95978b5-jgvvs,quickpizza,quickpizza-8b95978b5-jgvvs,quickpizza,flux,Neuronet-ClusterTest,102341.445,112356700.00000004,flux,flux-node5,flux-node5.av.it.pt,305,neuronet-k8s-w3,0.371688844537593,34359738368,34359738368,0,0,1302851584,4294967296,2992115712,69.66562271118164,running,0,0,0,0,5502950,left,pdu,85.388,69.645,179333.00851786,0.302,18.2,179333.00851786,1.728,0.98,-7.951,3334.2
2025-09-06 02:31:56,quickpizza,quickpizza-8b95978b5-jgvvs,quickpizza,neuronet-k8s-w2,flux,r4,Neuronet-ClusterTest,1623766907000,523596147,22086983680,33104523264,35418112,0,12121736,59265024,62578688,62578688,22086983680,33104523264,32768,quickpizza/quickpizza-8b95978b5-jgvvs,quickpizza,quickpizza-8b95978b5-jgvvs,quickpizza,flux,Neuronet-ClusterTest,106553.28,70197249.99999987,flux,flux-node1,flux-node1.av.it.pt,301,neuronet-k8s-m2,0.279036879681115,34359738368,34359738368,0,0,451293184,4294967296,3843674112,89.49251174926758,running,0,0,0,0,5545386,left,pdu,69.903,71.1,179334.00851791,0.308,13.9,179334.00851791,1.688,0.984,-7.899,1046.52
2025-09-06 02:32:56,quickpizza,quickpizza-8b95978b5-jgvvs,quickpizza,neuronet-k8s-w2,flux,r4,Neuronet-ClusterTest,1664202180000,1339323862,22085558272,33104523264,37355520,0,12715418,65564672,69013504,69013504,22085558272,33104523264,32768,quickpizza/quickpizza-8b95978b5-jgvvs,quickpizza,quickpizza-8b95978b5-jgvvs,quickpizza,flux,Neuronet-ClusterTest,111605.232,84199200.00000007,flux,flux-node1,flux-node1.av.it.pt,301,neuronet-k8s-m2,0.289719101977324,34359738368,34359738368,0,0,457785344,4294967296,3837181952,89.34135437011719,running,0,0,0,0,5545446,left,pdu,55.062,61.343,147357.00699908,0.243,15.9,147357.00699908,1.732,0.975,-7.339,4460.92
2025-09-06 02:33:56,quickpizza,quickpizza-8b95978b5-jgvvs,quickpizza,neuronet-k8s-w2,flux,r4,Neuronet-ClusterTest,1775947194000,1810846902,22089576448,33104523264,33701888,0,13743965,81514496,86315008,86315008,22089576448,33104523264,32768,quickpizza/quickpizza-8b95978b5-jgvvs,quickpizza,quickpizza-8b95978b5-jgvvs,quickpizza,flux,Neuronet-ClusterTest,118408.131,113381649.99999984,flux,flux-node4,flux-node4.av.it.pt,179,neuronet-m1,0.38793811165163,64424509440,64424509440,0,0,570802176,4294967296,3724165120,86.70997619628906,running,0,0,0,0,8846338,left,pdu,67.891,72.781,179336.008518,0.299,13.0,179336.008518,1.839,0.977,-7.545,1606.22
2025-09-06 02:34:56,quickpizza,quickpizza-8b95978b5-jgvvs,quickpizza,neuronet-k8s-w2,flux,r4,Neuronet-ClusterTest,1886454155000,1904417059,22089449472,33104523264,33660928,0,14495555,88903680,94736384,94736384,22089449472,33104523264,32768,quickpizza/quickpizza-8b95978b5-jgvvs,quickpizza,quickpizza-8b95978b5-jgvvs,quickpizza,flux,Neuronet-ClusterTest,125497.098,120151983.05084752,flux,flux-node3,flux-node3.av.it.pt,311,neuronet-5g-core,0.146559525907082,85899345920,85899345920,0,0,8803860480,17179869184,8376008704,48.75478744506836,running,0,0,0,0,1252584,left,pdu,72.793,74.05,179338.0085181,0.321,14.6,179338.0085181,1.762,0.983,-8.026,1576.15
2025-09-06 02:35:56,quickpizza,quickpizza-8b95978b5-jgvvs,quickpizza,neuronet-k8s-w2,flux,r4,Neuronet-ClusterTest,1995071162000,1616111062,22081601536,33104523264,41041920,0,15435339,74027008,78524416,78524416,22081601536,33104523264,32768,quickpizza/quickpizza-8b95978b5-jgvvs,quickpizza,quickpizza-8b95978b5-jgvvs,quickpizza,flux,Neuronet-ClusterTest,132211.773,111911249.9999998,flux,flux-node4,flux-node4.av.it.pt,182,neuronet-w1,0.18387663056848,64424509440,64424509440,0,0,27631972352,34359738368,6727766016,19.58037614822388,running,0,0,0,0,5501282,right,pdu,70.161,70.869,165779.00787408,0.308,12.1,165779.00787408,1.602,0.989,-6.106,4372.04
2025-09-06 02:36:56,quickpizza,quickpizza-8b95978b5-jgvvs,quickpizza,neuronet-k8s-w2,flux,r4,Neuronet-ClusterTest,2062122713000,1202623329,22091272192,33104523264,30855168,0,16290673,62459904,66772992,66772992,22091272192,33104523264,32768,quickpizza/quickpizza-8b95978b5-jgvvs,quickpizza,quickpizza-8b95978b5-jgvvs,quickpizza,flux,Neuronet-ClusterTest,136427.118,70255750.00000001,flux,flux-node5,flux-node5.av.it.pt,184,neuronet-w3,0.356542440347167,64424509440,64424509440,0,0,7230017536,34359738368,27129720832,78.95787954330444,running,0,0,0,0,9803610,right,pdu,72.531,73.978,165780.00787413,0.297,10.2,165780.00787413,1.58,0.993,-6.496,809.31
2025-09-06 02:37:56,quickpizza,quickpizza-8b95978b5-jgvvs,quickpizza,neuronet-k8s-w2,flux,r4,Neuronet-ClusterTest,2109975424000,1364867684,22089568256,33104523264,32759808,0,16933004,68816896,72663040,72663040,22089568256,33104523264,32768,quickpizza/quickpizza-8b95978b5-jgvvs,quickpizza,quickpizza-8b95978b5-jgvvs,quickpizza,flux,Neuronet-ClusterTest,141404.523,82956749.99999999,flux,flux-node4,flux-node4.av.it.pt,179,neuronet-m1,0.354411112706327,64424509440,64424509440,0,0,379158528,4294967296,3915808768,91.17202758789062,running,0,0,0,0,8846579,right,pdu,95.033,90.564,218621.01038394,0.414,6.8,218621.01038394,1.642,0.996,-0.759,2938.44
2025-09-06 02:38:56,quickpizza,quickpizza-8b95978b5-jgvvs,quickpizza,neuronet-k8s-w2,flux,r4,Neuronet-ClusterTest,2198490500000,1725442277,22082281472,33104523264,40177664,0,17772405,80678912,85368832,85368832,22082281472,33104523264,32768,quickpizza/quickpizza-8b95978b5-jgvvs,quickpizza,quickpizza-8b95978b5-jgvvs,quickpizza,flux,Neuronet-ClusterTest,148156.212,0.0,flux,flux-node1,flux-node1.av.it.pt,301,neuronet-k8s-m2,0.244531188325334,34359738368,34359738368,0,0,532123648,4294967296,3762843648,87.61053085327148,running,0,0,0,0,5545806,right,pdu,71.628,76.789,165783.00787427,0.313,9.4,165783.00787427,1.566,0.992,-6.416,2669.86
2025-09-06 02:39:56,quickpizza,quickpizza-8b95978b5-jgvvs,quickpizza,neuronet-k8s-w2,flux,r4,Neuronet-ClusterTest,2316934447000,2077790080,22081941504,33104523264,40329216,0,18551852,113037312,118796288,118796288,22081941504,33104523264,32768,quickpizza/quickpizza-8b95978b5-jgvvs,quickpizza,quickpizza-8b95978b5-jgvvs,quickpizza,flux,Neuronet-ClusterTest,155352.129,119931949.99999978,flux,flux-node1,flux-node1.av.it.pt,301,neuronet-k8s-m2,0.297243818315343,34359738368,34359738368,0,0,516329472,4294967296,3778637824,87.97826766967773,running,0,0,0,0,5545866,left,pdu,76.662,77.87,179344.00851838,0.338,16.6,179344.00851838,1.67,0.984,-7.899,3929.39
2025-09-06 02:40:56,quickpizza,quickpizza-8b95978b5-jgvvs,quickpizza,neuronet-k8s-w2,flux,r4,Neuronet-ClusterTest,2435063040000,1664666118,22085214208,33104523264,36757504,0,19483484,75350016,79671296,79671296,22085214208,33104523264,32768,quickpizza/quickpizza-8b95978b5-jgvvs,quickpizza,quickpizza-8b95978b5-jgvvs,quickpizza,flux,Neuronet-ClusterTest,162034.785,111377600.00000028,flux,flux-node3,flux-node3.av.it.pt,311,neuronet-5g-core,0.198808185336091,85899345920,85899345920,0,0,8789274624,17179869184,8390594560,48.839688301086426,running,0,0,0,0,1252944,right,pdu,73.934,69.494,165785.00787436,0.323,11.0,165785.00787436,1.617,0.99,-6.11,4698.99
2025-09-06 02:41:56,quickpizza,quickpizza-8b95978b5-jgvvs,quickpizza,neuronet-k8s-w2,flux,r4,Neuronet-ClusterTest,2507576496000,483206152,22083125248,33104523264,38731776,0,20429822,61988864,65216512,65216512,22083125248,33104523264,32768,quickpizza/quickpizza-8b95978b5-jgvvs,quickpizza,quickpizza-8b95978b5-jgvvs,quickpizza,flux,Neuronet-ClusterTest,166240.839,70100900.00000006,flux,flux-node4,flux-node4.av.it.pt,179,neuronet-m1,0.406523372552612,64424509440,64424509440,0,0,394612736,4294967296,3900354560,90.81220626831056,running,0,0,0,0,8846819,left,pdu,64.6,68.364,179346.00851848,0.286,13.6,179346.00851848,1.67,0.979,-7.7,1042.11
2025-09-06 02:42:56,quickpizza,quickpizza-8b95978b5-jgvvs,quickpizza,neuronet-k8s-w2,flux,r4,Neuronet-ClusterTest,2549395506000,1328577724,22081220608,33104523264,40611840,0,21037331,66068480,69971968,69971968,22081220608,33104523264,32768,quickpizza/quickpizza-8b95978b5-jgvvs,quickpizza,quickpizza-8b95978b5-jgvvs,quickpizza,flux,Neuronet-ClusterTest,171253.359,83541999.99999984,flux,flux-node4,flux-node4.av.it.pt,182,neuronet-w1,0.179881604285673,64424509440,64424509440,0,0,27649966080,34359738368,6709772288,19.52800750732422,running,0,0,0,0,5501701,left,pdu,75.529,76.395,179348.00851857,0.332,13.7,179348.00851857,1.633,0.988,-7.994,1574.79
2025-09-06 02:43:56,quickpizza,quickpizza-8b95978b5-jgvvs,quickpizza,neuronet-k8s-w2,flux,r4,Neuronet-ClusterTest,2660986932000,1800517240,22084804608,33104523264,36945920,0,22102719,89952256,94896128,94896128,22084804608,33104523264,32768,quickpizza/quickpizza-8b95978b5-jgvvs,quickpizza,quickpizza-8b95978b5-jgvvs,quickpizza,flux,Neuronet-ClusterTest,178022.157,112813300.00000016,flux,flux-node3,flux-node3.av.it.pt,185,neuronet-lb,0.0131149091075098,34359738368,34359738368,0,0,245141504,2147483648,1902342144,88.58470916748047,running,0,0,0,0,9297355,left,pdu,75.878,80.18,179349.00851862,0.333,11.6,179349.00851862,1.824,0.984,-7.831,3264.4
2025-09-06 02:44:56,quickpizza,quickpizza-8b95978b5-jgvvs,quickpizza,neuronet-k8s-w2,flux,r4,Neuronet-ClusterTest,2774781708000,1919979124,22086639616,33104523264,36626432,0,22881537,96620544,101920768,101920768,22086639616,33104523264,32768,quickpizza/quickpizza-8b95978b5-jgvvs,quickpizza,quickpizza-8b95978b5-jgvvs,quickpizza,flux,Neuronet-ClusterTest,185164.212,119034249.99999988,flux,flux-node5,flux-node5.av.it.pt,305,neuronet-k8s-w3,0.486664288055601,34359738368,34359738368,0,0,1361788928,4294967296,2933178368,68.29338073730469,running,0,0,0,0,5503790,left,pdu,80.768,81.989,183581.00871963,0.354,10.1,183581.00871963,1.577,0.991,-3.963,2782.9
2025-09-06 02:45:56,quickpizza,quickpizza-8b95978b5-jgvvs,quickpizza,neuronet-k8s-w2,flux,r4,Neuronet-ClusterTest,2864251617000,1692468978,22089240576,33104523264,33202176,0,23637544,80769024,84996096,84996096,22089240576,33104523264,32768,quickpizza/quickpizza-8b95978b5-jgvvs,quickpizza,quickpizza-8b95978b5-jgvvs,quickpizza,flux,Neuronet-ClusterTest,191843.634,111323699.99999988,flux,flux-node1,flux-node1.av.it.pt,188,neuronet-m2,0.312141339296424,64424509440,64424509440,0,0,594591744,4294967296,3700375552,86.15608215332031,running,0,0,0,0,9804084,left,pdu,61.371,59.849,147370.0069997,0.275,13.3,147370.0069997,1.718,0.981,-7.601,1847.79
2025-09-06 02:46:56,quickpizza,quickpizza-8b95978b5-jgvvs,quickpizza,neuronet-k8s-w2,flux,r4,Neuronet-ClusterTest,2947952709000,167781997,22086402048,33104523264,35164160,0,24678283,61722624,64905216,64905216,22086402048,33104523264,32768,quickpizza/quickpizza-8b95978b5-jgvvs,quickpizza,quickpizza-8b95978b5-jgvvs,quickpizza,flux,Neuronet-ClusterTest,196052.007,70139550.00000036,flux,flux-node3,flux-node3.av.it.pt,311,neuronet-5g-core,0.146146417628038,85899345920,85899345920,0,0,8799064064,17179869184,8380805120,48.78270626068115,running,0,0,0,0,1253307,left,pdu,69.259,67.736,179353.00851881,0.283,16.5,179352.00851876,1.764,0.967,-7.812,803.49
2025-09-06 02:47:56,quickpizza,quickpizza-8b95978b5-jgvvs,quickpizza,neuronet-k8s-w2,flux,r4,Neuronet-ClusterTest,2995024108000,1408826111,22085021696,33104523264,37130240,0,25325248,70316032,74010624,74010624,22085021696,33104523264,32768,quickpizza/quickpizza-8b95978b5-jgvvs,quickpizza,quickpizza-8b95978b5-jgvvs,quickpizza,flux,Neuronet-ClusterTest,201071.667,83660999.99999957,flux,flux-node5,flux-node5.av.it.pt,303,neuronet-k8s-w1,0.0528510991576623,34359738368,34359738368,0,0,311562240,4294967296,3983405056,92.74587631225586,running,0,0,0,0,5504132,right,pdu,71.684,72.193,165793.00787474,0.313,9.2,165793.00787474,1.576,0.992,-6.178,3303.46
2025-09-06 02:48:56,quickpizza,quickpizza-8b95978b5-jgvvs,quickpizza,neuronet-k8s-w2,flux,r4,Neuronet-ClusterTest,3103663308000,1787003484,22088900608,33104523264,33583104,0,26373726,83062784,87965696,87965696,22088900608,33104523264,32768,quickpizza/quickpizza-8b95978b5-jgvvs,quickpizza,quickpizza-8b95978b5-jgvvs,quickpizza,flux,Neuronet-ClusterTest,207855.318,113060850.0000002,flux,flux-node3,flux-node3.av.it.pt,306,neuronet-k8s-lb,0.0146175337237135,34359738368,34359738368,0,0,351227904,2147483648,1796255744,83.6446762084961,running,0,0,0,0,5126378,right,pdu,70.138,68.806,165794.00787479,0.307,12.8,165794.00787479,1.59,0.991,-5.796,2036.13
2025-09-06 02:49:56,quickpizza,quickpizza-8b95978b5-jgvvs,quickpizza,neuronet-k8s-w2,flux,r4,Neuronet-ClusterTest,34874437000,2540267850,22096445440,33104523264,27160576,0,46257,121417728,126889984,126889984,22096445440,33104523264,32768,quickpizza/quickpizza-8b95978b5-jgvvs,quickpizza,quickpizza-8b95978b5-jgvvs,quickpizza,flux,Neuronet-ClusterTest,2467.077,0.0,flux,flux-node1,flux-node1.av.it.pt,188,neuronet-m2,0.31642023800978,64424509440,64424509440,0,0,586469376,4294967296,3708497920,86.34519577026367,running,0,0,0,0,9804325,left,pdu,88.966,90.779,210105.00997945,0.389,8.9,210105.00997945,1.603,0.994,-5.243,3160.94
2025-09-06 02:50:56,quickpizza,quickpizza-8b95978b5-jgvvs,quickpizza,neuronet-k8s-w2,flux,r4,Neuronet-ClusterTest,164507740000,1748456512,22082576384,33104523264,39309312,0,304507,66105344,71155712,71155712,22082576384,33104523264,32768,quickpizza/quickpizza-8b95978b5-jgvvs,quickpizza,quickpizza-8b95978b5-jgvvs,quickpizza,flux,Neuronet-ClusterTest,9757.095,121500300.0,flux,flux-node5,flux-node5.av.it.pt,184,neuronet-w3,0.373306854049705,64424509440,64424509440,0,0,7225835520,34359738368,27133902848,78.97005081176758,running,0,0,0,0,9804450,right,pdu,72.992,73.851,165797.00787493,0.32,10.7,165797.00787493,1.61,0.988,-6.388,2743.35
2025-09-06 02:51:56,quickpizza,quickpizza-8b95978b5-jgvvs,quickpizza,neuronet-k8s-w2,flux,r4,Neuronet-ClusterTest,213031431000,211431136,22080061440,33104523264,41185280,0,732735,54521856,57520128,57520128,22080061440,33104523264,32768,quickpizza/quickpizza-8b95978b5-jgvvs,quickpizza,quickpizza-8b95978b5-jgvvs,quickpizza,flux,Neuronet-ClusterTest,13112.991,55931600.00000001,flux,flux-node5,flux-node5.av.it.pt,184,neuronet-w3,0.368590159831714,64424509440,64424509440,0,0,7238291456,34359738368,27121446912,78.93379926681519,running,0,0,0,0,9804510,left,pdu,62.25,63.121,179359.0085191,0.274,14.7,179359.0085191,1.681,0.986,-7.828,801.33
2025-09-06 02:52:56,quickpizza,quickpizza-8b95978b5-jgvvs,quickpizza,neuronet-k8s-w2,flux,r4,Neuronet-ClusterTest,263333132000,1580812755,22078472192,33104523264,43163648,0,1182259,63410176,67538944,67538944,22078472192,33104523264,32768,quickpizza/quickpizza-8b95978b5-jgvvs,quickpizza,quickpizza-8b95978b5-jgvvs,quickpizza,flux,Neuronet-ClusterTest,17502.231,73154000.0,flux,flux-node3,flux-node3.av.it.pt,306,neuronet-k8s-lb,0.013813152938859,34359738368,34359738368,0,0,350986240,2147483648,1796497408,83.65592956542969,running,0,0,0,0,5126618,left,pdu,75.222,73.199,179360.00851914,0.33,16.1,179360.00851914,1.713,0.987,-7.577,3165.4
2025-09-06 02:53:56,quickpizza,quickpizza-8b95978b5-jgvvs,quickpizza,neuronet-k8s-w2,flux,r4,Neuronet-ClusterTest,348608242000,1902914238,22080757760,33104523264,41136128,0,1761782,78602240,83726336,83726336,22080757760,33104523264,32768,quickpizza/quickpizza-8b95978b5-jgvvs,quickpizza,quickpizza-8b95978b5-jgvvs,quickpizza,flux,Neuronet-ClusterTest,24497.868,116593950.0,flux,flux-node4,flux-node4.av.it.pt,179,neuronet-m1,0.363896085758656,64424509440,64424509440,0,0,569286656,4294967296,3725680640,86.7452621459961,running,0,0,0,0,8847539,right,pdu,93.761,84.804,218646.01038513,0.392,7.0,218646.01038513,1.583,0.996,-0.349,4472.27
2025-09-06 02:54:56,quickpizza,quickpizza-8b95978b5-jgvvs,quickpizza,neuronet-k8s-w2,flux,r4,Neuronet-ClusterTest,484162929000,1920288614,22078447616,33104523264,43151360,0,2464437,81850368,87146496,87146496,22078447616,33104523264,32768,quickpizza/quickpizza-8b95978b5-jgvvs,quickpizza,quickpizza-8b95978b5-jgvvs,quickpizza,flux,Neuronet-ClusterTest,31768.455,121176450.00000006,flux,flux-node3,flux-node3.av.it.pt,311,neuronet-5g-core,0.145997722795007,85899345920,85899345920,0,0,8796631040,17179869184,8383238144,48.796868324279785,running,0,0,0,0,1253787,right,pdu,70.841,75.843,165802.00787517,0.31,10.6,165802.00787517,1.588,0.993,-6.508,2687.08
2025-09-06 02:55:56,quickpizza,quickpizza-8b95978b5-jgvvs,quickpizza,neuronet-k8s-w2,flux,r4,Neuronet-ClusterTest,593923927000,1753513983,22080872448,33104523264,40366080,0,3219186,78741504,84295680,84295680,22080872448,33104523264,32768,quickpizza/quickpizza-8b95978b5-jgvvs,quickpizza,quickpizza-8b95978b5-jgvvs,quickpizza,flux,Neuronet-ClusterTest,38663.775,114922000.0,flux,flux-node4,flux-node4.av.it.pt,179,neuronet-m1,0.374034017750549,64424509440,64424509440,0,0,566710272,4294967296,3728257024,86.80524826049805,running,0,0,0,0,8847659,left,pdu,93.252,93.649,210114.00997988,0.407,12.0,210114.00997988,1.568,0.995,-4.778,2453.69
2025-09-06 02:56:56,quickpizza,quickpizza-8b95978b5-jgvvs,quickpizza,neuronet-k8s-w2,flux,r4,Neuronet-ClusterTest,662864792000,348531180,22078504960,33104523264,42434560,0,4036903,56672256,60440576,60440576,22078504960,33104523264,32768,quickpizza/quickpizza-8b95978b5-jgvvs,quickpizza,quickpizza-8b95978b5-jgvvs,quickpizza,flux,Neuronet-ClusterTest,42687.228,0.0,flux,flux-node3,flux-node3.av.it.pt,311,neuronet-5g-core,0.116123098282258,85899345920,85899345920,0,0,8792666112,17179869184,8387203072,48.819947242736816,running,0,0,0,0,1253905,right,pdu,101.83,93.121,218651.01038537,0.444,8.4,218651.01038537,1.626,0.997,-0.123,803.4
2025-09-06 02:57:56,quickpizza,quickpizza-8b95978b5-jgvvs,quickpizza,neuronet-k8s-w2,flux,r4,Neuronet-ClusterTest,705279684000,1430472271,22076710912,33104523264,44376064,0,4596154,64995328,68882432,68882432,22076710912,33104523264,32768,quickpizza/quickpizza-8b95978b5-jgvvs,quickpizza,quickpizza-8b95978b5-jgvvs,quickpizza,flux,Neuronet-ClusterTest,47582.364,81585599.99999997,flux,flux-node4,flux-node4.av.it.pt,182,neuronet-w1,0.0,64424509440,64424509440,0,0,27638702080,34359738368,6721036288,19.560790061950684,running,0,0,0,0,5502600,right,pdu,74.089,74.789,165805.00787531,0.324,8.2,165805.00787531,1.571,0.99,-6.281,2720.07
2025-09-06 02:58:56,quickpizza,quickpizza-8b95978b5-jgvvs,quickpizza,neuronet-k8s-w2,flux,r4,Neuronet-ClusterTest,253955000,19821254,22096027648,33104523264,25255936,0,4471,7872512,8392704,8392704,22096027648,33104523264,32768,quickpizza/quickpizza-8b95978b5-jgvvs,quickpizza,quickpizza-8b95978b5-jgvvs,quickpizza,flux,Neuronet-ClusterTest,49105.116,25379200.000000007,flux,flux-node1,flux-node1.av.it.pt,188,neuronet-m2,0.317261326065,64424509440,64424509440,0,0,535597056,4294967296,3759370240,87.52965927124023,running,0,0,0,0,9804864,right,pdu,90.139,90.286,218654.01038551,0.395,7.9,218654.01038551,1.544,0.997,-0.85,2938.42
2025-09-06 02:59:56,quickpizza,quickpizza-8b95978b5-jgvvs,quickpizza,neuronet-k8s-w2,flux,r4,Neuronet-ClusterTest,159491812000,2368594526,22078414848,33104523264,42475520,0,77794,178937856,186212352,186212352,22078414848,33104523264,32768,quickpizza/quickpizza-8b95978b5-jgvvs,quickpizza,quickpizza-8b95978b5-jgvvs,quickpizza,flux,Neuronet-ClusterTest,9124.188,132059950.0,flux,flux-node1,flux-node1.av.it.pt,300,neuronet-k8s-m1,0.305801259846676,34359738368,34359738368,0,0,612372480,4294967296,3682594816,85.74209213256836,running,0,0,0,0,5547240,right,pdu,87.304,91.113,218655.01038556,0.391,8.0,218655.01038556,1.563,0.997,-0.596,5925.83
2025-09-06 03:00:56,quickpizza,quickpizza-8b95978b5-jgvvs,quickpizza,neuronet-k8s-w2,flux,r4,Neuronet-ClusterTest,283520146000,1869563100,22079426560,33104523264,42283008,0,229430,73113600,77881344,77881344,22079426560,33104523264,32768,quickpizza/quickpizza-8b95978b5-jgvvs,quickpizza,quickpizza-8b95978b5-jgvvs,quickpizza,flux,Neuronet-ClusterTest,16502.679,122974850.0,flux,flux-node5,flux-node5.av.it.pt,184,neuronet-w3,0.45712533415907,64424509440,64424509440,0,0,7229403136,34359738368,27130335232,78.9596676826477,running,0,0,0,0,9805050,right,pdu,69.99,75.616,165809.0078755,0.306,11.7,165809.0078755,1.596,0.992,-6.313,1934.78
2025-09-06 03:01:56,quickpizza,quickpizza-8b95978b5-jgvvs,quickpizza,neuronet-k8s-w2,flux,r4,Neuronet-ClusterTest,336835220000,80715532,22076616704,33104523264,44089344,0,668787,60010496,63590400,63590400,22076616704,33104523264,32768,quickpizza/quickpizza-8b95978b5-jgvvs,quickpizza,quickpizza-8b95978b5-jgvvs,quickpizza,flux,Neuronet-ClusterTest,19766.859,54403000.00000001,flux,flux-node1,flux-node1.av.it.pt,301,neuronet-k8s-m2,0.370323176701103,34359738368,34359738368,0,0,556371968,4294967296,3738595328,87.04595565795898,running,0,0,0,0,5547186,right,pdu,86.887,87.257,218659.01038575,0.379,8.0,218659.01038575,1.685,0.995,-0.818,808.9
2025-09-06 03:02:58,quickpizza,quickpizza-8b95978b5-jgvvs,quickpizza,neuronet-k8s-w2,flux,r4,Neuronet-ClusterTest,368536296000,1328292594,22075322368,33104523264,46174208,0,963538,61812736,65212416,65212416,22075322368,33104523264,32768,quickpizza/quickpizza-8b95978b5-jgvvs,quickpizza,quickpizza-8b95978b5-jgvvs,quickpizza,flux,Neuronet-ClusterTest,24071.775,71748600.00000003,flux,flux-node5,flux-node5.av.it.pt,305,neuronet-k8s-w3,0.196452698345129,34359738368,34359738368,0,0,1361199104,4294967296,2933768192,68.30711364746094,running,0,0,0,0,5504870,left,pdu,71.541,78.566,179372.00851971,0.341,14.1,179372.00851971,1.608,0.99,-7.923,2901.04
2025-09-06 03:03:56,quickpizza,quickpizza-8b95978b5-jgvvs,quickpizza,neuronet-k8s-w2,flux,r4,Neuronet-ClusterTest,500627652000,2066167365,22078111744,33104523264,44302336,0,1778727,122851328,129306624,129306624,22078111744,33104523264,32768,quickpizza/quickpizza-8b95978b5-jgvvs,quickpizza,quickpizza-8b95978b5-jgvvs,quickpizza,flux,Neuronet-ClusterTest,31172.574,118346650.0,flux,flux-node5,flux-node5.av.it.pt,305,neuronet-k8s-w3,0.277477680115541,34359738368,34359738368,0,0,1374765056,4294967296,2920202240,67.99125671386719,running,0,0,0,0,5504930,right,pdu,71.867,76.61,165812.00787565,0.322,13.1,165812.00787565,1.566,0.992,-6.44,1580.13
2025-09-06 03:04:56,quickpizza,quickpizza-8b95978b5-jgvvs,quickpizza,neuronet-k8s-w2,flux,r4,Neuronet-ClusterTest,596943055000,2031078589,22075834368,33104523264,46411776,0,2273604,114352128,121044992,121044992,22075834368,33104523264,32768,quickpizza/quickpizza-8b95978b5-jgvvs,quickpizza,quickpizza-8b95978b5-jgvvs,quickpizza,flux,Neuronet-ClusterTest,38511.93,122322600.0,flux,flux-node3,flux-node3.av.it.pt,306,neuronet-k8s-lb,0.0142340583790998,34359738368,34359738368,0,0,349626368,2147483648,1797857280,83.71925354003906,running,0,0,0,0,5127338,left,pdu,71.605,69.7,179374.00851981,0.314,14.0,179374.00851981,1.611,0.986,-7.8,2707.69
2025-09-06 03:05:56,quickpizza,quickpizza-8b95978b5-jgvvs,quickpizza,neuronet-k8s-w2,flux,r4,Neuronet-ClusterTest,727207937000,1713581209,22077779968,33104523264,43393024,0,3113501,81137664,86327296,86327296,22077779968,33104523264,32768,quickpizza/quickpizza-8b95978b5-jgvvs,quickpizza,quickpizza-8b95978b5-jgvvs,quickpizza,flux,Neuronet-ClusterTest,45374.883,114382550.00000004,flux,flux-node3,flux-node3.av.it.pt,311,neuronet-5g-core,0.150266577398531,85899345920,85899345920,0,0,8798547968,17179869184,8381321216,48.78571033477783,running,0,0,0,0,1254444,right,pdu,94.027,94.282,218665.01038603,0.41,8.8,218665.01038603,1.538,0.997,-1.049,3190.97
2025-09-06 03:06:56,quickpizza,quickpizza-8b95978b5-jgvvs,quickpizza,neuronet-k8s-w2,flux,r4,Neuronet-ClusterTest,788899994000,210465903,22075052032,33104523264,45338624,0,3922974,62578688,66662400,66662400,22075052032,33104523264,32768,quickpizza/quickpizza-8b95978b5-jgvvs,quickpizza,quickpizza-8b95978b5-jgvvs,quickpizza,flux,Neuronet-ClusterTest,49373.646,66646049.99999999,flux,flux-node4,flux-node4.av.it.pt,182,neuronet-w1,0.182676845796575,64424509440,64424509440,0,0,27641126912,34359738368,6718611456,19.55373287200928,running,0,0,0,0,5503140,right,pdu,63.618,62.977,165816.00787584,0.28,10.3,165816.00787584,1.609,0.988,-6.154,807.96
2025-09-06 03:07:56,quickpizza,quickpizza-8b95978b5-jgvvs,quickpizza,neuronet-k8s-w2,flux,r4,Neuronet-ClusterTest,820236736000,1293532816,22073458688,33104523264,47247360,0,4389413,64868352,68964352,68964352,22073458688,33104523264,32768,quickpizza/quickpizza-8b95978b5-jgvvs,quickpizza,quickpizza-8b95978b5-jgvvs,quickpizza,flux,Neuronet-ClusterTest,54177.294,80060800.00000001,flux,flux-node1,flux-node1.av.it.pt,300,neuronet-k8s-m1,0.301858093800992,34359738368,34359738368,0,0,640139264,4294967296,3654828032,85.09559631347656,running,0,0,0,0,5547719,right,pdu,68.623,68.384,165817.00787588,0.3,9.2,165817.00787588,1.576,0.99,-6.162,2998.5
2025-09-06 03:08:56,quickpizza,quickpizza-8b95978b5-jgvvs,quickpizza,neuronet-k8s-w2,flux,r4,Neuronet-ClusterTest,934380966000,1790008312,22078070784,33104523264,42967040,0,5444855,88485888,94109696,94109696,22078070784,33104523264,32768,quickpizza/quickpizza-8b95978b5-jgvvs,quickpizza,quickpizza-8b95978b5-jgvvs,quickpizza,flux,Neuronet-ClusterTest,60981.087,113396549.99999996,flux,flux-node1,flux-node1.av.it.pt,301,neuronet-k8s-m2,0.28769615058379,34359738368,34359738368,0,0,539545600,4294967296,3755421696,87.43772506713867,running,0,0,0,0,5547606,right,pdu,89.578,92.87,218669.01038622,0.39,6.9,218669.01038622,1.597,0.997,-0.946,1995.47
2025-09-06 03:09:56,quickpizza,quickpizza-8b95978b5-jgvvs,quickpizza,neuronet-k8s-w2,flux,r4,Neuronet-ClusterTest,1041718436000,1924581934,22077800448,33104523264,43016192,0,6089854,98275328,104153088,104153088,22077800448,33104523264,32768,quickpizza/quickpizza-8b95978b5-jgvvs,quickpizza,quickpizza-8b95978b5-jgvvs,quickpizza,flux,Neuronet-ClusterTest,68197.644,120275950.0,flux,flux-node1,flux-node1.av.it.pt,302,neuronet-k8s-m3,0.308740221609982,34359738368,34359738368,0,0,420098048,4294967296,3874869248,90.21883010864258,running,0,0,0,0,5547644,right,pdu,58.938,60.198,130655.00620578,0.26,13.1,130655.00620578,1.694,0.985,-7.764,3419.5
2025-09-06 03:10:56,quickpizza,quickpizza-8b95978b5-jgvvs,quickpizza,neuronet-k8s-w2,flux,r4,Neuronet-ClusterTest,1158648041000,1664550354,22081687552,33104523264,38723584,0,6987780,81588224,86441984,86441984,22081687552,33104523264,32768,quickpizza/quickpizza-8b95978b5-jgvvs,quickpizza,quickpizza-8b95978b5-jgvvs,quickpizza,flux,Neuronet-ClusterTest,74430.732,103884800.00000006,flux,flux-node5,flux-node5.av.it.pt,303,neuronet-k8s-w1,0.164343075885815,34359738368,34359738368,0,0,573542400,4294967296,3721424896,86.64617538452148,running,0,0,0,0,5505511,right,pdu,59.515,54.068,130656.00620583,0.235,12.1,130656.00620583,1.71,0.98,-7.219,3230.3
2025-09-06 03:11:56,quickpizza,quickpizza-8b95978b5-jgvvs,quickpizza,neuronet-k8s-w2,flux,r4,Neuronet-ClusterTest,1228404549000,609619732,22079356928,33104523264,40722432,0,7911181,63836160,67338240,67338240,22079356928,33104523264,32768,quickpizza/quickpizza-8b95978b5-jgvvs,quickpizza,quickpizza-8b95978b5-jgvvs,quickpizza,flux,Neuronet-ClusterTest,78262.584,63864199.99999999,flux,flux-node3,flux-node3.av.it.pt,185,neuronet-lb,0.013334404289641,34359738368,34359738368,0,0,302694400,2147483648,1844789248,85.90469360351562,running,0,0,0,0,9299035,right,pdu,62.564,58.421,119837.00569195,0.276,15.1,119837.00569195,1.57,0.985,-8.945,810.22
2025-09-06 03:12:56,quickpizza,quickpizza-8b95978b5-jgvvs,quickpizza,neuronet-k8s-w2,flux,r4,Neuronet-ClusterTest,10992197000,1615125285,22101372928,33104523264,18886656,0,0,0,0,33665024,22101372928,33104523264,32768,quickpizza/quickpizza-8b95978b5-jgvvs,quickpizza,quickpizza-8b95978b5-jgvvs,quickpizza,flux,Neuronet-ClusterTest,81363.402,51680299.99999999,flux,flux-node3,flux-node3.av.it.pt,306,neuronet-k8s-lb,0.0155919059520498,34359738368,34359738368,0,0,349208576,2147483648,1798275072,83.73870849609375,running,0,0,0,0,5127818,left,pdu,59.892,64.266,147399.00700108,0.265,14.2,147399.00700108,1.781,0.975,-7.446,799.48
2025-09-06 03:13:56,quickpizza,quickpizza-8b95978b5-jgvvs,quickpizza,neuronet-k8s-w2,flux,r4,Neuronet-ClusterTest,117331059000,2231265279,22090739712,33104523264,29614080,0,334749,114556928,119783424,119783424,22090739712,33104523264,32768,quickpizza/quickpizza-8b95978b5-jgvvs,quickpizza,quickpizza-8b95978b5-jgvvs,quickpizza,flux,Neuronet-ClusterTest,81363.402,0.0,flux,flux-node5,flux-node5.av.it.pt,305,neuronet-k8s-w3,0.378147285797634,34359738368,34359738368,0,0,1403129856,4294967296,2891837440,67.33083724975586,running,0,0,0,0,5505530,left,pdu,72.924,74.193,179385.00852033,0.322,15.5,179385.00852033,1.627,0.982,-7.824,3360.74
2025-09-06 03:14:56,quickpizza,quickpizza-8b95978b5-jgvvs,quickpizza,neuronet-k8s-w2,flux,r4,Neuronet-ClusterTest,247841067000,2243239020,22086144000,33104523264,33992704,0,798219,118239232,124760064,124760064,22086144000,33104523264,32768,quickpizza/quickpizza-8b95978b5-jgvvs,quickpizza,quickpizza-8b95978b5-jgvvs,quickpizza,flux,Neuronet-ClusterTest,81363.402,0.0,flux,flux-node5,flux-node5.av.it.pt,184,neuronet-w3,0.303574888924059,64424509440,64424509440,0,0,7241895936,34359738368,27117842432,78.92330884933472,running,0,0,0,0,9805890,left,pdu,100.23,103.6,210144.0099813,0.44,11.1,210144.0099813,1.576,0.993,-4.719,1894.81
2025-09-06 03:15:56,quickpizza,quickpizza-8b95978b5-jgvvs,quickpizza,neuronet-k8s-w2,flux,r4,Neuronet-ClusterTest,366469707000,1842473687,22085959680,33104523264,33902592,0,1292857,72613888,77766656,77766656,22085959680,33104523264,32768,quickpizza/quickpizza-8b95978b5-jgvvs,quickpizza,quickpizza-8b95978b5-jgvvs,quickpizza,flux,Neuronet-ClusterTest,81363.402,0.0,flux,flux-node3,flux-node3.av.it.pt,306,neuronet-k8s-lb,0.0169107575365484,34359738368,34359738368,0,0,349257728,2147483648,1798225920,83.73641967773438,running,0,0,0,0,5127998,left,pdu,71.915,67.522,179388.00852047,0.317,16.4,179388.00852047,1.636,0.977,-7.971,3721.51
2025-09-06 03:16:56,quickpizza,quickpizza-8b95978b5-jgvvs,quickpizza,neuronet-k8s-w2,flux,r4,Neuronet-ClusterTest,432136349000,113086072,22083915776,33104523264,35934208,0,1948170,54407168,57405440,57405440,22083915776,33104523264,32768,quickpizza/quickpizza-8b95978b5-jgvvs,quickpizza,quickpizza-8b95978b5-jgvvs,quickpizza,flux,Neuronet-ClusterTest,81363.402,0.0,flux,flux-node1,flux-node1.av.it.pt,302,neuronet-k8s-m3,0.316804849354915,34359738368,34359738368,0,0,438718464,4294967296,3856248832,89.7852897644043,running,0,0,0,0,5548064,left,pdu,65.717,64.325,147403.00700127,0.289,15.2,147403.00700127,1.622,0.984,-7.657,808.55
2025-09-06 03:17:56,quickpizza,quickpizza-8b95978b5-jgvvs,quickpizza,neuronet-k8s-w2,flux,r4,Neuronet-ClusterTest,485274639000,1529219150,22082650112,33104523264,37867520,0,2564932,66650112,70692864,70692864,22082650112,33104523264,32768,quickpizza/quickpizza-8b95978b5-jgvvs,quickpizza,quickpizza-8b95978b5-jgvvs,quickpizza,flux,Neuronet-ClusterTest,81363.402,0.0,flux,flux-node5,flux-node5.av.it.pt,304,neuronet-k8s-w2,0.381758427677237,34359738368,34359738368,0,0,526131200,4294967296,3768836096,87.75005340576172,running,0,0,0,0,5505787,left,pdu,64.508,73.664,179390.00852057,0.284,15.7,179390.00852057,1.626,0.987,-7.879,3920.15
2025-09-06 03:18:56,quickpizza,quickpizza-8b95978b5-jgvvs,quickpizza,neuronet-k8s-w2,flux,r4,Neuronet-ClusterTest,590806276000,2058406712,22084620288,33104523264,36933632,0,3337762,108752896,114573312,114573312,22084620288,33104523264,32768,quickpizza/quickpizza-8b95978b5-jgvvs,quickpizza,quickpizza-8b95978b5-jgvvs,quickpizza,flux,Neuronet-ClusterTest,81363.402,0.0,flux,flux-node3,flux-node3.av.it.pt,185,neuronet-lb,0.011894313071351,34359738368,34359738368,0,0,303177728,2147483648,1844305920,85.88218688964844,running,0,0,0,0,9299455,left,pdu,63.92,67.06,147405.00700136,0.285,14.3,147405.00700136,1.656,0.968,-7.561,4426.72
2025-09-06 03:19:56,quickpizza,quickpizza-8b95978b5-jgvvs,quickpizza,neuronet-k8s-w2,flux,r4,Neuronet-ClusterTest,704715557000,2062756646,22082449408,33104523264,38502400,0,3919288,98193408,103071744,103071744,22082449408,33104523264,32768,quickpizza/quickpizza-8b95978b5-jgvvs,quickpizza,quickpizza-8b95978b5-jgvvs,quickpizza,flux,Neuronet-ClusterTest,81363.402,0.0,flux,flux-node1,flux-node1.av.it.pt,188,neuronet-m2,0.319095666323395,64424509440,64424509440,0,0,615378944,4294967296,3679588352,85.67209243774414,running,0,0,0,0,9806125,left,pdu,73.501,75.87,179393.00852071,0.323,11.9,179393.00852071,1.622,0.984,-8.014,3277.93
2025-09-06 03:20:56,quickpizza,quickpizza-8b95978b5-jgvvs,quickpizza,neuronet-k8s-w2,flux,r4,Neuronet-ClusterTest,40962976000,1784732515,22094307328,33104523264,25989120,0,99787,37105664,39501824,39501824,22094307328,33104523264,32768,quickpizza/quickpizza-8b95978b5-jgvvs,quickpizza,quickpizza-8b95978b5-jgvvs,quickpizza,flux,Neuronet-ClusterTest,46455.633,0.0,flux,flux-node1,flux-node1.av.it.pt,300,neuronet-k8s-m1,0.301443813192079,34359738368,34359738368,0,0,594243584,4294967296,3700723712,86.16418838500977,running,0,0,0,0,5548499,right,pdu,69.609,70.146,165833.00787664,0.304,11.3,165833.00787664,1.572,0.992,-6.309,806.86
2025-09-06 03:21:56,quickpizza,quickpizza-8b95978b5-jgvvs,quickpizza,neuronet-k8s-w2,flux,r4,Neuronet-ClusterTest,85644464000,476637210,22091829248,33104523264,27701248,0,355522,40603648,42725376,42725376,22091829248,33104523264,32768,quickpizza/quickpizza-8b95978b5-jgvvs,quickpizza,quickpizza-8b95978b5-jgvvs,quickpizza,flux,Neuronet-ClusterTest,46455.633,0.0,flux,flux-node3,flux-node3.av.it.pt,185,neuronet-lb,0.0111655255709006,34359738368,34359738368,0,0,302657536,2147483648,1844826112,85.90641021728516,running,0,0,0,0,9299635,right,pdu,70.921,73.803,165840.00787698,0.31,12.5,165840.00787698,1.572,0.992,-6.48,801.31
2025-09-06 03:22:56,quickpizza,quickpizza-8b95978b5-jgvvs,quickpizza,neuronet-k8s-w2,flux,r4,Neuronet-ClusterTest,119087178000,1313715086,22090346496,33104523264,29618176,0,653629,42647552,45142016,45142016,22090346496,33104523264,32768,quickpizza/quickpizza-8b95978b5-jgvvs,quickpizza,quickpizza-8b95978b5-jgvvs,quickpizza,flux,Neuronet-ClusterTest,46455.633,0.0,flux,flux-node5,flux-node5.av.it.pt,305,neuronet-k8s-w3,0.272699583427679,34359738368,34359738368,0,0,1395904512,4294967296,2899062784,67.49906539916992,running,0,0,0,0,5506070,left,pdu,64.206,65.355,147409.00700155,0.283,13.5,147409.00700155,1.633,0.989,-7.386,3398.79
2025-09-06 03:23:56,quickpizza,quickpizza-8b95978b5-jgvvs,quickpizza,neuronet-k8s-w2,flux,r4,Neuronet-ClusterTest,245808005000,2193489883,22081499136,33104523264,39440384,0,1411860,123244544,128712704,128712704,22081499136,33104523264,32768,quickpizza/quickpizza-8b95978b5-jgvvs,quickpizza,quickpizza-8b95978b5-jgvvs,quickpizza,flux,Neuronet-ClusterTest,46455.633,0.0,flux,flux-node3,flux-node3.av.it.pt,311,neuronet-5g-core,0.144242162129354,85899345920,85899345920,0,0,8767176704,17179869184,8412692480,48.96831512451172,running,0,0,0,0,1255527,left,pdu,68.754,77.294,179398.00852095,0.303,13.1,179398.00852095,1.756,0.984,-8.014,5191.11
2025-09-06 03:24:56,quickpizza,quickpizza-8b95978b5-jgvvs,quickpizza,neuronet-k8s-w2,flux,r4,Neuronet-ClusterTest,206521000,0,22106263552,33104523264,13119488,0,0,0,0,6844416,22106263552,33104523264,0,quickpizza/quickpizza-8b95978b5-jgvvs,quickpizza,quickpizza-8b95978b5-jgvvs,quickpizza,flux,Neuronet-ClusterTest,46455.633,0.0,flux,flux-node3,flux-node3.av.it.pt,311,neuronet-5g-core,0.148987493070695,85899345920,85899345920,0,0,8778985472,17179869184,8400883712,48.89957904815674,running,0,0,0,0,1255584,left,pdu,93.117,88.433,210159.00998202,0.407,11.8,210159.00998202,1.627,0.993,-5.915,797.56
2025-09-06 03:25:56,quickpizza,quickpizza-8b95978b5-jgvvs,quickpizza,neuronet-k8s-w2,flux,r4,Neuronet-ClusterTest,105664619000,1827616123,22097027072,33104523264,22675456,0,325607,59863040,64204800,64204800,22097027072,33104523264,32768,quickpizza/quickpizza-8b95978b5-jgvvs,quickpizza,quickpizza-8b95978b5-jgvvs,quickpizza,flux,Neuronet-ClusterTest,46455.633,0.0,flux,flux-node1,flux-node1.av.it.pt,301,neuronet-k8s-m2,0.0,34359738368,34359738368,0,0,506384384,4294967296,3788582912,88.20981979370117,running,0,0,0,0,5548626,left,pdu,92.878,90.707,210161.00998211,0.405,12.4,210161.00998211,1.588,0.992,-3.963,1825.64
2025-09-06 03:26:56,quickpizza,quickpizza-8b95978b5-jgvvs,quickpizza,neuronet-k8s-w2,flux,r4,Neuronet-ClusterTest,159115460000,376301071,22094667776,33104523264,24616960,0,796722,43433984,46125056,46125056,22094667776,33104523264,32768,quickpizza/quickpizza-8b95978b5-jgvvs,quickpizza,quickpizza-8b95978b5-jgvvs,quickpizza,flux,Neuronet-ClusterTest,46455.633,0.0,flux,flux-node1,flux-node1.av.it.pt,302,neuronet-k8s-m3,0.317545210104496,34359738368,34359738368,0,0,415870976,4294967296,3879096320,90.3172492980957,running,0,0,0,0,5548664,left,pdu,66.381,75.075,179401.00852109,0.293,13.1,179401.00852109,1.713,0.985,-7.613,807.62
2025-09-06 03:27:56,quickpizza,quickpizza-8b95978b5-jgvvs,quickpizza,neuronet-k8s-w2,flux,r4,Neuronet-ClusterTest,202479495000,1445228361,22092931072,33104523264,26529792,0,1215282,53755904,57155584,57155584,22092931072,33104523264,32768,quickpizza/quickpizza-8b95978b5-jgvvs,quickpizza,quickpizza-8b95978b5-jgvvs,quickpizza,flux,Neuronet-ClusterTest,46455.633,0.0,flux,flux-node4,flux-node4.av.it.pt,182,neuronet-w1,0.127022079616236,64424509440,64424509440,0,0,27637399552,34359738368,6722338816,19.5645809173584,running,0,0,0,0,5504401,right,pdu,74.904,75.807,165841.00787702,0.327,11.7,165841.00787702,1.542,0.993,-6.313,4052.87
2025-09-06 03:28:56,quickpizza,quickpizza-8b95978b5-jgvvs,quickpizza,neuronet-k8s-w2,flux,r4,Neuronet-ClusterTest,303504831000,1967370467,22083264512,33104523264,36245504,0,1892264,96444416,101777408,101777408,22083264512,33104523264,32768,quickpizza/quickpizza-8b95978b5-jgvvs,quickpizza,quickpizza-8b95978b5-jgvvs,quickpizza,flux,Neuronet-ClusterTest,46455.633,0.0,flux,flux-node4,flux-node4.av.it.pt,182,neuronet-w1,0.185486348633211,64424509440,64424509440,0,0,27645562880,34359738368,6714175488,19.540822505950928,running,0,0,0,0,5504460,left,pdu,88.839,93.021,210165.0099823,0.389,11.0,210165.0099823,1.597,0.996,-5.673,1573.17
2025-09-06 03:29:56,quickpizza,quickpizza-8b95978b5-jgvvs,quickpizza,neuronet-k8s-w2,flux,r4,Neuronet-ClusterTest,441650479000,1949219709,22081052672,33104523264,38244352,0,2587840,73560064,78618624,78618624,22081052672,33104523264,32768,quickpizza/quickpizza-8b95978b5-jgvvs,quickpizza,quickpizza-8b95978b5-jgvvs,quickpizza,flux,Neuronet-ClusterTest,46455.633,0.0,flux,flux-node5,flux-node5.av.it.pt,304,neuronet-k8s-w2,0.805812987365233,34359738368,34359738368,0,0,495624192,4294967296,3799343104,88.4603500366211,running,0,0,0,0,5506508,left,pdu,90.254,79.735,183643.00872257,0.394,10.8,183643.00872257,1.633,0.995,-2.969,4645.58
2025-09-06 03:30:56,quickpizza,quickpizza-8b95978b5-jgvvs,quickpizza,neuronet-k8s-w2,flux,r4,Neuronet-ClusterTest,545192439000,1689145321,22082834432,33104523264,36220928,0,3289069,68804608,73420800,73420800,22082834432,33104523264,32768,quickpizza/quickpizza-8b95978b5-jgvvs,quickpizza,quickpizza-8b95978b5-jgvvs,quickpizza,flux,Neuronet-ClusterTest,46455.633,0.0,flux,flux-node5,flux-node5.av.it.pt,304,neuronet-k8s-w2,0.709571721612564,34359738368,34359738368,0,0,499503104,4294967296,3795464192,88.37003707885742,running,0,0,0,0,5506567,right,pdu,77.564,79.484,165845.00787721,0.34,11.3,165845.00787721,1.591,0.992,-6.277,5312.49
2025-09-06 03:31:56,quickpizza,quickpizza-8b95978b5-jgvvs,quickpizza,neuronet-k8s-w2,flux,r4,Neuronet-ClusterTest,613662171000,291266066,22091948032,33104523264,26959872,0,4156293,48508928,51511296,51511296,22091948032,33104523264,32768,quickpizza/quickpizza-8b95978b5-jgvvs,quickpizza,quickpizza-8b95978b5-jgvvs,quickpizza,flux,Neuronet-ClusterTest,46455.633,0.0,flux,flux-node5,flux-node5.av.it.pt,183,neuronet-w2,0.62030711703608,64424509440,64424509440,0,0,1455902720,34359738368,32903835648,95.76276540756226,running,0,0,0,0,9806924,right,pdu,104.44,90.906,218705.01038793,0.455,7.9,218705.01038793,1.586,0.997,-0.314,1054.16
2025-09-06 03:32:56,quickpizza,quickpizza-8b95978b5-jgvvs,quickpizza,neuronet-k8s-w2,flux,r4,Neuronet-ClusterTest,658976182000,1458471113,22090797056,33104523264,28897280,0,4778548,61882368,65241088,65241088,22090797056,33104523264,32768,quickpizza/quickpizza-8b95978b5-jgvvs,quickpizza,quickpizza-8b95978b5-jgvvs,quickpizza,flux,Neuronet-ClusterTest,46455.633,0.0,flux,flux-node4,flux-node4.av.it.pt,182,neuronet-w1,0.186757030126243,64424509440,64424509440,0,0,27616489472,34359738368,6743248896,19.625437259674072,running,0,0,0,0,5504702,right,pdu,75.385,71.66,165847.00787731,0.329,11.6,165847.00787731,1.604,0.992,-6.17,4889.44
2025-09-06 03:33:56,quickpizza,quickpizza-8b95978b5-jgvvs,quickpizza,neuronet-k8s-w2,flux,r4,Neuronet-ClusterTest,758550262000,1814613794,22083510272,33104523264,36831232,0,5695598,71970816,77262848,77262848,22083510272,33104523264,32768,quickpizza/quickpizza-8b95978b5-jgvvs,quickpizza,quickpizza-8b95978b5-jgvvs,quickpizza,flux,Neuronet-ClusterTest,46455.633,0.0,flux,flux-node3,flux-node3.av.it.pt,185,neuronet-lb,0.0128324286232374,34359738368,34359738368,0,0,302149632,2147483648,1845334016,85.93006134033203,running,0,0,0,0,9300355,left,pdu,95.073,98.011,210173.00998268,0.415,9.6,210173.00998268,1.576,0.995,-5.255,3070.41
2025-09-06 03:34:56,quickpizza,quickpizza-8b95978b5-jgvvs,quickpizza,neuronet-k8s-w2,flux,r4,Neuronet-ClusterTest,871995628000,1883179787,22083092480,33104523264,37142528,0,6403030,73854976,78819328,78819328,22083092480,33104523264,32768,quickpizza/quickpizza-8b95978b5-jgvvs,quickpizza,quickpizza-8b95978b5-jgvvs,quickpizza,flux,Neuronet-ClusterTest,46455.633,0.0,flux,flux-node4,flux-node4.av.it.pt,182,neuronet-w1,0.185571575652733,64424509440,64424509440,0,0,27634098176,34359738368,6725640192,19.57418918609619,running,0,0,0,0,5504820,right,pdu,72.905,69.907,165850.00787745,0.319,11.0,165850.00787745,1.595,0.991,-6.309,3165.99
2025-09-06 03:35:56,quickpizza,quickpizza-8b95978b5-jgvvs,quickpizza,neuronet-k8s-w2,flux,r4,Neuronet-ClusterTest,992495376000,1656301633,22085586944,33104523264,33869824,0,7378993,68624384,73093120,73093120,22085586944,33104523264,32768,quickpizza/quickpizza-8b95978b5-jgvvs,quickpizza,quickpizza-8b95978b5-jgvvs,quickpizza,flux,Neuronet-ClusterTest,46455.633,0.0,flux,flux-node3,flux-node3.av.it.pt,306,neuronet-k8s-lb,0.0155448918706132,34359738368,34359738368,0,0,345686016,2147483648,1801797632,83.90274047851562,running,0,0,0,0,5129198,right,pdu,69.362,69.986,165851.0078775,0.304,11.2,165851.0078775,1.567,0.991,-6.058,3301.32
2025-09-06 03:36:56,quickpizza,quickpizza-8b95978b5-jgvvs,quickpizza,neuronet-k8s-w2,flux,r4,Neuronet-ClusterTest,1055789703000,193412648,22082883584,33104523264,35807232,0,8215896,52449280,55349248,55349248,22082883584,33104523264,32768,quickpizza/quickpizza-8b95978b5-jgvvs,quickpizza,quickpizza-8b95978b5-jgvvs,quickpizza,flux,Neuronet-ClusterTest,46455.633,0.0,flux,flux-node3,flux-node3.av.it.pt,185,neuronet-lb,0.0116198678134983,34359738368,34359738368,0,0,301023232,2147483648,1846460416,85.98251342773438,running,0,0,0,0,9300535,right,pdu,89.773,90.095,218713.01038831,0.391,7.0,218713.01038831,1.615,0.996,-0.652,1058.59
2025-09-06 03:37:56,quickpizza,quickpizza-8b95978b5-jgvvs,quickpizza,neuronet-k8s-w2,flux,r4,Neuronet-ClusterTest,1109573985000,1433589710,22081392640,33104523264,26714112,0,8974916,59625472,63168512,63168512,22081392640,33104523264,32768,quickpizza/quickpizza-8b95978b5-jgvvs,quickpizza,quickpizza-8b95978b5-jgvvs,quickpizza,flux,Neuronet-ClusterTest,46455.633,0.0,flux,flux-node4,flux-node4.av.it.pt,182,neuronet-w1,0.183936448530687,64424509440,64424509440,0,0,27622653952,34359738368,6737084416,19.60749626159668,running,0,0,0,0,5505001,right,pdu,51.718,55.786,119860.00569304,0.231,17.3,119860.00569304,1.678,0.972,-8.845,3801.55
2025-09-06 03:38:56,quickpizza,quickpizza-8b95978b5-jgvvs,quickpizza,neuronet-k8s-w2,flux,r4,Neuronet-ClusterTest,42639424000,2294249345,22097268736,33104523264,22798336,0,73772,80642048,85094400,85094400,22097268736,33104523264,32768,quickpizza/quickpizza-8b95978b5-jgvvs,quickpizza,quickpizza-8b95978b5-jgvvs,quickpizza,flux,Neuronet-ClusterTest,46455.633,0.0,flux,flux-node1,flux-node1.av.it.pt,302,neuronet-k8s-m3,0.31802866896249,34359738368,34359738368,0,0,430985216,4294967296,3863982080,89.9653434753418,running,0,0,0,0,5549385,left,pdu,68.245,66.17,179415.00852176,0.301,13.9,179415.00852176,1.74,0.98,-7.835,2752.69
2025-09-06 03:39:56,quickpizza,quickpizza-8b95978b5-jgvvs,quickpizza,neuronet-k8s-w2,flux,r4,Neuronet-ClusterTest,290686000,0,22100934656,33104523264,17567744,0,0,0,0,7016448,22100934656,33104523264,0,quickpizza/quickpizza-8b95978b5-jgvvs,quickpizza,quickpizza-8b95978b5-jgvvs,quickpizza,flux,Neuronet-ClusterTest,8713.611,82243700.00000001,flux,flux-node1,flux-node1.av.it.pt,300,neuronet-k8s-m1,0.30272686257655,34359738368,34359738368,0,0,622665728,4294967296,3672301568,85.50243377685547,running,0,0,0,0,5549640,right,pdu,73.537,75.043,165856.00787774,0.322,10.5,165856.00787774,1.534,0.993,-6.233,1844.03
2025-09-06 03:40:56,quickpizza,quickpizza-8b95978b5-jgvvs,quickpizza,neuronet-k8s-w2,flux,r4,Neuronet-ClusterTest,86584250000,1921802913,22091726848,33104523264,27189248,0,228983,57561088,61960192,61960192,22091726848,33104523264,32768,quickpizza/quickpizza-8b95978b5-jgvvs,quickpizza,quickpizza-8b95978b5-jgvvs,quickpizza,flux,Neuronet-ClusterTest,8713.611,0.0,flux,flux-node3,flux-node3.av.it.pt,185,neuronet-lb,0.012033132156961,34359738368,34359738368,0,0,302149632,2147483648,1845334016,85.93006134033203,running,0,0,0,0,9300775,right,pdu,92.982,93.208,218719.0103886,0.405,7.8,218719.0103886,1.544,0.997,-0.687,3309.68
2025-09-06 03:41:56,quickpizza,quickpizza-8b95978b5-jgvvs,quickpizza,neuronet-k8s-w2,flux,r4,Neuronet-ClusterTest,157614615000,316316483,22089269248,33104523264,29102080,0,830584,42979328,45502464,45502464,22089269248,33104523264,32768,quickpizza/quickpizza-8b95978b5-jgvvs,quickpizza,quickpizza-8b95978b5-jgvvs,quickpizza,flux,Neuronet-ClusterTest,8713.611,0.0,flux,flux-node1,flux-node1.av.it.pt,302,neuronet-k8s-m3,0.314348752305675,34359738368,34359738368,0,0,414605312,4294967296,3880361984,90.34671783447266,running,0,0,0,0,5549564,left,pdu,61.248,62.588,147429.0070025,0.273,15.5,147429.0070025,1.664,0.971,-7.438,808.77
2025-09-06 03:42:56,quickpizza,quickpizza-8b95978b5-jgvvs,quickpizza,neuronet-k8s-w2,flux,r4,Neuronet-ClusterTest,202261472000,1514249618,22087585792,33104523264,31076352,0,1267222,54005760,57032704,57032704,22087585792,33104523264,32768,quickpizza/quickpizza-8b95978b5-jgvvs,quickpizza,quickpizza-8b95978b5-jgvvs,quickpizza,flux,Neuronet-ClusterTest,8713.611,0.0,flux,flux-node5,flux-node5.av.it.pt,184,neuronet-w3,0.370560139104859,64424509440,64424509440,0,0,7229468672,34359738368,27130269696,78.95947694778442,running,0,0,0,0,9807570,left,pdu,97.713,97.561,210187.00998335,0.427,9.2,210187.00998335,1.572,0.995,-4.329,2389.45
2025-09-06 03:43:56,quickpizza,quickpizza-8b95978b5-jgvvs,quickpizza,neuronet-k8s-w2,flux,r4,Neuronet-ClusterTest,312371266000,1940967370,22088036352,33104523264,30748672,0,1947239,88469504,93581312,93581312,22088036352,33104523264,32768,quickpizza/quickpizza-8b95978b5-jgvvs,quickpizza,quickpizza-8b95978b5-jgvvs,quickpizza,flux,Neuronet-ClusterTest,8713.611,0.0,flux,flux-node1,flux-node1.av.it.pt,188,neuronet-m2,0.319121034846697,64424509440,64424509440,0,0,477581312,4294967296,3817385984,88.88044357299805,running,0,0,0,0,9807564,left,pdu,90.429,91.204,183662.00872348,0.395,9.6,183662.00872348,1.582,0.995,-3.844,2801.61
2025-09-06 03:44:56,quickpizza,quickpizza-8b95978b5-jgvvs,quickpizza,neuronet-k8s-w2,flux,r4,Neuronet-ClusterTest,431168914000,1991368718,22086717440,33104523264,31940608,0,2565100,84811776,90353664,90353664,22086717440,33104523264,32768,quickpizza/quickpizza-8b95978b5-jgvvs,quickpizza,quickpizza-8b95978b5-jgvvs,quickpizza,flux,Neuronet-ClusterTest,8713.611,0.0,flux,flux-node1,flux-node1.av.it.pt,302,neuronet-k8s-m3,0.314453153992875,34359738368,34359738368,0,0,452870144,4294967296,3842097152,89.45579528808594,running,0,0,0,0,5549745,left,pdu,70.857,64.194,179423.00852214,0.312,12.3,179423.00852214,1.587,0.985,-7.863,3659.04
2025-09-06 03:45:56,quickpizza,quickpizza-8b95978b5-jgvvs,quickpizza,neuronet-k8s-w2,flux,r4,Neuronet-ClusterTest,530222164000,1729416399,22077603840,33104523264,40681472,0,3258927,72159232,76627968,76627968,22077603840,33104523264,32768,quickpizza/quickpizza-8b95978b5-jgvvs,quickpizza,quickpizza-8b95978b5-jgvvs,quickpizza,flux,Neuronet-ClusterTest,8713.611,0.0,flux,flux-node3,flux-node3.av.it.pt,185,neuronet-lb,0.0132017060211197,34359738368,34359738368,0,0,300072960,2147483648,1847410688,86.02676391601562,running,0,0,0,0,9301075,left,pdu,62.787,63.689,147434.00700274,0.277,12.9,147434.00700274,1.645,0.985,-7.649,4757.82
2025-09-06 03:46:56,quickpizza,quickpizza-8b95978b5-jgvvs,quickpizza,neuronet-k8s-w2,flux,r4,Neuronet-ClusterTest,608119534000,706531387,22086590464,33104523264,31461376,0,4188225,49729536,52682752,52682752,22086590464,33104523264,32768,quickpizza/quickpizza-8b95978b5-jgvvs,quickpizza,quickpizza-8b95978b5-jgvvs,quickpizza,flux,Neuronet-ClusterTest,8713.611,0.0,flux,flux-node3,flux-node3.av.it.pt,306,neuronet-k8s-lb,0.0165728788678072,34359738368,34359738368,0,0,344698880,2147483648,1802784768,83.9487075805664,running,0,0,0,0,5129859,left,pdu,91.845,89.368,210193.00998363,0.401,11.8,210193.00998363,1.601,0.991,-4.901,805.65
2025-09-06 03:47:56,quickpizza,quickpizza-8b95978b5-jgvvs,quickpizza,neuronet-k8s-w2,flux,r4,Neuronet-ClusterTest,656942645000,1445638428,22084657152,33104523264,33415168,0,4856694,61607936,65048576,65048576,22084657152,33104523264,32768,quickpizza/quickpizza-8b95978b5-jgvvs,quickpizza,quickpizza-8b95978b5-jgvvs,quickpizza,flux,Neuronet-ClusterTest,8713.611,0.0,flux,flux-node3,flux-node3.av.it.pt,185,neuronet-lb,0.0132078645652758,34359738368,34359738368,0,0,301330432,2147483648,1846153216,85.96820831298828,running,0,0,0,0,9301195,right,pdu,92.731,94.194,218730.01038912,0.404,8.4,218730.01038912,1.564,0.997,-0.592,1948.97
2025-09-06 03:48:56,quickpizza,quickpizza-8b95978b5-jgvvs,quickpizza,neuronet-k8s-w2,flux,r4,Neuronet-ClusterTest,773821050000,1856116241,22076522496,33104523264,41472000,0,5861553,84926464,89440256,89440256,22076522496,33104523264,32768,quickpizza/quickpizza-8b95978b5-jgvvs,quickpizza,quickpizza-8b95978b5-jgvvs,quickpizza,flux,Neuronet-ClusterTest,8713.611,0.0,flux,flux-node5,flux-node5.av.it.pt,305,neuronet-k8s-w3,0.605150547995976,34359738368,34359738368,0,0,1357430784,4294967296,2937536512,68.39485168457031,running,0,0,0,0,5507630,right,pdu,77.258,76.161,165867.00787826,0.339,9.6,165867.00787826,1.598,0.991,-6.086,2493.85
2025-09-06 03:49:56,quickpizza,quickpizza-8b95978b5-jgvvs,quickpizza,neuronet-k8s-w2,flux,r4,Neuronet-ClusterTest,0,0,22077751296,33104523264,41803776,0,0,0,0,0,22077751296,33104523264,32768,quickpizza/quickpizza-8b95978b5-jgvvs,quickpizza,quickpizza-8b95978b5-jgvvs,quickpizza,flux,Neuronet-ClusterTest,8713.611,0.0,flux,flux-node3,flux-node3.av.it.pt,306,neuronet-k8s-lb,0.0162965068392078,34359738368,34359738368,0,0,347402240,2147483648,1800081408,83.82282257080078,running,0,0,0,0,5130038,right,pdu,66.428,67.116,165868.00787831,0.291,10.6,165868.00787831,1.629,0.989,-6.118,3960.2
2025-09-06 03:50:56,quickpizza,quickpizza-8b95978b5-jgvvs,quickpizza,neuronet-k8s-w2,flux,r4,Neuronet-ClusterTest,71640673000,2006728901,22085726208,33104523264,32940032,0,102600,52170752,56160256,56160256,22085726208,33104523264,32768,quickpizza/quickpizza-8b95978b5-jgvvs,quickpizza,quickpizza-8b95978b5-jgvvs,quickpizza,flux,Neuronet-ClusterTest,8713.611,0.0,flux,flux-node5,flux-node5.av.it.pt,184,neuronet-w3,0.50233655918218,64424509440,64424509440,0,0,7230853120,34359738368,27128885248,78.95544767379761,running,0,0,0,0,9808050,right,pdu,88.64,90.592,218735.01038936,0.386,8.8,218735.01038936,1.604,0.997,-0.763,1654.52
2025-09-06 03:51:56,quickpizza,quickpizza-8b95978b5-jgvvs,quickpizza,neuronet-k8s-w2,flux,r4,Neuronet-ClusterTest,138857800000,268632517,22083145728,33104523264,34680832,0,571673,51306496,54513664,54513664,22083145728,33104523264,32768,quickpizza/quickpizza-8b95978b5-jgvvs,quickpizza,quickpizza-8b95978b5-jgvvs,quickpizza,flux,Neuronet-ClusterTest,8713.611,0.0,flux,flux-node1,flux-node1.av.it.pt,301,neuronet-k8s-m2,0.300223098547761,34359738368,34359738368,0,0,513003520,4294967296,3781963776,88.05570602416992,running,0,0,0,0,5550186,left,pdu,64.933,62.202,179431.00852252,0.287,13.2,179431.00852252,1.609,0.985,-8.07,807.3
2025-09-06 03:52:56,quickpizza,quickpizza-8b95978b5-jgvvs,quickpizza,neuronet-k8s-w2,flux,r4,Neuronet-ClusterTest,182133538000,1509990672,22081794048,33104523264,36622336,0,967260,63700992,67584000,67584000,22081794048,33104523264,32768,quickpizza/quickpizza-8b95978b5-jgvvs,quickpizza,quickpizza-8b95978b5-jgvvs,quickpizza,flux,Neuronet-ClusterTest,8713.611,0.0,flux,flux-node1,flux-node1.av.it.pt,301,neuronet-k8s-m2,0.249327834045302,34359738368,34359738368,0,0,524365824,4294967296,3770601472,87.79115676879883,running,0,0,0,0,5550247,left,pdu,67.545,69.641,147441.00700307,0.303,14.9,147441.00700307,1.797,0.969,-7.553,4216.87
2025-09-06 03:53:56,quickpizza,quickpizza-8b95978b5-jgvvs,quickpizza,neuronet-k8s-w2,flux,r4,Neuronet-ClusterTest,287699952000,2250630573,22072332288,33104523264,47403008,0,1523408,143515648,149905408,149905408,22072332288,33104523264,32768,quickpizza/quickpizza-8b95978b5-jgvvs,quickpizza,quickpizza-8b95978b5-jgvvs,quickpizza,flux,Neuronet-ClusterTest,8713.611,0.0,flux,flux-node5,flux-node5.av.it.pt,305,neuronet-k8s-w3,0.264446269219828,34359738368,34359738368,0,0,1388265472,4294967296,2906701824,67.67692565917969,running,0,0,0,0,5507930,right,pdu,71.183,70.149,165873.00787854,0.311,9.9,165873.00787854,1.582,0.992,-6.361,2893.66
2025-09-06 03:54:56,quickpizza,quickpizza-8b95978b5-jgvvs,quickpizza,neuronet-k8s-w2,flux,r4,Neuronet-ClusterTest,60311937000,2523812341,22096007168,33104523264,23310336,0,46910,121278464,126849024,126849024,22096007168,33104523264,32768,quickpizza/quickpizza-8b95978b5-jgvvs,quickpizza,quickpizza-8b95978b5-jgvvs,quickpizza,flux,Neuronet-ClusterTest,8713.611,0.0,flux,flux-node3,flux-node3.av.it.pt,185,neuronet-lb,0.0122660123642864,34359738368,34359738368,0,0,300945408,2147483648,1846538240,85.98613739013672,running,0,0,0,0,9301615,left,pdu,67.052,70.722,179435.00852271,0.298,15.1,179435.00852271,1.812,0.973,-7.855,5130.64
2025-09-06 03:55:56,quickpizza,quickpizza-8b95978b5-jgvvs,quickpizza,neuronet-k8s-w2,flux,r4,Neuronet-ClusterTest,207355113000,1839924677,22082326528,33104523264,35811328,0,298071,71569408,76738560,76738560,22082326528,33104523264,32768,quickpizza/quickpizza-8b95978b5-jgvvs,quickpizza,quickpizza-8b95978b5-jgvvs,quickpizza,flux,Neuronet-ClusterTest,8713.611,0.0,flux,flux-node1,flux-node1.av.it.pt,301,neuronet-k8s-m2,0.288231124347756,34359738368,34359738368,0,0,510533632,4294967296,3784433664,88.11321258544922,running,0,0,0,0,5550426,right,pdu,101.43,98.432,218742.01038969,0.442,8.9,218742.01038969,1.604,0.996,-0.409,4010.1
2025-09-06 03:56:56,quickpizza,quickpizza-8b95978b5-jgvvs,quickpizza,neuronet-k8s-w2,flux,r4,Neuronet-ClusterTest,260775768000,444164541,22091874304,33104523264,25636864,0,774660,54173696,57356288,57356288,22091874304,33104523264,32768,quickpizza/quickpizza-8b95978b5-jgvvs,quickpizza,quickpizza-8b95978b5-jgvvs,quickpizza,flux,Neuronet-ClusterTest,8713.611,0.0,flux,flux-node1,flux-node1.av.it.pt,302,neuronet-k8s-m3,0.311228432223205,34359738368,34359738368,0,0,420388864,4294967296,3874578432,90.2120590209961,running,0,0,0,0,5550465,right,pdu,90.831,94.353,218744.01038978,0.396,9.6,218744.01038978,1.555,0.997,-0.687,810.8
2025-09-06 03:57:56,quickpizza,quickpizza-8b95978b5-jgvvs,quickpizza,neuronet-k8s-w2,flux,r4,Neuronet-ClusterTest,310697165000,1543103471,22090207232,33104523264,27619328,0,1242764,68243456,72093696,72093696,22090207232,33104523264,32768,quickpizza/quickpizza-8b95978b5-jgvvs,quickpizza,quickpizza-8b95978b5-jgvvs,quickpizza,flux,Neuronet-ClusterTest,8713.611,0.0,flux,flux-node5,flux-node5.av.it.pt,304,neuronet-k8s-w2,0.443916435184381,34359738368,34359738368,0,0,527597568,4294967296,3767369728,87.71591186523438,running,0,0,0,0,5508187,right,pdu,75.266,75.811,165877.00787873,0.329,12.1,165877.00787873,1.588,0.992,-6.035,2976.27
2025-09-06 03:58:56,quickpizza,quickpizza-8b95978b5-jgvvs,quickpizza,neuronet-k8s-w2,flux,r4,Neuronet-ClusterTest,415731199000,1998570075,22081208320,33104523264,36827136,0,1915941,110612480,115494912,115494912,22081208320,33104523264,32768,quickpizza/quickpizza-8b95978b5-jgvvs,quickpizza,quickpizza-8b95978b5-jgvvs,quickpizza,flux,Neuronet-ClusterTest,8713.611,0.0,flux,flux-node3,flux-node3.av.it.pt,185,neuronet-lb,0.0105844442423005,34359738368,34359738368,0,0,296439808,2147483648,1851043840,86.1959457397461,running,0,0,0,0,9301855,right,pdu,93.192,93.411,218747.01038993,0.406,6.6,218747.01038993,1.645,0.997,-0.715,2876.87
2025-09-06 03:59:56,quickpizza,quickpizza-8b95978b5-jgvvs,quickpizza,neuronet-k8s-w2,flux,r4,Neuronet-ClusterTest,507534071000,2059729693,22079369216,33104523264,38494208,0,2429991,110759936,115703808,115703808,22079369216,33104523264,32768,quickpizza/quickpizza-8b95978b5-jgvvs,quickpizza,quickpizza-8b95978b5-jgvvs,quickpizza,flux,Neuronet-ClusterTest,8713.611,0.0,flux,flux-node5,flux-node5.av.it.pt,183,neuronet-w2,0.643676172831311,64424509440,64424509440,0,0,1383608320,34359738368,32976130048,95.97316980361938,running,0,0,0,0,9808604,left,pdu,66.655,63.514,179441.00852299,0.298,13.8,179441.00852299,1.642,0.972,-7.947,2448.7
2025-09-06 04:00:56,quickpizza,quickpizza-8b95978b5-jgvvs,quickpizza,neuronet-k8s-w2,flux,r4,Neuronet-ClusterTest,636402921000,1751435494,22081744896,33104523264,35725312,0,3306289,71204864,75718656,75718656,22081744896,33104523264,32768,quickpizza/quickpizza-8b95978b5-jgvvs,quickpizza,quickpizza-8b95978b5-jgvvs,quickpizza,flux,Neuronet-ClusterTest,8713.611,0.0,flux,flux-node5,flux-node5.av.it.pt,183,neuronet-w2,0.611226277503435,64424509440,64424509440,0,0,1384845312,34359738368,32974893056,95.96956968307497,running,0,0,0,0,9808665,right,pdu,70.392,72.344,165881.00787892,0.308,11.7,165881.00787892,1.56,0.991,-6.277,3843.72
2025-09-06 04:01:56,quickpizza,quickpizza-8b95978b5-jgvvs,quickpizza,neuronet-k8s-w2,flux,r4,Neuronet-ClusterTest,707652045000,798901422,22079500288,33104523264,37773312,0,4169787,56225792,59387904,59387904,22079500288,33104523264,32768,quickpizza/quickpizza-8b95978b5-jgvvs,quickpizza,quickpizza-8b95978b5-jgvvs,quickpizza,flux,Neuronet-ClusterTest,8713.611,0.0,flux,flux-node3,flux-node3.av.it.pt,306,neuronet-k8s-lb,0.0150566974360688,34359738368,34359738368,0,0,345104384,2147483648,1802379264,83.92982482910156,running,0,0,0,0,5130761,left,pdu,64.667,64.524,179443.00852309,0.286,12.8,179443.00852309,1.573,0.985,-7.812,998.01
2025-09-06 04:02:56,quickpizza,quickpizza-8b95978b5-jgvvs,quickpizza,neuronet-k8s-w2,flux,r4,Neuronet-ClusterTest,753063671000,1453376279,22089474048,33104523264,27807744,0,4799553,65560576,69251072,69251072,22089474048,33104523264,32768,quickpizza/quickpizza-8b95978b5-jgvvs,quickpizza,quickpizza-8b95978b5-jgvvs,quickpizza,flux,Neuronet-ClusterTest,8713.611,0.0,flux,flux-node5,flux-node5.av.it.pt,305,neuronet-k8s-w3,0.283618221204918,34359738368,34359738368,0,0,1374785536,4294967296,2920181760,67.99077987670898,running,0,0,0,0,5508470,right,pdu,92.015,92.254,218753.01039021,0.401,7.0,218753.01039021,1.583,0.997,-0.568,3327.56
2025-09-06 04:03:56,quickpizza,quickpizza-8b95978b5-jgvvs,quickpizza,neuronet-k8s-w2,flux,r4,Neuronet-ClusterTest,861773627000,1901554839,22081449984,33104523264,35790848,0,5712346,82014208,86761472,86761472,22081449984,33104523264,32768,quickpizza/quickpizza-8b95978b5-jgvvs,quickpizza,quickpizza-8b95978b5-jgvvs,quickpizza,flux,Neuronet-ClusterTest,8713.611,0.0,flux,flux-node1,flux-node1.av.it.pt,300,neuronet-k8s-m1,0.320990921034137,34359738368,34359738368,0,0,575868928,4294967296,3719098368,86.59200668334961,running,0,0,0,0,5551081,right,pdu,68.436,71.028,165885.00787911,0.3,9.6,165885.00787911,1.628,0.99,-6.301,3759.19
2025-09-06 04:04:56,quickpizza,quickpizza-8b95978b5-jgvvs,quickpizza,neuronet-k8s-w2,flux,r4,Neuronet-ClusterTest,635923000,858714461,22095089664,33104523264,21909504,0,0,0,0,9445376,22095089664,33104523264,32768,quickpizza/quickpizza-8b95978b5-jgvvs,quickpizza,quickpizza-8b95978b5-jgvvs,quickpizza,flux,Neuronet-ClusterTest,8713.611,0.0,flux,flux-node3,flux-node3.av.it.pt,185,neuronet-lb,0.0118150931920368,34359738368,34359738368,0,0,299610112,2147483648,1847873536,86.0483169555664,running,0,0,0,0,9302215,right,pdu,67.633,66.456,165886.00787916,0.29,10.0,165886.00787916,1.596,0.989,-6.372,2391.51
2025-09-06 04:05:56,quickpizza,quickpizza-8b95978b5-jgvvs,quickpizza,neuronet-k8s-w2,flux,r4,Neuronet-ClusterTest,99325823000,1998475727,22084661248,33104523264,33255424,0,115075,54681600,58949632,58949632,22084661248,33104523264,32768,quickpizza/quickpizza-8b95978b5-jgvvs,quickpizza,quickpizza-8b95978b5-jgvvs,quickpizza,flux,Neuronet-ClusterTest,7506.171,120974350.0,flux,flux-node1,flux-node1.av.it.pt,301,neuronet-k8s-m2,0.298323591685884,34359738368,34359738368,0,0,494907392,4294967296,3800059904,88.4770393371582,running,0,0,0,0,5551027,right,pdu,63.073,61.673,119884.00569418,0.278,14.2,119884.00569418,1.719,0.982,-7.919,1334.85
2025-09-06 04:06:56,quickpizza,quickpizza-8b95978b5-jgvvs,quickpizza,neuronet-k8s-w2,flux,r4,Neuronet-ClusterTest,165373417000,359301936,22081941504,33104523264,35028992,0,591362,52850688,56279040,56279040,22081941504,33104523264,32768,quickpizza/quickpizza-8b95978b5-jgvvs,quickpizza,quickpizza-8b95978b5-jgvvs,quickpizza,flux,Neuronet-ClusterTest,10682.925,52945899.99999998,flux,flux-node4,flux-node4.av.it.pt,179,neuronet-m1,0.413086616089257,64424509440,64424509440,0,0,320458752,4294967296,3974508544,92.53873825073242,running,0,0,0,0,8851919,right,pdu,57.905,62.659,130709.00620834,0.255,12.5,130709.00620834,1.616,0.988,-6.957,803.63
2025-09-06 04:07:56,quickpizza,quickpizza-8b95978b5-jgvvs,quickpizza,neuronet-k8s-w2,flux,r4,Neuronet-ClusterTest,212028655000,1554334903,22080610304,33104523264,37031936,0,1014930,68235264,72089600,72089600,22080610304,33104523264,32768,quickpizza/quickpizza-8b95978b5-jgvvs,quickpizza,quickpizza-8b95978b5-jgvvs,quickpizza,flux,Neuronet-ClusterTest,14930.673,70795800.00000003,flux,flux-node1,flux-node1.av.it.pt,302,neuronet-k8s-m3,0.320084027515437,34359738368,34359738368,0,0,409010176,4294967296,3885957120,90.47698974609376,running,0,0,0,0,5551124,right,pdu,55.889,60.222,130710.00620839,0.251,12.7,130710.00620839,1.611,0.987,-7.06,3495.28
2025-09-06 04:08:56,quickpizza,quickpizza-8b95978b5-jgvvs,quickpizza,neuronet-k8s-w2,flux,r4,Neuronet-ClusterTest,51253367000,2289565479,22097305600,33104523264,21614592,0,86159,98697216,103378944,103378944,22097305600,33104523264,32768,quickpizza/quickpizza-8b95978b5-jgvvs,quickpizza,quickpizza-8b95978b5-jgvvs,quickpizza,flux,Neuronet-ClusterTest,3724.497,0.0,flux,flux-node4,flux-node4.av.it.pt,179,neuronet-m1,0.397556321136002,64424509440,64424509440,0,0,490188800,4294967296,3804778496,88.5869026184082,running,0,0,0,0,8852038,left,pdu,73.099,78.8,179452.00852351,0.324,14.6,179452.00852351,1.659,0.976,-8.118,3874.27
2025-09-06 04:09:56,quickpizza,quickpizza-8b95978b5-jgvvs,quickpizza,neuronet-k8s-w2,flux,r4,Neuronet-ClusterTest,183685244000,2456618768,22080692224,33104523264,28172288,0,182895,159326208,166408192,166408192,22080692224,33104523264,32768,quickpizza/quickpizza-8b95978b5-jgvvs,quickpizza,quickpizza-8b95978b5-jgvvs,quickpizza,flux,Neuronet-ClusterTest,11537.763,130221100.00000004,flux,flux-node5,flux-node5.av.it.pt,303,neuronet-k8s-w1,0.157318839517691,34359738368,34359738368,0,0,471171072,4294967296,3823796224,89.02969360351562,running,0,0,0,0,5509051,left,pdu,72.117,73.596,179453.00852356,0.317,15.2,179453.00852356,1.658,0.988,-7.764,2479.39
2025-09-06 04:10:56,quickpizza,quickpizza-8b95978b5-jgvvs,quickpizza,neuronet-k8s-w2,flux,r4,Neuronet-ClusterTest,315043656000,1892561243,22087270400,33104523264,30121984,0,482760,80461824,85700608,85700608,22087270400,33104523264,32768,quickpizza/quickpizza-8b95978b5-jgvvs,quickpizza,quickpizza-8b95978b5-jgvvs,quickpizza,flux,Neuronet-ClusterTest,18779.295,120692199.99999996,flux,flux-node5,flux-node5.av.it.pt,184,neuronet-w3,0.372674667884237,64424509440,64424509440,0,0,7227838464,34359738368,27131899904,78.96422147750854,running,0,0,0,0,9809251,left,pdu,78.037,78.419,183699.00872523,0.341,8.5,183699.00872523,1.592,0.995,-2.309,3008.39
2025-09-06 04:11:56,quickpizza,quickpizza-8b95978b5-jgvvs,quickpizza,neuronet-k8s-w2,flux,r4,Neuronet-ClusterTest,375688003000,441871439,22084587520,33104523264,32075776,0,1012846,56889344,60420096,60420096,22084587520,33104523264,32768,quickpizza/quickpizza-8b95978b5-jgvvs,quickpizza,quickpizza-8b95978b5-jgvvs,quickpizza,flux,Neuronet-ClusterTest,22200.939,57027400.00000001,flux,flux-node1,flux-node1.av.it.pt,188,neuronet-m2,0.312022900933198,64424509440,64424509440,0,0,600956928,4294967296,3694010368,86.00788116455078,running,0,0,0,0,9809244,right,pdu,68.539,69.867,165894.00787954,0.3,10.1,165894.00787954,1.566,0.992,-6.504,813.95
2025-09-06 04:12:56,quickpizza,quickpizza-8b95978b5-jgvvs,quickpizza,neuronet-k8s-w2,flux,r4,Neuronet-ClusterTest,408556943000,1345336123,22083018752,33104523264,33976320,0,1352173,57880576,61177856,61177856,22083018752,33104523264,32768,quickpizza/quickpizza-8b95978b5-jgvvs,quickpizza,quickpizza-8b95978b5-jgvvs,quickpizza,flux,Neuronet-ClusterTest,26630.151,73820200.00000006,flux,flux-node4,flux-node4.av.it.pt,182,neuronet-w1,0.244565240819767,64424509440,64424509440,0,0,27630006272,34359738368,6729732096,19.586098194122314,running,0,0,0,0,5507101,left,pdu,74.566,68.273,179456.0085237,0.328,13.5,179456.0085237,1.766,0.985,-7.776,4027.39
2025-09-06 04:13:56,quickpizza,quickpizza-8b95978b5-jgvvs,quickpizza,neuronet-k8s-w2,flux,r4,Neuronet-ClusterTest,536621829000,2038830777,22084313088,33104523264,33177600,0,2188711,106377216,112070656,112070656,22084313088,33104523264,32768,quickpizza/quickpizza-8b95978b5-jgvvs,quickpizza,quickpizza-8b95978b5-jgvvs,quickpizza,flux,Neuronet-ClusterTest,33733.284,118385549.99999996,flux,flux-node4,flux-node4.av.it.pt,179,neuronet-m1,0.399418577295399,64424509440,64424509440,0,0,506580992,4294967296,3788386304,88.20524215698242,running,0,0,0,0,8852339,right,pdu,62.047,66.583,119891.00569452,0.275,14.3,119891.00569452,1.591,0.985,-8.921,2990.1
2025-09-06 04:14:56,quickpizza,quickpizza-8b95978b5-jgvvs,quickpizza,neuronet-k8s-w2,flux,r4,Neuronet-ClusterTest,663120556000,2059283671,22082379776,33104523264,34861056,0,2829819,96337920,102596608,102596608,22082379776,33104523264,32768,quickpizza/quickpizza-8b95978b5-jgvvs,quickpizza,quickpizza-8b95978b5-jgvvs,quickpizza,flux,Neuronet-ClusterTest,41038.122,121747300.00000006,flux,flux-node1,flux-node1.av.it.pt,302,neuronet-k8s-m3,0.314338706787173,34359738368,34359738368,0,0,411889664,4294967296,3883077632,90.4099464416504,running,0,0,0,0,5551544,right,pdu,90.632,86.084,218772.01039111,0.395,10.2,218772.01039111,1.584,0.997,-0.815,2892.78
2025-09-06 04:15:56,quickpizza,quickpizza-8b95978b5-jgvvs,quickpizza,neuronet-k8s-w2,flux,r4,Neuronet-ClusterTest,771977221000,1696585232,22085382144,33104523264,31358976,0,3656476,75497472,79949824,79949824,22085382144,33104523264,32768,quickpizza/quickpizza-8b95978b5-jgvvs,quickpizza,quickpizza-8b95978b5-jgvvs,quickpizza,flux,Neuronet-ClusterTest,47926.122,114800000.0,flux,flux-node5,flux-node5.av.it.pt,304,neuronet-k8s-w2,0.712925759601431,34359738368,34359738368,0,0,492093440,4294967296,3802873856,88.54255676269531,running,0,0,0,0,5509267,right,pdu,76.367,75.075,165899.00787978,0.335,11.0,165899.00787978,1.593,0.989,-5.907,3335.01
2025-09-06 04:16:56,quickpizza,quickpizza-8b95978b5-jgvvs,quickpizza,neuronet-k8s-w2,flux,r4,Neuronet-ClusterTest,828605204000,294702355,22083006464,33104523264,33345536,0,4429447,57573376,60874752,60874752,22083006464,33104523264,32768,quickpizza/quickpizza-8b95978b5-jgvvs,quickpizza,quickpizza-8b95978b5-jgvvs,quickpizza,flux,Neuronet-ClusterTest,51875.544,0.0,flux,flux-node3,flux-node3.av.it.pt,306,neuronet-k8s-lb,0.0136870206367577,34359738368,34359738368,0,0,345923584,2147483648,1801560064,83.89167785644531,running,0,0,0,0,5131658,right,pdu,74.896,75.389,165900.00787983,0.327,10.7,165900.00787983,1.54,0.993,-6.182,803.38
2025-09-06 04:17:56,quickpizza,quickpizza-8b95978b5-jgvvs,quickpizza,neuronet-k8s-w2,flux,r4,Neuronet-ClusterTest,868462017000,1373869653,22081159168,33104523264,35340288,0,5028044,66400256,70225920,70225920,22081159168,33104523264,32768,quickpizza/quickpizza-8b95978b5-jgvvs,quickpizza,quickpizza-8b95978b5-jgvvs,quickpizza,flux,Neuronet-ClusterTest,56695.437,80331549.99999994,flux,flux-node3,flux-node3.av.it.pt,311,neuronet-5g-core,0.141384920542478,85899345920,85899345920,0,0,8777281536,17179869184,8402587648,48.90949726104736,running,0,0,0,0,1258764,right,pdu,49.532,50.78,119895.00569471,0.22,17.9,119895.00569471,1.635,0.975,-7.879,4782.06
2025-09-06 04:18:56,quickpizza,quickpizza-8b95978b5-jgvvs,quickpizza,neuronet-k8s-w2,flux,r4,Neuronet-ClusterTest,982723309000,1804072407,22083895296,33104523264,32522240,0,6048819,78344192,83218432,83218432,22083895296,33104523264,32768,quickpizza/quickpizza-8b95978b5-jgvvs,quickpizza,quickpizza-8b95978b5-jgvvs,quickpizza,flux,Neuronet-ClusterTest,63552.957,114292000.00000007,flux,flux-node1,flux-node1.av.it.pt,300,neuronet-k8s-m1,0.304182869318106,34359738368,34359738368,0,0,572575744,4294967296,3722391552,86.66868209838867,running,0,0,0,0,5551979,left,pdu,57.157,60.727,147468.00700435,0.257,13.4,147468.00700435,1.772,0.978,-7.581,1580.94
2025-09-06 04:19:56,quickpizza,quickpizza-8b95978b5-jgvvs,quickpizza,neuronet-k8s-w2,flux,r4,Neuronet-ClusterTest,1083909229000,1918276879,22084378624,33104523264,31907840,0,6711890,106139648,111734784,111734784,22084378624,33104523264,32768,quickpizza/quickpizza-8b95978b5-jgvvs,quickpizza,quickpizza-8b95978b5-jgvvs,quickpizza,flux,Neuronet-ClusterTest,70641.405,118140799.99999994,flux,flux-node5,flux-node5.av.it.pt,304,neuronet-k8s-w2,0.722618853045417,34359738368,34359738368,0,0,506368000,4294967296,3788599296,88.21020126342773,running,0,0,0,0,5509507,left,pdu,57.3,61.598,147469.0070044,0.257,16.8,147469.0070044,1.77,0.973,-7.394,1900.75
2025-09-06 04:20:56,quickpizza,quickpizza-8b95978b5-jgvvs,quickpizza,neuronet-k8s-w2,flux,r4,Neuronet-ClusterTest,1193973533000,1641764599,22076596224,33104523264,39522304,0,7563911,78278656,83206144,83206144,22076596224,33104523264,32768,quickpizza/quickpizza-8b95978b5-jgvvs,quickpizza,quickpizza-8b95978b5-jgvvs,quickpizza,flux,Neuronet-ClusterTest,77369.514,112135149.99999994,flux,flux-node5,flux-node5.av.it.pt,305,neuronet-k8s-w3,0.409822283243491,34359738368,34359738368,0,0,1173413888,4294967296,3121553408,72.67932891845703,running,0,0,0,0,5509551,right,pdu,90.501,88.998,218781.01039154,0.394,5.6,218781.01039154,1.648,0.997,-0.731,2666.44
2025-09-06 04:21:56,quickpizza,quickpizza-8b95978b5-jgvvs,quickpizza,neuronet-k8s-w2,flux,r4,Neuronet-ClusterTest,1268367924000,400788768,22086901760,33104523264,29224960,0,8540215,58040320,61317120,61317120,22086901760,33104523264,32768,quickpizza/quickpizza-8b95978b5-jgvvs,quickpizza,quickpizza-8b95978b5-jgvvs,quickpizza,flux,Neuronet-ClusterTest,81531.915,69373349.99999997,flux,flux-node3,flux-node3.av.it.pt,185,neuronet-lb,0.0130883163155695,34359738368,34359738368,0,0,297771008,2147483648,1849712640,86.13395690917969,running,0,0,0,0,9303235,right,pdu,65.339,67.255,165906.00788011,0.286,8.2,165906.00788011,1.569,0.989,-6.364,1044.88
2025-09-06 04:22:56,quickpizza,quickpizza-8b95978b5-jgvvs,quickpizza,neuronet-k8s-w2,flux,r4,Neuronet-ClusterTest,1316597805000,1418287423,22085611520,33104523264,31141888,0,9270752,64778240,68612096,68612096,22085611520,33104523264,32768,quickpizza/quickpizza-8b95978b5-jgvvs,quickpizza,quickpizza-8b95978b5-jgvvs,quickpizza,flux,Neuronet-ClusterTest,86495.319,82723400.00000015,flux,flux-node5,flux-node5.av.it.pt,304,neuronet-k8s-w2,0.484280523117134,34359738368,34359738368,0,0,522498048,4294967296,3772469248,87.83464431762695,running,0,0,0,0,5509687,right,pdu,100.91,94.488,218784.01039168,0.44,9.1,218784.01039168,1.635,0.996,0.059,4010.44
2025-09-06 04:23:56,quickpizza,quickpizza-8b95978b5-jgvvs,quickpizza,neuronet-k8s-w2,flux,r4,Neuronet-ClusterTest,50800289000,2418218175,22092546048,33104523264,25423872,0,56004,77684736,81555456,81555456,22092546048,33104523264,32768,quickpizza/quickpizza-8b95978b5-jgvvs,quickpizza,quickpizza-8b95978b5-jgvvs,quickpizza,flux,Neuronet-ClusterTest,89137.656,44038949.99999999,flux,flux-node3,flux-node3.av.it.pt,311,neuronet-5g-core,0.150105579191591,85899345920,85899345920,0,0,8789073920,17179869184,8390795264,48.84085655212402,running,0,0,0,0,1259126,left,pdu,66.241,67.196,179470.00852437,0.292,12.2,179470.00852437,1.592,0.985,-8.09,3366.51
2025-09-06 04:24:56,quickpizza,quickpizza-8b95978b5-jgvvs,quickpizza,neuronet-k8s-w2,flux,r4,Neuronet-ClusterTest,182193003000,2351020669,22075957248,33104523264,32366592,0,217537,127717376,134520832,134520832,22075957248,33104523264,32768,quickpizza/quickpizza-8b95978b5-jgvvs,quickpizza,quickpizza-8b95978b5-jgvvs,quickpizza,flux,Neuronet-ClusterTest,11601.345,0.0,flux,flux-node3,flux-node3.av.it.pt,306,neuronet-k8s-lb,0.0158533562192714,34359738368,34359738368,0,0,341929984,2147483648,1805553664,84.07764434814453,running,0,0,0,0,5132139,left,pdu,57.861,58.771,147475.00700469,0.256,14.9,147475.00700469,1.63,0.976,-7.398,4825.0
2025-09-06 04:25:56,quickpizza,quickpizza-8b95978b5-jgvvs,quickpizza,neuronet-k8s-w2,flux,r4,Neuronet-ClusterTest,297309425000,2103629113,22082875392,33104523264,33701888,0,425029,109264896,114454528,114454528,22082875392,33104523264,32768,quickpizza/quickpizza-8b95978b5-jgvvs,quickpizza,quickpizza-8b95978b5-jgvvs,quickpizza,flux,Neuronet-ClusterTest,18891.921,121509600.0,flux,flux-node5,flux-node5.av.it.pt,303,neuronet-k8s-w1,0.0612425423554163,34359738368,34359738368,0,0,480985088,4294967296,3813982208,88.80119323730469,running,0,0,0,0,5510012,right,pdu,84.342,84.633,218789.01039192,0.367,8.6,218789.01039192,1.569,0.997,-0.974,2616.39
2025-09-06 04:26:56,quickpizza,quickpizza-8b95978b5-jgvvs,quickpizza,neuronet-k8s-w2,flux,r4,Neuronet-ClusterTest,378829635000,418098731,22080122880,33104523264,35684352,0,1095980,57561088,60862464,60862464,22080122880,33104523264,32768,quickpizza/quickpizza-8b95978b5-jgvvs,quickpizza,quickpizza-8b95978b5-jgvvs,quickpizza,flux,Neuronet-ClusterTest,22389.807,0.0,flux,flux-node3,flux-node3.av.it.pt,185,neuronet-lb,0.0,34359738368,34359738368,0,0,298909696,2147483648,1848573952,86.0809326171875,running,0,0,0,0,9303535,left,pdu,67.955,66.738,179474.00852456,0.301,16.1,179474.00852456,1.778,0.971,-7.78,855.28
2025-09-06 04:27:56,quickpizza,quickpizza-8b95978b5-jgvvs,quickpizza,neuronet-k8s-w2,flux,r4,Neuronet-ClusterTest,414411025000,1324551875,22078627840,33104523264,37584896,0,1468394,64557056,68452352,68452352,22078627840,33104523264,32768,quickpizza/quickpizza-8b95978b5-jgvvs,quickpizza,quickpizza-8b95978b5-jgvvs,quickpizza,flux,Neuronet-ClusterTest,26836.8,0.0,flux,flux-node3,flux-node3.av.it.pt,185,neuronet-lb,0.0117917942357656,34359738368,34359738368,0,0,297762816,2147483648,1849720832,86.13433837890625,running,0,0,0,0,9303595,left,pdu,65.065,69.768,147478.00700483,0.289,15.5,147478.00700483,1.658,0.982,-7.609,3635.39
2025-09-06 04:28:56,quickpizza,quickpizza-8b95978b5-jgvvs,quickpizza,neuronet-k8s-w2,flux,r4,Neuronet-ClusterTest,536972906000,1946551384,22080786432,33104523264,35725312,0,2327252,92061696,97353728,97353728,22080786432,33104523264,32768,quickpizza/quickpizza-8b95978b5-jgvvs,quickpizza,quickpizza-8b95978b5-jgvvs,quickpizza,flux,Neuronet-ClusterTest,33821.313,114500213.11475414,flux,flux-node3,flux-node3.av.it.pt,306,neuronet-k8s-lb,0.0149004069320098,34359738368,34359738368,0,0,345055232,2147483648,1802428416,83.93211364746094,running,0,0,0,0,5132378,left,pdu,86.943,94.858,210258.00998672,0.38,10.0,210258.00998672,1.624,0.995,-4.901,4738.9
2025-09-06 04:29:56,quickpizza,quickpizza-8b95978b5-jgvvs,quickpizza,neuronet-k8s-w2,flux,r4,Neuronet-ClusterTest,643855236000,1937228993,22081429504,33104523264,34848768,0,2965770,86233088,91693056,91693056,22081429504,33104523264,32768,quickpizza/quickpizza-8b95978b5-jgvvs,quickpizza,quickpizza-8b95978b5-jgvvs,quickpizza,flux,Neuronet-ClusterTest,41026.683,0.0,flux,flux-node3,flux-node3.av.it.pt,185,neuronet-lb,0.0123947019939422,34359738368,34359738368,0,0,298536960,2147483648,1848946688,86.0982894897461,running,0,0,0,0,9303715,left,pdu,80.749,81.699,183725.00872647,0.353,9.5,183725.00872647,1.6,0.994,-3.832,1901.75
2025-09-06 04:30:56,quickpizza,quickpizza-8b95978b5-jgvvs,quickpizza,neuronet-k8s-w2,flux,r4,Neuronet-ClusterTest,36885217000,1700758699,22095581184,33104523264,20279296,0,65489,32817152,35135488,35135488,22095581184,33104523264,32768,quickpizza/quickpizza-8b95978b5-jgvvs,quickpizza,quickpizza-8b95978b5-jgvvs,quickpizza,flux,Neuronet-ClusterTest,41326.443,4996000.000000034,flux,flux-node3,flux-node3.av.it.pt,185,neuronet-lb,0.0,34359738368,34359738368,0,0,297848832,2147483648,1849634816,86.13033294677734,running,0,0,0,0,9303775,right,pdu,56.227,57.515,130732.00620944,0.25,12.5,130732.00620944,1.69,0.977,-7.1,1054.29
2025-09-06 04:31:56,quickpizza,quickpizza-8b95978b5-jgvvs,quickpizza,neuronet-k8s-w2,flux,r4,Neuronet-ClusterTest,78903801000,327693453,22093496320,33104523264,21995520,0,253925,35676160,37658624,37658624,22093496320,33104523264,32768,quickpizza/quickpizza-8b95978b5-jgvvs,quickpizza,quickpizza-8b95978b5-jgvvs,quickpizza,flux,Neuronet-ClusterTest,41326.443,0.0,flux,flux-node5,flux-node5.av.it.pt,304,neuronet-k8s-w2,0.355637407823041,34359738368,34359738368,0,0,577519616,4294967296,3717447680,86.55357360839844,running,0,0,0,0,5510228,left,pdu,65.049,66.715,179480.00852484,0.29,17.2,179480.00852484,1.741,0.975,-8.01,801.93
2025-09-06 04:32:56,quickpizza,quickpizza-8b95978b5-jgvvs,quickpizza,neuronet-k8s-w2,flux,r4,Neuronet-ClusterTest,102203182000,1063462121,22091706368,33104523264,23932928,0,416140,35688448,38137856,38137856,22091706368,33104523264,32768,quickpizza/quickpizza-8b95978b5-jgvvs,quickpizza,quickpizza-8b95978b5-jgvvs,quickpizza,flux,Neuronet-ClusterTest,41326.443,0.0,flux,flux-node1,flux-node1.av.it.pt,301,neuronet-k8s-m2,0.293052075185937,34359738368,34359738368,0,0,526974976,4294967296,3767992320,87.73040771484375,running,0,0,0,0,5552646,right,pdu,70.285,74.042,165919.00788073,0.308,10.6,165919.00788073,1.642,0.988,-6.38,2673.81
2025-09-06 04:33:56,quickpizza,quickpizza-8b95978b5-jgvvs,quickpizza,neuronet-k8s-w2,flux,r4,Neuronet-ClusterTest,235198055000,2000029620,22082342912,33104523264,33345536,0,1288496,79339520,83730432,83730432,22082342912,33104523264,32768,quickpizza/quickpizza-8b95978b5-jgvvs,quickpizza,quickpizza-8b95978b5-jgvvs,quickpizza,flux,Neuronet-ClusterTest,41326.443,0.0,flux,flux-node1,flux-node1.av.it.pt,300,neuronet-k8s-m1,0.299946876868857,34359738368,34359738368,0,0,575053824,4294967296,3719913472,86.6109848022461,running,0,0,0,0,5552881,left,pdu,76.709,73.775,179482.00852494,0.336,14.0,179482.00852494,1.629,0.989,-7.963,3213.62
2025-09-06 04:34:56,quickpizza,quickpizza-8b95978b5-jgvvs,quickpizza,neuronet-k8s-w2,flux,r4,Neuronet-ClusterTest,20784552000,1431794608,22093950976,33104523264,21778432,0,41903,131072000,137056256,137056256,22093950976,33104523264,32768,quickpizza/quickpizza-8b95978b5-jgvvs,quickpizza,quickpizza-8b95978b5-jgvvs,quickpizza,flux,Neuronet-ClusterTest,17492.199,6436249.999999988,flux,flux-node4,flux-node4.av.it.pt,179,neuronet-m1,0.0,64424509440,64424509440,0,0,605184000,4294967296,3689783296,85.90946197509766,running,0,0,0,0,8853598,right,pdu,87.392,89.407,218803.01039258,0.381,8.1,218803.01039258,1.552,0.997,-1.133,4853.85
2025-09-06 04:35:56,quickpizza,quickpizza-8b95978b5-jgvvs,quickpizza,neuronet-k8s-w2,flux,r4,Neuronet-ClusterTest,148242493000,1956221932,22081507328,33104523264,33832960,0,241914,73531392,78708736,78708736,22081507328,33104523264,32768,quickpizza/quickpizza-8b95978b5-jgvvs,quickpizza,quickpizza-8b95978b5-jgvvs,quickpizza,flux,Neuronet-ClusterTest,17492.199,0.0,flux,flux-node5,flux-node5.av.it.pt,183,neuronet-w2,0.621665902140488,64424509440,64424509440,0,0,1296519168,34359738368,33063219200,96.22663259506226,running,0,0,0,0,9810764,right,pdu,94.707,94.957,218804.01039263,0.413,6.1,218804.01039263,1.562,0.997,-0.52,2038.3
2025-09-06 04:36:56,quickpizza,quickpizza-8b95978b5-jgvvs,quickpizza,neuronet-k8s-w2,flux,r4,Neuronet-ClusterTest,211211403000,300282408,22079475712,33104523264,35708928,0,764307,55631872,58937344,58937344,22079475712,33104523264,32768,quickpizza/quickpizza-8b95978b5-jgvvs,quickpizza,quickpizza-8b95978b5-jgvvs,quickpizza,flux,Neuronet-ClusterTest,17492.199,0.0,flux,flux-node5,flux-node5.av.it.pt,184,neuronet-w3,0.358277645868787,64424509440,64424509440,0,0,7223377920,34359738368,27136360448,78.97720336914062,running,0,0,0,0,9810811,right,pdu,90.739,89.34,218806.01039273,0.395,6.7,218806.01039273,1.563,0.997,-0.771,809.97
2025-09-06 04:37:56,quickpizza,quickpizza-8b95978b5-jgvvs,quickpizza,neuronet-k8s-w2,flux,r4,Neuronet-ClusterTest,238226414000,1108448910,22078255104,33104523264,37732352,0,1019129,54132736,57704448,57704448,22077370368,33104523264,32768,quickpizza/quickpizza-8b95978b5-jgvvs,quickpizza,quickpizza-8b95978b5-jgvvs,quickpizza,flux,Neuronet-ClusterTest,17492.199,0.0,flux,flux-node3,flux-node3.av.it.pt,306,neuronet-k8s-lb,0.0146757142437861,34359738368,34359738368,0,0,344584192,2147483648,1802899456,83.95404815673828,running,0,0,0,0,5132918,left,pdu,62.063,64.56,179487.00852518,0.274,14.6,179487.00852518,1.638,0.983,-7.569,4648.97
2025-09-06 04:38:56,quickpizza,quickpizza-8b95978b5-jgvvs,quickpizza,neuronet-k8s-w2,flux,r4,Neuronet-ClusterTest,358431283000,1953525961,22080069632,33104523264,37187584,0,1799853,93650944,99291136,99291136,22080069632,33104523264,32768,quickpizza/quickpizza-8b95978b5-jgvvs,quickpizza,quickpizza-8b95978b5-jgvvs,quickpizza,flux,Neuronet-ClusterTest,17492.199,0.0,flux,flux-node3,flux-node3.av.it.pt,185,neuronet-lb,0.0105630422659003,34359738368,34359738368,0,0,297422848,2147483648,1850060800,86.1501693725586,running,0,0,0,0,9304255,right,pdu,67.561,68.519,165926.00788106,0.295,9.8,165926.00788106,1.555,0.991,-6.337,2432.53
2025-09-06 04:39:56,quickpizza,quickpizza-8b95978b5-jgvvs,quickpizza,neuronet-k8s-w2,flux,r4,Neuronet-ClusterTest,480975935000,1970554667,22078197760,33104523264,38461440,0,2435007,88489984,94265344,94265344,22078197760,33104523264,32768,quickpizza/quickpizza-8b95978b5-jgvvs,quickpizza,quickpizza-8b95978b5-jgvvs,quickpizza,flux,Neuronet-ClusterTest,17492.199,0.0,flux,flux-node5,flux-node5.av.it.pt,305,neuronet-k8s-w3,0.403305123549519,34359738368,34359738368,0,0,1320902656,4294967296,2974064640,69.2453384399414,running,0,0,0,0,5510691,right,pdu,92.0,91.344,218811.01039296,0.401,8.4,218811.01039296,1.67,0.997,-0.675,1686.3
2025-09-06 04:40:56,quickpizza,quickpizza-8b95978b5-jgvvs,quickpizza,neuronet-k8s-w2,flux,r4,Neuronet-ClusterTest,603637388000,1665907865,22079459328,33104523264,36257792,0,3341159,75595776,80498688,80498688,22079459328,33104523264,32768,quickpizza/quickpizza-8b95978b5-jgvvs,quickpizza,quickpizza-8b95978b5-jgvvs,quickpizza,flux,Neuronet-ClusterTest,17492.199,0.0,flux,flux-node5,flux-node5.av.it.pt,303,neuronet-k8s-w1,0.181317269954035,34359738368,34359738368,0,0,439410688,4294967296,3855556608,89.76917266845703,running,0,0,0,0,5510911,left,pdu,69.259,74.002,179491.00852537,0.306,14.7,179491.00852537,1.72,0.988,-7.871,5008.83
2025-09-06 04:41:56,quickpizza,quickpizza-8b95978b5-jgvvs,quickpizza,neuronet-k8s-w2,flux,r4,Neuronet-ClusterTest,663267360000,444858553,22076612608,33104523264,38301696,0,4109745,57446400,60706816,60706816,22076612608,33104523264,32768,quickpizza/quickpizza-8b95978b5-jgvvs,quickpizza,quickpizza-8b95978b5-jgvvs,quickpizza,flux,Neuronet-ClusterTest,17492.199,0.0,flux,flux-node5,flux-node5.av.it.pt,184,neuronet-w3,0.359273961478933,64424509440,64424509440,0,0,7225634816,34359738368,27134103552,78.97063493728638,running,0,0,0,0,9811110,right,pdu,68.484,72.066,165930.00788125,0.301,9.7,165930.00788125,1.619,0.988,-6.325,801.04
2025-09-06 04:42:56,quickpizza,quickpizza-8b95978b5-jgvvs,quickpizza,neuronet-k8s-w2,flux,r4,Neuronet-ClusterTest,706865423000,1416781386,22075183104,33104523264,40263680,0,4736789,66408448,69918720,69918720,22075183104,33104523264,32768,quickpizza/quickpizza-8b95978b5-jgvvs,quickpizza,quickpizza-8b95978b5-jgvvs,quickpizza,flux,Neuronet-ClusterTest,17492.199,0.0,flux,flux-node3,flux-node3.av.it.pt,306,neuronet-k8s-lb,0.0135424064179097,34359738368,34359738368,0,0,344514560,2147483648,1802969088,83.95729064941406,running,0,0,0,0,5133218,right,pdu,74.288,76.32,165931.0078813,0.325,12.0,165931.0078813,1.535,0.992,-6.48,5353.86
2025-09-06 04:43:56,quickpizza,quickpizza-8b95978b5-jgvvs,quickpizza,neuronet-k8s-w2,flux,r4,Neuronet-ClusterTest,816536119000,1878792089,22078644224,33104523264,37253120,0,5689101,90173440,95539200,95539200,22078644224,33104523264,32768,quickpizza/quickpizza-8b95978b5-jgvvs,quickpizza,quickpizza-8b95978b5-jgvvs,quickpizza,flux,Neuronet-ClusterTest,17492.199,0.0,flux,flux-node1,flux-node1.av.it.pt,302,neuronet-k8s-m3,0.283123303219864,34359738368,34359738368,0,0,413442048,4294967296,3881525248,90.3738021850586,running,0,0,0,0,5553285,right,pdu,69.657,68.313,165932.00788135,0.305,11.6,165932.00788135,1.571,0.987,-6.257,2353.32
2025-09-06 04:44:56,quickpizza,quickpizza-8b95978b5-jgvvs,quickpizza,neuronet-k8s-w2,flux,r4,Neuronet-ClusterTest,935149400000,1902953197,22079160320,33104523264,36548608,0,6472095,85016576,90525696,90525696,22079160320,33104523264,32768,quickpizza/quickpizza-8b95978b5-jgvvs,quickpizza,quickpizza-8b95978b5-jgvvs,quickpizza,flux,Neuronet-ClusterTest,17492.199,0.0,flux,flux-node1,flux-node1.av.it.pt,301,neuronet-k8s-m2,0.298019020656075,34359738368,34359738368,0,0,502947840,4294967296,3792019456,88.28983306884766,running,0,0,0,0,5553366,right,pdu,67.931,68.516,165933.00788139,0.297,11.6,165933.00788139,1.667,0.99,-6.309,1577.33
2025-09-06 04:45:56,quickpizza,quickpizza-8b95978b5-jgvvs,quickpizza,neuronet-k8s-w2,flux,r4,Neuronet-ClusterTest,1043867781000,1574020983,22082379776,33104523264,32710656,0,7356542,67182592,71688192,71688192,22082379776,33104523264,32768,quickpizza/quickpizza-8b95978b5-jgvvs,quickpizza,quickpizza-8b95978b5-jgvvs,quickpizza,flux,Neuronet-ClusterTest,17492.199,0.0,flux,flux-node5,flux-node5.av.it.pt,305,neuronet-k8s-w3,0.349956851166479,34359738368,34359738368,0,0,1273262080,4294967296,3021705216,70.35455703735352,running,0,0,0,0,5511050,right,pdu,43.763,44.936,119919.00569585,0.195,11.9,119919.00569585,1.638,0.973,-8.798,4122.81
2025-09-06 04:46:56,quickpizza,quickpizza-8b95978b5-jgvvs,quickpizza,neuronet-k8s-w2,flux,r4,Neuronet-ClusterTest,1104622109000,732314089,22079991808,33104523264,34652160,0,8187192,58277888,61628416,61628416,22079991808,33104523264,32768,quickpizza/quickpizza-8b95978b5-jgvvs,quickpizza,quickpizza-8b95978b5-jgvvs,quickpizza,flux,Neuronet-ClusterTest,17492.199,0.0,flux,flux-node1,flux-node1.av.it.pt,301,neuronet-k8s-m2,0.258017453693944,34359738368,34359738368,0,0,509976576,4294967296,3784990720,88.12618255615234,running,0,0,0,0,5553486,right,pdu,92.349,92.58,218822.01039349,0.41,6.7,218822.01039349,1.554,0.997,-0.815,807.71
2025-09-06 04:47:56,quickpizza,quickpizza-8b95978b5-jgvvs,quickpizza,neuronet-k8s-w2,flux,r4,Neuronet-ClusterTest,1141587204000,1342646246,22078271488,33104523264,36573184,0,8757987,64008192,67911680,67911680,22078271488,33104523264,32768,quickpizza/quickpizza-8b95978b5-jgvvs,quickpizza,quickpizza-8b95978b5-jgvvs,quickpizza,flux,Neuronet-ClusterTest,17492.199,0.0,flux,flux-node4,flux-node4.av.it.pt,179,neuronet-m1,0.394074387164749,64424509440,64424509440,0,0,444887040,4294967296,3850080256,89.64166641235352,running,0,0,0,0,8854378,right,pdu,69.784,68.066,165937.00788158,0.306,10.5,165937.00788158,1.684,0.986,-6.321,2853.69
2025-09-06 04:48:56,quickpizza,quickpizza-8b95978b5-jgvvs,quickpizza,neuronet-k8s-w2,flux,r4,Neuronet-ClusterTest,1246060582000,1748002518,22082199552,33104523264,32817152,0,9775135,76226560,80805888,80805888,22082199552,33104523264,32768,quickpizza/quickpizza-8b95978b5-jgvvs,quickpizza,quickpizza-8b95978b5-jgvvs,quickpizza,flux,Neuronet-ClusterTest,17492.199,0.0,flux,flux-node4,flux-node4.av.it.pt,182,neuronet-w1,0.184960342444372,64424509440,64424509440,0,0,27632066560,34359738368,6727671808,19.58010196685791,running,0,0,0,0,5509261,left,pdu,62.206,64.321,147500.00700587,0.28,17.6,147500.00700587,1.741,0.967,-7.525,2776.23
2025-09-06 04:49:56,quickpizza,quickpizza-8b95978b5-jgvvs,quickpizza,neuronet-k8s-w2,flux,r4,Neuronet-ClusterTest,1349609700000,1944593029,22071812096,33104523264,43020288,0,10539859,95789056,100560896,100560896,22071812096,33104523264,32768,quickpizza/quickpizza-8b95978b5-jgvvs,quickpizza,quickpizza-8b95978b5-jgvvs,quickpizza,flux,Neuronet-ClusterTest,17492.199,0.0,flux,flux-node5,flux-node5.av.it.pt,305,neuronet-k8s-w3,0.525225770125028,34359738368,34359738368,0,0,1314914304,4294967296,2980052992,69.384765625,running,0,0,0,0,5511290,left,pdu,101.31,96.353,210291.00998829,0.43,9.8,210291.00998829,1.578,0.994,-5.506,3370.15
2025-09-06 04:50:56,quickpizza,quickpizza-8b95978b5-jgvvs,quickpizza,neuronet-k8s-w2,flux,r4,Neuronet-ClusterTest,34133777000,2175832330,22091960320,33104523264,22568960,0,48880,53563392,56729600,56729600,22091960320,33104523264,32768,quickpizza/quickpizza-8b95978b5-jgvvs,quickpizza,quickpizza-8b95978b5-jgvvs,quickpizza,flux,Neuronet-ClusterTest,17492.199,0.0,flux,flux-node4,flux-node4.av.it.pt,182,neuronet-w1,0.114285335988946,64424509440,64424509440,0,0,27618091008,34359738368,6741647360,19.62077617645264,running,0,0,0,0,5509381,left,pdu,88.056,89.085,183754.00872785,0.384,11.5,183754.00872785,1.643,0.995,-3.522,807.15
2025-09-06 04:51:56,quickpizza,quickpizza-8b95978b5-jgvvs,quickpizza,neuronet-k8s-w2,flux,r4,Neuronet-ClusterTest,83434496000,434973260,22090051584,33104523264,24281088,0,227184,53063680,55681024,55681024,22090051584,33104523264,32768,quickpizza/quickpizza-8b95978b5-jgvvs,quickpizza,quickpizza-8b95978b5-jgvvs,quickpizza,flux,Neuronet-ClusterTest,17492.199,0.0,flux,flux-node4,flux-node4.av.it.pt,179,neuronet-m1,0.423270102495705,64424509440,64424509440,0,0,381595648,4294967296,3913371648,91.11528396606444,running,0,0,0,0,8854618,right,pdu,70.126,73.091,165942.00788182,0.31,11.4,165942.00788182,1.543,0.992,-6.201,808.36
2025-09-06 04:52:56,quickpizza,quickpizza-8b95978b5-jgvvs,quickpizza,neuronet-k8s-w2,flux,r4,Neuronet-ClusterTest,115614426000,1343127915,22088151040,33104523264,26226688,0,449101,54702080,57270272,57270272,22088151040,33104523264,32768,quickpizza/quickpizza-8b95978b5-jgvvs,quickpizza,quickpizza-8b95978b5-jgvvs,quickpizza,flux,Neuronet-ClusterTest,17492.199,0.0,flux,flux-node5,flux-node5.av.it.pt,304,neuronet-k8s-w2,0.41233754010829,34359738368,34359738368,0,0,548777984,4294967296,3746189312,87.2227668762207,running,0,0,0,0,5511488,left,pdu,66.571,65.395,179506.00852608,0.293,11.8,179506.00852608,1.604,0.98,-7.541,3566.73
2025-09-06 04:53:56,quickpizza,quickpizza-8b95978b5-jgvvs,quickpizza,neuronet-k8s-w2,flux,r4,Neuronet-ClusterTest,243178292000,2019298194,22078418944,33104523264,35921920,0,1225059,85704704,90763264,90763264,22078418944,33104523264,32768,quickpizza/quickpizza-8b95978b5-jgvvs,quickpizza,quickpizza-8b95978b5-jgvvs,quickpizza,flux,Neuronet-ClusterTest,17492.199,0.0,flux,flux-node5,flux-node5.av.it.pt,184,neuronet-w3,0.349022295442515,64424509440,64424509440,0,0,7228600320,34359738368,27131138048,78.9620041847229,running,0,0,0,0,9811831,right,pdu,93.252,101.75,218832.01039396,0.406,8.6,218832.01039396,1.583,0.997,-0.711,2862.43
2025-09-06 04:54:56,quickpizza,quickpizza-8b95978b5-jgvvs,quickpizza,neuronet-k8s-w2,flux,r4,Neuronet-ClusterTest,198584000,0,22097145856,33104523264,17055744,0,0,0,0,7147520,22097145856,33104523264,32768,quickpizza/quickpizza-8b95978b5-jgvvs,quickpizza,quickpizza-8b95978b5-jgvvs,quickpizza,flux,Neuronet-ClusterTest,17492.199,0.0,flux,flux-node5,flux-node5.av.it.pt,181,neuronet-m3,0.36377473298603,64424509440,64424509440,0,0,790024192,4294967296,3504943104,81.60581588745117,running,0,0,0,0,9811933,left,pdu,68.452,73.207,179508.00852617,0.302,15.3,179508.00852617,1.661,0.982,-7.831,3652.42
2025-09-06 04:55:56,quickpizza,quickpizza-8b95978b5-jgvvs,quickpizza,neuronet-k8s-w2,flux,r4,Neuronet-ClusterTest,103848022000,1877072403,22087200768,33104523264,27951104,0,233929,65441792,70225920,70225920,22087200768,33104523264,32768,quickpizza/quickpizza-8b95978b5-jgvvs,quickpizza,quickpizza-8b95978b5-jgvvs,quickpizza,flux,Neuronet-ClusterTest,17492.199,0.0,flux,flux-node5,flux-node5.av.it.pt,305,neuronet-k8s-w3,0.554273399070577,34359738368,34359738368,0,0,1276379136,4294967296,3018588160,70.281982421875,running,0,0,0,0,5511650,right,pdu,42.408,40.507,119928.00569627,0.189,14.6,119928.00569627,1.657,0.973,-8.046,3264.39
2025-09-06 04:56:56,quickpizza,quickpizza-8b95978b5-jgvvs,quickpizza,neuronet-k8s-w2,flux,r4,Neuronet-ClusterTest,163452536000,432119842,22084239360,33104523264,29790208,0,720905,54697984,57888768,57888768,22084239360,33104523264,32768,quickpizza/quickpizza-8b95978b5-jgvvs,quickpizza,quickpizza-8b95978b5-jgvvs,quickpizza,flux,Neuronet-ClusterTest,17492.199,0.0,flux,flux-node4,flux-node4.av.it.pt,179,neuronet-m1,0.419057539745232,64424509440,64424509440,0,0,414957568,4294967296,3880009728,90.33851623535156,running,0,0,0,0,8854918,left,pdu,68.118,78.224,179511.00852632,0.301,14.8,179511.00852632,1.583,0.988,-7.784,1166.15
2025-09-06 04:57:56,quickpizza,quickpizza-8b95978b5-jgvvs,quickpizza,neuronet-k8s-w2,flux,r4,Neuronet-ClusterTest,213403583000,1563226144,22082969600,33104523264,31731712,0,1159587,68235264,72056832,72056832,22082969600,33104523264,32768,quickpizza/quickpizza-8b95978b5-jgvvs,quickpizza,quickpizza-8b95978b5-jgvvs,quickpizza,flux,Neuronet-ClusterTest,17492.199,0.0,flux,flux-node3,flux-node3.av.it.pt,306,neuronet-k8s-lb,0.0156016396153173,34359738368,34359738368,0,0,341266432,2147483648,1806217216,84.1085433959961,running,0,0,0,0,5134118,right,pdu,92.644,87.296,218839.01039429,0.403,7.6,218839.01039429,1.577,0.996,-0.671,2024.16
2025-09-06 04:58:56,quickpizza,quickpizza-8b95978b5-jgvvs,quickpizza,neuronet-k8s-w2,flux,r4,Neuronet-ClusterTest,294271572000,1864093774,22074650624,33104523264,30572544,0,1702394,87736320,92786688,92786688,22074650624,33104523264,32768,quickpizza/quickpizza-8b95978b5-jgvvs,quickpizza,quickpizza-8b95978b5-jgvvs,quickpizza,flux,Neuronet-ClusterTest,17492.199,0.0,flux,flux-node3,flux-node3.av.it.pt,185,neuronet-lb,0.0115718608056415,34359738368,34359738368,0,0,296775680,2147483648,1850707968,86.18030548095703,running,0,0,0,0,9305455,left,pdu,67.184,68.893,179513.00852641,0.297,12.7,179513.00852641,1.639,0.984,-7.955,3874.36
2025-09-06 04:59:56,quickpizza,quickpizza-8b95978b5-jgvvs,quickpizza,neuronet-k8s-w2,flux,r4,Neuronet-ClusterTest,421326048000,2035536408,22072492032,33104523264,31956992,0,2321376,109211648,115040256,115040256,22072492032,33104523264,32768,quickpizza/quickpizza-8b95978b5-jgvvs,quickpizza,quickpizza-8b95978b5-jgvvs,quickpizza,flux,Neuronet-ClusterTest,17492.199,0.0,flux,flux-node5,flux-node5.av.it.pt,304,neuronet-k8s-w2,0.749433853218692,34359738368,34359738368,0,0,474849280,4294967296,3820118016,88.94405364990234,running,0,0,0,0,5511907,right,pdu,90.429,90.68,218842.01039444,0.394,7.5,218842.01039444,1.558,0.997,-0.958,4706.1
2025-09-06 05:00:56,quickpizza,quickpizza-8b95978b5-jgvvs,quickpizza,neuronet-k8s-w2,flux,r4,Neuronet-ClusterTest,545954433000,1789740897,22073729024,33104523264,40644608,0,3140641,78249984,82952192,82952192,22073729024,33104523264,32768,quickpizza/quickpizza-8b95978b5-jgvvs,quickpizza,quickpizza-8b95978b5-jgvvs,quickpizza,flux,Neuronet-ClusterTest,17492.199,0.0,flux,flux-node1,flux-node1.av.it.pt,302,neuronet-k8s-m3,0.319272500521341,34359738368,34359738368,0,0,428470272,4294967296,3866497024,90.02389907836914,running,0,0,0,0,5554305,right,pdu,70.706,70.77,165952.0078823,0.309,11.9,165952.0078823,1.637,0.99,-6.225,4478.33
2025-09-06 05:01:56,quickpizza,quickpizza-8b95978b5-jgvvs,quickpizza,neuronet-k8s-w2,flux,r4,Neuronet-ClusterTest,615527840000,687494682,22082420736,33104523264,31371264,0,3977997,55894016,59174912,59174912,22082420736,33104523264,32768,quickpizza/quickpizza-8b95978b5-jgvvs,quickpizza,quickpizza-8b95978b5-jgvvs,quickpizza,flux,Neuronet-ClusterTest,17492.199,0.0,flux,flux-node1,flux-node1.av.it.pt,302,neuronet-k8s-m3,0.313004733404258,34359738368,34359738368,0,0,404582400,4294967296,3890384896,90.58008193969728,running,0,0,0,0,5554364,left,pdu,68.718,71.962,147514.00700654,0.303,14.5,147514.00700654,1.642,0.986,-7.327,800.7
2025-09-06 05:02:56,quickpizza,quickpizza-8b95978b5-jgvvs,quickpizza,neuronet-k8s-w2,flux,r4,Neuronet-ClusterTest,659945494000,1406519568,22080811008,33104523264,33304576,0,4609308,66465792,70180864,70180864,22080811008,33104523264,32768,quickpizza/quickpizza-8b95978b5-jgvvs,quickpizza,quickpizza-8b95978b5-jgvvs,quickpizza,flux,Neuronet-ClusterTest,17492.199,0.0,flux,flux-node1,flux-node1.av.it.pt,300,neuronet-k8s-m1,0.289415906485224,34359738368,34359738368,0,0,566386688,4294967296,3728580608,86.81278228759766,running,0,0,0,0,5554620,left,pdu,65.538,59.674,147515.00700659,0.289,13.1,147515.00700659,1.69,0.981,-7.549,5014.15
2025-09-06 05:03:56,quickpizza,quickpizza-8b95978b5-jgvvs,quickpizza,neuronet-k8s-w2,flux,r4,Neuronet-ClusterTest,755144781000,1826437253,22073200640,33104523264,41095168,0,5450082,82059264,86962176,86962176,22073200640,33104523264,32768,quickpizza/quickpizza-8b95978b5-jgvvs,quickpizza,quickpizza-8b95978b5-jgvvs,quickpizza,flux,Neuronet-ClusterTest,17492.199,0.0,flux,flux-node1,flux-node1.av.it.pt,188,neuronet-m2,0.243441913137017,64424509440,64424509440,0,0,507629568,4294967296,3787337728,88.18082809448242,running,0,0,0,0,9812364,left,pdu,69.02,69.637,179519.00852669,0.306,14.7,179519.00852669,1.701,0.981,-7.788,2991.13
2025-09-06 05:04:56,quickpizza,quickpizza-8b95978b5-jgvvs,quickpizza,neuronet-k8s-w2,flux,r4,Neuronet-ClusterTest,880748438000,2028332615,22072946688,33104523264,41349120,0,6230387,108699648,114667520,114667520,22072946688,33104523264,32768,quickpizza/quickpizza-8b95978b5-jgvvs,quickpizza,quickpizza-8b95978b5-jgvvs,quickpizza,flux,Neuronet-ClusterTest,17492.199,0.0,flux,flux-node5,flux-node5.av.it.pt,305,neuronet-k8s-w3,0.648212696642592,34359738368,34359738368,0,0,1204477952,4294967296,3090489344,71.95606231689453,running,0,0,0,0,5512190,left,pdu,71.97,65.609,179521.00852679,0.319,16.8,179521.00852679,1.655,0.981,-7.971,3774.24
2025-09-06 05:05:56,quickpizza,quickpizza-8b95978b5-jgvvs,quickpizza,neuronet-k8s-w2,flux,r4,Neuronet-ClusterTest,994854945000,1600552114,22076178432,33104523264,37621760,0,7084423,68771840,73199616,73199616,22076178432,33104523264,32768,quickpizza/quickpizza-8b95978b5-jgvvs,quickpizza,quickpizza-8b95978b5-jgvvs,quickpizza,flux,Neuronet-ClusterTest,17492.199,0.0,flux,flux-node5,flux-node5.av.it.pt,184,neuronet-w3,0.348373705698464,64424509440,64424509440,0,0,7227355136,34359738368,27132383232,78.96562814712524,running,0,0,0,0,9812550,left,pdu,75.159,74.304,179522.00852684,0.331,14.8,179522.00852684,1.719,0.985,-7.927,4540.8
2025-09-06 05:06:56,quickpizza,quickpizza-8b95978b5-jgvvs,quickpizza,neuronet-k8s-w2,flux,r4,Neuronet-ClusterTest,1061371616000,318474246,22073901056,33104523264,39579648,0,7977744,57806848,60841984,60841984,22073901056,33104523264,32768,quickpizza/quickpizza-8b95978b5-jgvvs,quickpizza,quickpizza-8b95978b5-jgvvs,quickpizza,flux,Neuronet-ClusterTest,17492.199,0.0,flux,flux-node3,flux-node3.av.it.pt,185,neuronet-lb,0.0128714789208937,34359738368,34359738368,0,0,296001536,2147483648,1851482112,86.21635437011719,running,0,0,0,0,9305935,left,pdu,62.552,63.637,147519.00700678,0.276,14.5,147519.00700678,1.684,0.982,-7.557,806.38
2025-09-06 05:07:56,quickpizza,quickpizza-8b95978b5-jgvvs,quickpizza,neuronet-k8s-w2,flux,r4,Neuronet-ClusterTest,1113615773000,1456402406,22072049664,33104523264,30334976,0,8718653,70246400,74047488,74047488,22072049664,33104523264,32768,quickpizza/quickpizza-8b95978b5-jgvvs,quickpizza,quickpizza-8b95978b5-jgvvs,quickpizza,flux,Neuronet-ClusterTest,17492.199,0.0,flux,flux-node3,flux-node3.av.it.pt,185,neuronet-lb,0.0138402487764444,34359738368,34359738368,0,0,294854656,2147483648,1852628992,86.26976013183594,running,0,0,0,0,9305995,left,pdu,67.772,68.4,147520.00700682,0.3,13.9,147520.00700682,1.618,0.985,-7.366,2395.06
2025-09-06 05:08:56,quickpizza,quickpizza-8b95978b5-jgvvs,quickpizza,neuronet-k8s-w2,flux,r4,Neuronet-ClusterTest,12883744000,829630221,22094188544,33104523264,19763200,0,41811,135446528,140242944,140242944,22094188544,33104523264,32768,quickpizza/quickpizza-8b95978b5-jgvvs,,,,,,,,flux,flux-node3,flux-node3.av.it.pt,306,neuronet-k8s-lb,0.0144408048992116,34359738368,34359738368,0,0,342659072,2147483648,1804824576,84.04369354248047,running,0,0,0,0,5134778,left,pdu,68.71,72.813,179526.00852703,0.304,14.9,179526.00852703,1.705,0.976,-8.01,5011.19
2025-09-06 05:09:56,quickpizza,quickpizza-8b95978b5-jgvvs,quickpizza,neuronet-k8s-w2,flux,r4,Neuronet-ClusterTest,129312319000,2502739929,22076284928,33104523264,37208064,0,65401,158965760,166379520,166379520,22076284928,33104523264,32768,quickpizza/quickpizza-8b95978b5-jgvvs,quickpizza,quickpizza-8b95978b5-jgvvs,quickpizza,flux,Neuronet-ClusterTest,9112.956,132146100.0,flux,flux-node4,flux-node4.av.it.pt,182,neuronet-w1,0.184482771018756,64424509440,64424509440,0,0,27624587264,34359738368,6735151104,19.601869583129883,running,0,0,0,0,5510521,right,pdu,73.807,74.348,165963.00788282,0.322,10.9,165963.00788282,1.66,0.992,-6.297,1696.27
2025-09-06 05:10:56,quickpizza,quickpizza-8b95978b5-jgvvs,quickpizza,neuronet-k8s-w2,flux,r4,Neuronet-ClusterTest,272637892000,2003689633,22074830848,33104523264,39489536,0,215031,73588736,78356480,78356480,22073753600,33104523264,32768,quickpizza/quickpizza-8b95978b5-jgvvs,quickpizza,quickpizza-8b95978b5-jgvvs,quickpizza,flux,Neuronet-ClusterTest,16488.852,122931599.99999996,flux,flux-node5,flux-node5.av.it.pt,304,neuronet-k8s-w2,0.766511737258466,34359738368,34359738368,0,0,498585600,4294967296,3796381696,88.39139938354492,running,0,0,0,0,5512568,right,pdu,97.148,94.564,218859.01039524,0.423,8.9,218859.01039524,1.561,0.997,-0.393,1790.63
2025-09-06 05:11:56,quickpizza,quickpizza-8b95978b5-jgvvs,quickpizza,neuronet-k8s-w2,flux,r4,Neuronet-ClusterTest,336150872000,397727366,22082146304,33104523264,31035392,0,716416,56250368,59940864,59940864,22082146304,33104523264,32768,quickpizza/quickpizza-8b95978b5-jgvvs,quickpizza,quickpizza-8b95978b5-jgvvs,quickpizza,flux,Neuronet-ClusterTest,19769.73,55608101.69491527,flux,flux-node4,flux-node4.av.it.pt,182,neuronet-w1,0.182698924386499,64424509440,64424509440,0,0,27623370752,34359738368,6736367616,19.60541009902954,running,0,0,0,0,5510641,left,pdu,64.83,65.57,147524.00700701,0.285,15.3,147524.00700701,1.624,0.986,-7.732,803.46
2025-09-06 05:12:56,quickpizza,quickpizza-8b95978b5-jgvvs,quickpizza,neuronet-k8s-w2,flux,r4,Neuronet-ClusterTest,367719741000,1340931058,22080933888,33104523264,32997376,0,1010129,57511936,60821504,60821504,22080933888,33104523264,32768,quickpizza/quickpizza-8b95978b5-jgvvs,quickpizza,quickpizza-8b95978b5-jgvvs,quickpizza,flux,Neuronet-ClusterTest,24069.675,71665749.99999999,flux,flux-node4,flux-node4.av.it.pt,182,neuronet-w1,0.154762228060336,64424509440,64424509440,0,0,27620593664,34359738368,6739144704,19.613492488861084,running,0,0,0,0,5510701,right,pdu,70.758,74.888,165967.00788301,0.31,9.1,165967.00788301,1.564,0.99,-6.213,3987.49
2025-09-06 05:13:56,quickpizza,quickpizza-8b95978b5-jgvvs,quickpizza,neuronet-k8s-w2,flux,r4,Neuronet-ClusterTest,471309878000,1944348082,22072668160,33104523264,42246144,0,1756904,94400512,100102144,100102144,22072668160,33104523264,32768,quickpizza/quickpizza-8b95978b5-jgvvs,quickpizza,quickpizza-8b95978b5-jgvvs,quickpizza,flux,Neuronet-ClusterTest,31151.925,118037500.0,flux,flux-node1,flux-node1.av.it.pt,302,neuronet-k8s-m3,0.30875056700657,34359738368,34359738368,0,0,393355264,4294967296,3901612032,90.84148406982422,running,0,0,0,0,5555084,right,pdu,73.274,72.718,165968.00788306,0.321,12.8,165968.00788306,1.642,0.989,-6.046,4144.09
2025-09-06 05:14:56,quickpizza,quickpizza-8b95978b5-jgvvs,quickpizza,neuronet-k8s-w2,flux,r4,Neuronet-ClusterTest,602346169000,2158441871,22069362688,33104523264,32989184,0,2348598,120500224,125816832,125816832,22069362688,33104523264,32768,quickpizza/quickpizza-8b95978b5-jgvvs,quickpizza,quickpizza-8b95978b5-jgvvs,quickpizza,flux,Neuronet-ClusterTest,38528.16,122937250.00000007,flux,flux-node4,flux-node4.av.it.pt,179,neuronet-m1,0.404005048126604,64424509440,64424509440,0,0,589271040,4294967296,3705696256,86.27996444702148,running,0,0,0,0,8855998,left,pdu,77.043,74.467,179533.00852736,0.34,16.1,179533.00852736,1.644,0.988,-7.824,1582.04
2025-09-06 05:15:56,quickpizza,quickpizza-8b95978b5-jgvvs,quickpizza,neuronet-k8s-w2,flux,r4,Neuronet-ClusterTest,723453182000,1888788726,22070566912,33104523264,32194560,0,3012055,95182848,100581376,100581376,22070566912,33104523264,32768,quickpizza/quickpizza-8b95978b5-jgvvs,quickpizza,quickpizza-8b95978b5-jgvvs,quickpizza,flux,Neuronet-ClusterTest,45594.639,117774650.0,flux,flux-node3,flux-node3.av.it.pt,185,neuronet-lb,0.0126349136554432,34359738368,34359738368,0,0,295469056,2147483648,1852014592,86.24114990234375,running,0,0,0,0,9306475,left,pdu,69.657,79.023,179534.00852741,0.306,14.4,179534.00852741,1.671,0.982,-7.947,2317.3
2025-09-06 05:16:56,quickpizza,quickpizza-8b95978b5-jgvvs,quickpizza,neuronet-k8s-w2,flux,r4,Neuronet-ClusterTest,796464865000,370010892,22078631936,33104523264,34308096,0,3868250,58187776,61648896,61648896,22078631936,33104523264,32768,quickpizza/quickpizza-8b95978b5-jgvvs,quickpizza,quickpizza-8b95978b5-jgvvs,quickpizza,flux,Neuronet-ClusterTest,49580.97,66438849.99999997,flux,flux-node5,flux-node5.av.it.pt,181,neuronet-m3,0.385485401909702,64424509440,64424509440,0,0,571523072,4294967296,3723444224,86.69319152832031,running,0,0,0,0,9813253,right,pdu,93.669,92.115,218868.01039567,0.408,6.4,218868.01039567,1.55,0.997,-0.377,804.48
2025-09-06 05:17:56,quickpizza,quickpizza-8b95978b5-jgvvs,quickpizza,neuronet-k8s-w2,flux,r4,Neuronet-ClusterTest,854295571000,1502588164,22077095936,33104523264,36265984,0,4640633,69808128,73994240,73994240,22077095936,33104523264,32768,quickpizza/quickpizza-8b95978b5-jgvvs,quickpizza,quickpizza-8b95978b5-jgvvs,quickpizza,flux,Neuronet-ClusterTest,54376.092,79918699.99999993,flux,flux-node1,flux-node1.av.it.pt,302,neuronet-k8s-m3,0.311150233858181,34359738368,34359738368,0,0,403402752,4294967296,3891564544,90.60754776000977,running,0,0,0,0,5555325,left,pdu,56.414,58.115,147531.00700735,0.251,13.9,147531.00700735,1.659,0.984,-6.249,3907.34
2025-09-06 05:18:56,quickpizza,quickpizza-8b95978b5-jgvvs,quickpizza,neuronet-k8s-w2,flux,r4,Neuronet-ClusterTest,955626336000,1872381318,22070046720,33104523264,33255424,0,5485243,92557312,97964032,97964032,22070046720,33104523264,32768,quickpizza/quickpizza-8b95978b5-jgvvs,quickpizza,quickpizza-8b95978b5-jgvvs,quickpizza,flux,Neuronet-ClusterTest,61200.909,0.0,flux,flux-node3,flux-node3.av.it.pt,306,neuronet-k8s-lb,0.0106951732752584,34359738368,34359738368,0,0,340357120,2147483648,1807126528,84.15088653564453,running,0,0,0,0,5135379,right,pdu,73.175,69.171,165974.00788334,0.32,9.8,165974.00788334,1.568,0.992,-6.229,1573.3
2025-09-06 05:19:56,quickpizza,quickpizza-8b95978b5-jgvvs,quickpizza,neuronet-k8s-w2,flux,r4,Neuronet-ClusterTest,1043727633000,1838097632,22070001664,33104523264,43515904,0,6092433,79966208,84484096,84484096,22070001664,33104523264,32768,quickpizza/quickpizza-8b95978b5-jgvvs,quickpizza,quickpizza-8b95978b5-jgvvs,quickpizza,flux,Neuronet-ClusterTest,68325.741,118747199.99999993,flux,flux-node3,flux-node3.av.it.pt,306,neuronet-k8s-lb,0.014679889643322,34359738368,34359738368,0,0,341041152,2147483648,1806442496,84.11903381347656,running,0,0,0,0,5135440,left,pdu,60.373,61.375,147533.00700744,0.267,15.8,147533.00700744,1.642,0.983,-7.45,2531.13
2025-09-06 05:20:56,quickpizza,quickpizza-8b95978b5-jgvvs,quickpizza,neuronet-k8s-w2,flux,r4,Neuronet-ClusterTest,1153603001000,1659919213,22073425920,33104523264,39624704,0,6910656,78712832,84074496,84074496,22073425920,33104523264,32768,quickpizza/quickpizza-8b95978b5-jgvvs,quickpizza,quickpizza-8b95978b5-jgvvs,quickpizza,flux,Neuronet-ClusterTest,75020.856,111585250.00000007,flux,flux-node5,flux-node5.av.it.pt,183,neuronet-w2,0.630235016369831,64424509440,64424509440,0,0,1720135680,34359738368,32639602688,94.99374628067017,running,0,0,0,0,9813465,right,pdu,70.742,73.902,165976.00788344,0.31,10.0,165976.00788344,1.595,0.99,-6.225,2743.55
2025-09-06 05:21:56,quickpizza,quickpizza-8b95978b5-jgvvs,quickpizza,neuronet-k8s-w2,flux,r4,Neuronet-ClusterTest,1235623584000,242634516,22071009280,33104523264,41623552,0,7907443,59944960,63279104,63279104,22071009280,33104523264,32768,quickpizza/quickpizza-8b95978b5-jgvvs,quickpizza,quickpizza-8b95978b5-jgvvs,quickpizza,flux,Neuronet-ClusterTest,79175.283,69240449.99999994,flux,flux-node3,flux-node3.av.it.pt,185,neuronet-lb,0.0129414052586094,34359738368,34359738368,0,0,294481920,2147483648,1853001728,86.28711700439453,running,0,0,0,0,9306835,left,pdu,62.043,63.244,147535.00700754,0.275,16.7,147535.00700754,1.698,0.981,-7.478,809.78
2025-09-06 05:22:56,quickpizza,quickpizza-8b95978b5-jgvvs,quickpizza,neuronet-k8s-w2,flux,r4,Neuronet-ClusterTest,1289817797000,1432663974,22069354496,33104523264,43474944,0,8697178,70213632,74170368,74170368,22069354496,33104523264,32768,quickpizza/quickpizza-8b95978b5-jgvvs,quickpizza,quickpizza-8b95978b5-jgvvs,quickpizza,flux,Neuronet-ClusterTest,84096.396,82018549.99999996,flux,flux-node3,flux-node3.av.it.pt,311,neuronet-5g-core,0.0,85899345920,85899345920,0,0,8777625600,17179869184,8402243584,48.90749454498291,running,0,0,0,0,1262664,left,pdu,78.808,75.847,179543.00852783,0.346,14.6,179543.00852783,1.605,0.986,-7.668,1577.09
2025-09-06 05:23:56,quickpizza,quickpizza-8b95978b5-jgvvs,quickpizza,neuronet-k8s-w2,flux,r4,Neuronet-ClusterTest,1383548562000,1798438777,22073769984,33104523264,39084032,0,9566187,86990848,91619328,91619328,22073769984,33104523264,32768,quickpizza/quickpizza-8b95978b5-jgvvs,quickpizza,quickpizza-8b95978b5-jgvvs,quickpizza,flux,Neuronet-ClusterTest,90928.404,0.0,flux,flux-node3,flux-node3.av.it.pt,311,neuronet-5g-core,0.0,85899345920,85899345920,0,0,8779628544,17179869184,8400240640,48.89583587646485,running,0,0,0,0,1262725,left,pdu,59.149,60.636,147537.00700763,0.263,12.4,147537.00700763,1.775,0.984,-7.517,2589.9
2025-09-06 05:24:56,quickpizza,quickpizza-8b95978b5-jgvvs,quickpizza,neuronet-k8s-w2,flux,r4,Neuronet-ClusterTest,1500064208000,1920783388,22074068992,33104523264,38690816,0,10393089,86822912,91865088,91865088,22074068992,33104523264,32768,quickpizza/quickpizza-8b95978b5-jgvvs,quickpizza,quickpizza-8b95978b5-jgvvs,quickpizza,flux,Neuronet-ClusterTest,98113.224,119747000.00000012,flux,flux-node3,flux-node3.av.it.pt,185,neuronet-lb,0.0126444993968372,34359738368,34359738368,0,0,292974592,2147483648,1854509056,86.35730743408203,running,0,0,0,0,9307015,left,pdu,56.954,56.962,147538.00700768,0.252,12.2,147538.00700768,1.718,0.979,-7.442,4529.08
2025-09-06 05:25:56,quickpizza,quickpizza-8b95978b5-jgvvs,quickpizza,neuronet-k8s-w2,flux,r4,Neuronet-ClusterTest,1616343871000,1579164711,22078078976,33104523264,34418688,0,11357230,73097216,77979648,77979648,22078078976,33104523264,32768,quickpizza/quickpizza-8b95978b5-jgvvs,quickpizza,quickpizza-8b95978b5-jgvvs,quickpizza,flux,Neuronet-ClusterTest,104825.289,111867750.00000004,flux,flux-node5,flux-node5.av.it.pt,181,neuronet-m3,0.323753121565754,64424509440,64424509440,0,0,758632448,4294967296,3536334848,82.33671188354492,running,0,0,0,0,9813793,left,pdu,62.846,60.445,147539.00700773,0.278,16.9,147539.00700773,1.732,0.969,-7.386,4224.12
2025-09-06 05:26:56,quickpizza,quickpizza-8b95978b5-jgvvs,quickpizza,neuronet-k8s-w2,flux,r4,Neuronet-ClusterTest,1676968456000,281029484,22075961344,33104523264,36401152,0,12186605,60563456,63885312,63885312,22075961344,33104523264,32768,quickpizza/quickpizza-8b95978b5-jgvvs,quickpizza,quickpizza-8b95978b5-jgvvs,quickpizza,flux,Neuronet-ClusterTest,109047.768,70374649.99999988,flux,flux-node3,flux-node3.av.it.pt,311,neuronet-5g-core,0.152042271986351,85899345920,85899345920,0,0,8786997248,17179869184,8392871936,48.85294437408447,running,0,0,0,0,1262904,left,pdu,76.165,70.428,179548.00852807,0.336,12.6,179548.00852807,1.888,0.973,-7.963,800.64
2025-09-06 05:27:56,quickpizza,quickpizza-8b95978b5-jgvvs,quickpizza,neuronet-k8s-w2,flux,r4,Neuronet-ClusterTest,1737204279000,1486484965,22074032128,33104523264,38289408,0,12982224,72822784,77094912,77094912,22074032128,33104523264,32768,quickpizza/quickpizza-8b95978b5-jgvvs,quickpizza,quickpizza-8b95978b5-jgvvs,quickpizza,flux,Neuronet-ClusterTest,114060.624,83547600.0,flux,flux-node5,flux-node5.av.it.pt,184,neuronet-w3,0.37037759174879,64424509440,64424509440,0,0,7226327040,34359738368,27133411328,78.96862030029297,running,0,0,0,0,9813870,right,pdu,69.649,70.225,165984.00788382,0.305,11.0,165984.00788382,1.608,0.991,-6.233,3709.67
2025-09-06 05:28:57,quickpizza,quickpizza-8b95978b5-jgvvs,quickpizza,neuronet-k8s-w2,flux,r4,Neuronet-ClusterTest,1843271871000,1837150236,22079213568,33104523264,34709504,0,13919394,86061056,91222016,91222016,22079213568,33104523264,32768,quickpizza/quickpizza-8b95978b5-jgvvs,quickpizza,quickpizza-8b95978b5-jgvvs,quickpizza,flux,Neuronet-ClusterTest,120876.066,113590700.00000016,flux,flux-node1,flux-node1.av.it.pt,188,neuronet-m2,0.210611545545061,64424509440,64424509440,0,0,497172480,4294967296,3797794816,88.42430114746094,running,0,0,0,0,9813864,left,pdu,71.962,75.668,147542.00700787,0.316,14.7,147542.00700787,1.681,0.987,-7.331,3848.67
2025-09-06 05:31:58,quickpizza,quickpizza-8b95978b5-jgvvs,quickpizza,neuronet-k8s-w2,flux,r4,Neuronet-ClusterTest,2116352904000,155472853,22080327680,33104523264,31686656,0,16427183,62365696,65691648,65691648,22080327680,33104523264,32768,quickpizza/quickpizza-8b95978b5-jgvvs,quickpizza,quickpizza-8b95978b5-jgvvs,quickpizza,flux,Neuronet-ClusterTest,138744.096,69404250.00000007,flux,flux-node1,flux-node1.av.it.pt,302,neuronet-k8s-m3,0.0,34359738368,34359738368,0,0,642224128,4294967296,3652743168,85.04705429077148,running,0,0,0,0,5556165,left,pdu,62.492,66.09,179554.00852836,0.275,14.1,179554.00852836,1.86,0.98,-7.828,804.85
2025-09-06 05:33:58,quickpizza,quickpizza-8b95978b5-jgvvs,quickpizza,neuronet-k8s-w2,flux,r4,Neuronet-ClusterTest,2272226405000,1835378814,22071734272,33104523264,41152512,0,17917176,91328512,95997952,95997952,22071734272,33104523264,32768,quickpizza/quickpizza-8b95978b5-jgvvs,quickpizza,quickpizza-8b95978b5-jgvvs,quickpizza,flux,Neuronet-ClusterTest,150622.545,114217550.00000024,flux,flux-node1,flux-node1.av.it.pt,302,neuronet-k8s-m3,0.355677687161752,34359738368,34359738368,0,0,603795456,4294967296,3691171840,85.94179153442383,running,0,0,0,0,5556285,right,pdu,72.924,73.549,165991.00788415,0.319,11.0,165991.00788415,1.569,0.991,-6.158,2636.46
2025-09-06 05:35:03,quickpizza,quickpizza-8b95978b5-jgvvs,quickpizza,neuronet-k8s-w2,flux,r4,Neuronet-ClusterTest,2400962529000,1892798419,22072238080,33104523264,41115648,0,18693165,85753856,91070464,91070464,22072238080,33104523264,32768,quickpizza/quickpizza-8b95978b5-jgvvs,quickpizza,quickpizza-8b95978b5-jgvvs,quickpizza,flux,Neuronet-ClusterTest,157733.382,118513950.0,flux,flux-node1,flux-node1.av.it.pt,300,neuronet-k8s-m1,0.263061786062827,34359738368,34359738368,0,0,526012416,4294967296,3768954880,87.7528190612793,running,0,0,0,0,5556542,right,pdu,91.825,94.934,218897.01039705,0.4,7.8,218897.01039705,1.574,0.997,-0.926,3707.86
2025-09-06 05:35:57,quickpizza,quickpizza-8b95978b5-jgvvs,quickpizza,neuronet-k8s-w2,flux,r4,Neuronet-ClusterTest,2496602925000,1622714562,22075875328,33104523264,36323328,0,19431162,77377536,82161664,82161664,22075875328,33104523264,32768,quickpizza/quickpizza-8b95978b5-jgvvs,quickpizza,quickpizza-8b95978b5-jgvvs,quickpizza,flux,Neuronet-ClusterTest,164460.312,112115499.99999988,flux,flux-node3,flux-node3.av.it.pt,311,neuronet-5g-core,0.143691391760059,85899345920,85899345920,0,0,8770920448,17179869184,8408948736,48.94652366638184,running,0,0,0,0,1263444,left,pdu,72.133,73.119,179559.00852859,0.317,10.6,179559.00852859,1.619,0.986,-8.038,3176.36
2025-09-06 05:37:01,quickpizza,quickpizza-8b95978b5-jgvvs,quickpizza,neuronet-k8s-w2,flux,r4,Neuronet-ClusterTest,2557779561000,1090884337,22073520128,33104523264,38252544,0,20191569,64831488,68714496,68714496,22073520128,33104523264,32768,quickpizza/quickpizza-8b95978b5-jgvvs,quickpizza,quickpizza-8b95978b5-jgvvs,quickpizza,flux,Neuronet-ClusterTest,168659.595,69988049.99999993,flux,flux-node3,flux-node3.av.it.pt,306,neuronet-k8s-lb,0.0156584099450424,34359738368,34359738368,0,0,339390464,2147483648,1808093184,84.1958999633789,running,0,0,0,0,5136458,right,pdu,108.13,101.16,218900.01039719,0.471,7.3,218900.01039719,1.582,0.997,-0.369,1053.52
2025-09-06 05:37:56,quickpizza,quickpizza-8b95978b5-jgvvs,quickpizza,neuronet-k8s-w2,flux,r4,Neuronet-ClusterTest,2617376549000,1512278806,22071783424,33104523264,40255488,0,20974084,75530240,79556608,79556608,22071783424,33104523264,32768,quickpizza/quickpizza-8b95978b5-jgvvs,quickpizza,quickpizza-8b95978b5-jgvvs,quickpizza,flux,Neuronet-ClusterTest,173694.894,83921649.99999999,flux,flux-node3,flux-node3.av.it.pt,306,neuronet-k8s-lb,0.0085421619023567,34359738368,34359738368,0,0,341045248,2147483648,1806438400,84.11884307861328,running,0,0,0,0,5136518,right,pdu,72.451,73.175,165995.00788434,0.318,9.7,165995.00788434,1.58,0.99,-6.44,3897.91
2025-09-06 05:38:56,quickpizza,quickpizza-8b95978b5-jgvvs,quickpizza,neuronet-k8s-w2,flux,r4,Neuronet-ClusterTest,2700468868000,1787743549,22075699200,33104523264,36458496,0,21717542,85188608,90750976,90750976,22075699200,33104523264,32768,quickpizza/quickpizza-8b95978b5-jgvvs,quickpizza,quickpizza-8b95978b5-jgvvs,quickpizza,flux,Neuronet-ClusterTest,180519.108,113736900.00000012,flux,flux-node5,flux-node5.av.it.pt,184,neuronet-w3,0.355453296556252,64424509440,64424509440,0,0,7195639808,34359738368,27164098560,79.05793190002441,running,0,0,0,0,9814530,left,pdu,77.174,76.777,179563.00852878,0.339,15.5,179563.00852878,1.802,0.988,-7.661,2119.8
2025-09-06 05:39:56,quickpizza,quickpizza-8b95978b5-jgvvs,quickpizza,neuronet-k8s-w2,flux,r4,Neuronet-ClusterTest,10981723000,915302658,22096797696,33104523264,15749120,0,43862,131932160,135954432,135954432,22096797696,33104523264,32768,quickpizza/quickpizza-8b95978b5-jgvvs,quickpizza,quickpizza-8b95978b5-jgvvs,quickpizza,flux,Neuronet-ClusterTest,185371.695,80876449.99999999,flux,flux-node5,flux-node5.av.it.pt,304,neuronet-k8s-w2,0.59813371220334,34359738368,34359738368,0,0,488341504,4294967296,3806625792,88.62991333007812,running,0,0,0,0,5514308,left,pdu,75.354,76.101,179564.00852883,0.302,13.9,179564.00852883,1.58,0.99,-7.883,3447.11
2025-09-06 05:40:56,quickpizza,quickpizza-8b95978b5-jgvvs,quickpizza,neuronet-k8s-w2,flux,r4,Neuronet-ClusterTest,136751986000,1858740489,22084034560,33104523264,27672576,0,338406,70979584,75907072,75907072,22084034560,33104523264,32768,quickpizza/quickpizza-8b95978b5-jgvvs,quickpizza,quickpizza-8b95978b5-jgvvs,quickpizza,flux,Neuronet-ClusterTest,8599.89,122130850.0,flux,flux-node1,flux-node1.av.it.pt,301,neuronet-k8s-m2,0.303980900859846,34359738368,34359738368,0,0,605089792,4294967296,3689877504,85.91165542602539,running,0,0,0,0,5556726,left,pdu,75.914,76.94,179566.00852893,0.334,13.5,179566.00852893,1.805,0.986,-8.225,3651.47
2025-09-06 05:41:56,quickpizza,quickpizza-8b95978b5-jgvvs,quickpizza,neuronet-k8s-w2,flux,r4,Neuronet-ClusterTest,189976283000,333302473,22081912832,33104523264,29552640,0,803414,53387264,56459264,56459264,22081912832,33104523264,32768,quickpizza/quickpizza-8b95978b5-jgvvs,quickpizza,quickpizza-8b95978b5-jgvvs,quickpizza,flux,Neuronet-ClusterTest,12045.633,57429050.0,flux,flux-node5,flux-node5.av.it.pt,305,neuronet-k8s-w3,0.0754623125993137,34359738368,34359738368,0,0,1196642304,4294967296,3098324992,72.13850021362305,running,0,0,0,0,5514410,right,pdu,97.188,97.418,218908.01039757,0.423,8.6,218908.01039757,1.58,0.997,-0.341,801.87
2025-09-06 05:42:56,quickpizza,quickpizza-8b95978b5-jgvvs,quickpizza,neuronet-k8s-w2,flux,r4,Neuronet-ClusterTest,228617994000,1381790152,22079954944,33104523264,31531008,0,1161572,61304832,64843776,64843776,22079954944,33104523264,32768,quickpizza/quickpizza-8b95978b5-jgvvs,quickpizza,quickpizza-8b95978b5-jgvvs,quickpizza,flux,Neuronet-ClusterTest,16502.661,74283800.0,flux,flux-node5,flux-node5.av.it.pt,303,neuronet-k8s-w1,0.185205665389333,34359738368,34359738368,0,0,556769280,4294967296,3738198016,87.03670501708984,running,0,0,0,0,5514632,left,pdu,68.17,69.16,147557.00700858,0.3,14.0,147557.00700858,1.722,0.978,-7.7,4052.66
2025-09-06 05:43:56,quickpizza,quickpizza-8b95978b5-jgvvs,quickpizza,neuronet-k8s-w2,flux,r4,Neuronet-ClusterTest,332923256000,1934326215,22081052672,33104523264,30334976,0,1786842,88653824,93634560,93634560,22081052672,33104523264,32768,quickpizza/quickpizza-8b95978b5-jgvvs,quickpizza,quickpizza-8b95978b5-jgvvs,quickpizza,flux,Neuronet-ClusterTest,23603.55,118348150.0,flux,flux-node3,flux-node3.av.it.pt,185,neuronet-lb,0.0113312974812588,34359738368,34359738368,0,0,292524032,2147483648,1854959616,86.37828826904297,running,0,0,0,0,9308155,right,pdu,68.885,70.475,166002.00788467,0.298,11.0,166002.00788467,1.591,0.988,-6.452,4220.86
2025-09-06 05:44:56,quickpizza,quickpizza-8b95978b5-jgvvs,quickpizza,neuronet-k8s-w2,flux,r4,Neuronet-ClusterTest,465203625000,2086622023,22081503232,33104523264,31993856,0,2492753,108838912,114241536,114241536,22081503232,33104523264,32768,quickpizza/quickpizza-8b95978b5-jgvvs,quickpizza,quickpizza-8b95978b5-jgvvs,quickpizza,flux,Neuronet-ClusterTest,30872.724,121152900.0,flux,flux-node1,flux-node1.av.it.pt,301,neuronet-k8s-m2,0.338826209366111,34359738368,34359738368,0,0,596369408,4294967296,3698597888,86.11469268798828,running,0,0,0,0,5556966,right,pdu,99.438,89.551,218913.01039781,0.433,6.2,218913.01039781,1.594,0.997,-0.492,1576.89
2025-09-06 05:45:56,quickpizza,quickpizza-8b95978b5-jgvvs,quickpizza,neuronet-k8s-w2,flux,r4,Neuronet-ClusterTest,569957937000,1763921562,22082088960,33104523264,30052352,0,3195256,78991360,84439040,84439040,22082088960,33104523264,32768,quickpizza/quickpizza-8b95978b5-jgvvs,quickpizza,quickpizza-8b95978b5-jgvvs,quickpizza,flux,Neuronet-ClusterTest,37690.458,113628900.0,flux,flux-node3,flux-node3.av.it.pt,185,neuronet-lb,0.0162837594666271,34359738368,34359738368,0,0,290537472,2147483648,1856946176,86.47079467773438,running,0,0,0,0,9308275,right,pdu,74.157,72.602,166005.00788481,0.324,10.9,166005.00788481,1.577,0.992,-6.07,3759.49
2025-09-06 05:46:56,quickpizza,quickpizza-8b95978b5-jgvvs,quickpizza,neuronet-k8s-w2,flux,r4,Neuronet-ClusterTest,643223522000,250555335,22079078400,33104523264,32088064,0,4065790,54587392,57495552,57495552,22079078400,33104523264,32768,quickpizza/quickpizza-8b95978b5-jgvvs,quickpizza,quickpizza-8b95978b5-jgvvs,quickpizza,flux,Neuronet-ClusterTest,41712.363,67031749.99999998,flux,flux-node3,flux-node3.av.it.pt,185,neuronet-lb,0.0131821379429949,34359738368,34359738368,0,0,292163584,2147483648,1855320064,86.39507293701172,running,0,0,0,0,9308336,left,pdu,82.518,78.097,183831.0087315,0.36,10.0,183831.0087315,1.569,0.993,-4.027,801.82
2025-09-06 05:47:56,quickpizza,quickpizza-8b95978b5-jgvvs,quickpizza,neuronet-k8s-w2,flux,r4,Neuronet-ClusterTest,680737721000,1347183689,22077669376,33104523264,34058240,0,4567814,60149760,63971328,63971328,22077669376,33104523264,32768,quickpizza/quickpizza-8b95978b5-jgvvs,quickpizza,quickpizza-8b95978b5-jgvvs,quickpizza,flux,Neuronet-ClusterTest,46620.0,81793950.00000004,flux,flux-node5,flux-node5.av.it.pt,181,neuronet-m3,0.372785844713281,64424509440,64424509440,0,0,603021312,4294967296,3691945984,85.9598159790039,running,0,0,0,0,9815115,left,pdu,63.077,63.594,147562.00700882,0.281,15.4,147562.00700882,1.765,0.965,-7.267,4173.41
2025-09-06 05:48:56,quickpizza,quickpizza-8b95978b5-jgvvs,quickpizza,neuronet-k8s-w2,flux,r4,Neuronet-ClusterTest,784538769000,1773433840,22081064960,33104523264,31203328,0,5521829,80982016,85192704,85192704,22081064960,33104523264,32768,quickpizza/quickpizza-8b95978b5-jgvvs,quickpizza,quickpizza-8b95978b5-jgvvs,quickpizza,flux,Neuronet-ClusterTest,53442.204,0.0,flux,flux-node3,flux-node3.av.it.pt,185,neuronet-lb,0.0117744987822049,34359738368,34359738368,0,0,292659200,2147483648,1854824448,86.37199401855469,running,0,0,0,0,9308455,left,pdu,74.252,75.31,179575.00852935,0.327,12.8,179575.00852935,1.587,0.985,-7.589,2941.32
2025-09-06 05:49:57,quickpizza,quickpizza-8b95978b5-jgvvs,quickpizza,neuronet-k8s-w2,flux,r4,Neuronet-ClusterTest,909033554000,1907287895,22081118208,33104523264,31019008,0,6304320,89247744,94461952,94461952,22081118208,33104523264,32768,quickpizza/quickpizza-8b95978b5-jgvvs,quickpizza,quickpizza-8b95978b5-jgvvs,quickpizza,flux,Neuronet-ClusterTest,60558.828,118610400.00000006,flux,flux-node4,flux-node4.av.it.pt,179,neuronet-m1,0.400719242965141,64424509440,64424509440,0,0,670167040,4294967296,3624800256,84.39645767211914,running,0,0,0,0,8858099,right,pdu,95.951,94.401,218920.01039814,0.418,9.3,218920.01039814,1.554,0.997,-0.655,5747.66
2025-09-06 05:50:56,quickpizza,quickpizza-8b95978b5-jgvvs,quickpizza,neuronet-k8s-w2,flux,r4,Neuronet-ClusterTest,1000152246000,1660119035,22073024512,33104523264,27586560,0,6991892,69267456,73949184,73949184,22073024512,33104523264,32768,quickpizza/quickpizza-8b95978b5-jgvvs,quickpizza,quickpizza-8b95978b5-jgvvs,quickpizza,flux,Neuronet-ClusterTest,67230.645,0.0,flux,flux-node5,flux-node5.av.it.pt,305,neuronet-k8s-w3,0.390639104161809,34359738368,34359738368,0,0,1220038656,4294967296,3074928640,71.5937614440918,running,0,0,0,0,5514950,right,pdu,98.798,95.164,218922.01039824,0.43,8.6,218922.01039824,1.595,0.997,-0.401,3580.74
2025-09-06 05:51:56,quickpizza,quickpizza-8b95978b5-jgvvs,quickpizza,neuronet-k8s-w2,flux,r4,Neuronet-ClusterTest,1082733319000,679342731,22081331200,33104523264,29528064,0,8013894,56848384,60035072,60035072,22081331200,33104523264,32768,quickpizza/quickpizza-8b95978b5-jgvvs,quickpizza,quickpizza-8b95978b5-jgvvs,quickpizza,flux,Neuronet-ClusterTest,71414.601,69732599.99999985,flux,flux-node4,flux-node4.av.it.pt,182,neuronet-w1,0.100968149132676,64424509440,64424509440,0,0,27627524096,34359738368,6732214272,19.59332227706909,running,0,0,0,0,5513041,left,pdu,60.827,66.031,147566.00700901,0.268,14.1,147566.00700901,1.662,0.986,-7.255,1046.0
2025-09-06 05:52:56,quickpizza,quickpizza-8b95978b5-jgvvs,quickpizza,neuronet-k8s-w2,flux,r4,Neuronet-ClusterTest,1120339981000,1292828952,22079823872,33104523264,31387648,0,8571166,62115840,65662976,65662976,22079823872,33104523264,32768,quickpizza/quickpizza-8b95978b5-jgvvs,quickpizza,quickpizza-8b95978b5-jgvvs,quickpizza,flux,Neuronet-ClusterTest,76418.382,83396350.00000004,flux,flux-node5,flux-node5.av.it.pt,181,neuronet-m3,0.372688131825281,64424509440,64424509440,0,0,604876800,4294967296,3690090496,85.9166145324707,running,0,0,0,0,9815412,right,pdu,102.36,98.778,218925.01039838,0.446,8.6,218925.01039838,1.559,0.997,-0.278,1572.24
2025-09-06 05:53:56,quickpizza,quickpizza-8b95978b5-jgvvs,quickpizza,neuronet-k8s-w2,flux,r4,Neuronet-ClusterTest,1221371324000,1787674402,22072291328,33104523264,39084032,0,9486784,78422016,83001344,83001344,22072291328,33104523264,32768,quickpizza/quickpizza-8b95978b5-jgvvs,quickpizza,quickpizza-8b95978b5-jgvvs,quickpizza,flux,Neuronet-ClusterTest,83236.284,113631700.00000004,flux,flux-node1,flux-node1.av.it.pt,300,neuronet-k8s-m1,0.3122548182505,34359738368,34359738368,0,0,555835392,4294967296,3739131904,87.0584487915039,running,0,0,0,0,5557681,left,pdu,103.89,102.61,210390.00999299,0.455,12.5,210390.00999299,1.639,0.991,-4.691,3970.62
2025-09-06 05:54:56,quickpizza,quickpizza-8b95978b5-jgvvs,quickpizza,neuronet-k8s-w2,flux,r4,Neuronet-ClusterTest,1340108028000,1844003945,22073163776,33104523264,38064128,0,10347322,87719936,93077504,93077504,22073163776,33104523264,32768,quickpizza/quickpizza-8b95978b5-jgvvs,quickpizza,quickpizza-8b95978b5-jgvvs,quickpizza,flux,Neuronet-ClusterTest,90297.198,117681900.00000007,flux,flux-node4,flux-node4.av.it.pt,179,neuronet-m1,0.0,64424509440,64424509440,0,0,623976448,4294967296,3670990848,85.47191619873047,running,0,0,0,0,8858399,left,pdu,71.648,73.704,179583.00852973,0.316,14.4,179583.00852973,1.605,0.987,-7.772,2262.08
2025-09-06 05:55:56,quickpizza,quickpizza-8b95978b5-jgvvs,quickpizza,neuronet-k8s-w2,flux,r4,Neuronet-ClusterTest,1449686033000,1657780511,22076952576,33104523264,33857536,0,11234228,74153984,78483456,78483456,22076952576,33104523264,32768,quickpizza/quickpizza-8b95978b5-jgvvs,quickpizza,quickpizza-8b95978b5-jgvvs,quickpizza,flux,Neuronet-ClusterTest,96975.486,111304800.0,flux,flux-node3,flux-node3.av.it.pt,185,neuronet-lb,0.0109855482983362,34359738368,34359738368,0,0,290000896,2147483648,1857482752,86.49578094482422,running,0,0,0,0,9308875,left,pdu,77.775,72.05,179584.00852978,0.343,13.6,179584.00852978,1.626,0.988,-7.665,2560.62
2025-09-06 05:56:56,quickpizza,quickpizza-8b95978b5-jgvvs,quickpizza,neuronet-k8s-w2,flux,r4,Neuronet-ClusterTest,1522505104000,378326796,22074769408,33104523264,35774464,0,12187984,56229888,59351040,59351040,22074769408,33104523264,32768,quickpizza/quickpizza-8b95978b5-jgvvs,quickpizza,quickpizza-8b95978b5-jgvvs,quickpizza,flux,Neuronet-ClusterTest,101140.272,69413099.99999988,flux,flux-node3,flux-node3.av.it.pt,185,neuronet-lb,0.0147035249444013,34359738368,34359738368,0,0,292409344,2147483648,1855074304,86.38362884521484,running,0,0,0,0,9308935,right,pdu,63.788,67.724,166018.00788543,0.28,10.8,166018.00788543,1.548,0.989,-6.114,812.73
2025-09-06 05:57:56,quickpizza,quickpizza-8b95978b5-jgvvs,quickpizza,neuronet-k8s-w2,flux,r4,Neuronet-ClusterTest,1564922080000,1354424109,22072922112,33104523264,37662720,0,12795549,64749568,68210688,68210688,22072922112,33104523264,32768,quickpizza/quickpizza-8b95978b5-jgvvs,quickpizza,quickpizza-8b95978b5-jgvvs,quickpizza,flux,Neuronet-ClusterTest,106106.118,82764100.00000009,flux,flux-node1,flux-node1.av.it.pt,301,neuronet-k8s-m2,0.336980979232117,34359738368,34359738368,0,0,576086016,4294967296,3718881280,86.58695220947266,running,0,0,0,0,5557746,right,pdu,64.763,71.545,166019.00788548,0.283,10.3,166019.00788548,1.636,0.991,-6.198,2489.51
2025-09-06 05:58:56,quickpizza,quickpizza-8b95978b5-jgvvs,quickpizza,neuronet-k8s-w2,flux,r4,Neuronet-ClusterTest,55275124000,2406998848,22089035776,33104523264,21618688,0,58332,79007744,83410944,83410944,22089035776,33104523264,32768,quickpizza/quickpizza-8b95978b5-jgvvs,quickpizza,quickpizza-8b95978b5-jgvvs,quickpizza,flux,Neuronet-ClusterTest,108533.22,40451699.99999998,flux,flux-node3,flux-node3.av.it.pt,306,neuronet-k8s-lb,0.015570279238251,34359738368,34359738368,0,0,337584128,2147483648,1809899520,84.28001403808594,running,0,0,0,0,5137779,left,pdu,98.814,98.826,210398.00999337,0.433,9.5,210398.00999337,1.618,0.993,-4.719,1451.24
2025-09-06 05:59:56,quickpizza,quickpizza-8b95978b5-jgvvs,quickpizza,neuronet-k8s-w2,flux,r4,Neuronet-ClusterTest,181285170000,2416776350,22082093056,33104523264,28368896,0,149441,155242496,162447360,162447360,22082093056,33104523264,32768,quickpizza/quickpizza-8b95978b5-jgvvs,quickpizza,quickpizza-8b95978b5-jgvvs,quickpizza,flux,Neuronet-ClusterTest,108533.22,0.0,flux,flux-node4,flux-node4.av.it.pt,182,neuronet-w1,0.111159631858151,64424509440,64424509440,0,0,27607113728,34359738368,6752624640,19.65272426605225,running,0,0,0,0,5513521,right,pdu,70.106,73.58,166022.00788562,0.307,10.7,166022.00788562,1.598,0.992,-6.527,2757.41
2025-09-06 06:00:56,quickpizza,quickpizza-8b95978b5-jgvvs,quickpizza,neuronet-k8s-w2,flux,r4,Neuronet-ClusterTest,314709778000,2017787522,22081654784,33104523264,29827072,0,358270,85585920,90996736,90996736,22081654784,33104523264,32768,quickpizza/quickpizza-8b95978b5-jgvvs,quickpizza,quickpizza-8b95978b5-jgvvs,quickpizza,flux,Neuronet-ClusterTest,108533.22,0.0,flux,flux-node4,flux-node4.av.it.pt,179,neuronet-m1,0.380855561478326,64424509440,64424509440,0,0,450887680,4294967296,3844079616,89.501953125,running,0,0,0,0,8858759,left,pdu,62.477,62.035,147575.00700944,0.276,15.9,147575.00700944,1.616,0.985,-7.41,3232.17
2025-09-06 06:01:56,quickpizza,quickpizza-8b95978b5-jgvvs,quickpizza,neuronet-k8s-w2,flux,r4,Neuronet-ClusterTest,381041802000,137488514,22078492672,33104523264,31744000,0,922312,57020416,60325888,60325888,22078492672,33104523264,32768,quickpizza/quickpizza-8b95978b5-jgvvs,quickpizza,quickpizza-8b95978b5-jgvvs,quickpizza,flux,Neuronet-ClusterTest,108533.22,0.0,flux,flux-node5,flux-node5.av.it.pt,305,neuronet-k8s-w3,0.184778952855745,34359738368,34359738368,0,0,1218191360,4294967296,3076775936,71.63677215576172,running,0,0,0,0,5515609,right,pdu,63.864,67.033,166024.00788572,0.28,11.5,166024.00788572,1.623,0.991,-6.289,806.56
2025-09-06 06:02:56,quickpizza,quickpizza-8b95978b5-jgvvs,quickpizza,neuronet-k8s-w2,flux,r4,Neuronet-ClusterTest,433397442000,1581338155,22077247488,33104523264,33726464,0,1427353,68943872,72925184,72925184,22077247488,33104523264,32768,quickpizza/quickpizza-8b95978b5-jgvvs,quickpizza,quickpizza-8b95978b5-jgvvs,quickpizza,flux,Neuronet-ClusterTest,108533.22,0.0,flux,flux-node5,flux-node5.av.it.pt,305,neuronet-k8s-w3,0.20688277409391,34359738368,34359738368,0,0,1213325312,4294967296,3081641984,71.75006866455078,running,0,0,0,0,5515670,right,pdu,90.079,90.207,218941.01039914,0.389,8.5,218941.01039914,1.594,0.996,-1.196,2912.54
2025-09-06 06:04:56,quickpizza,quickpizza-8b95978b5-jgvvs,quickpizza,neuronet-k8s-w2,flux,r4,Neuronet-ClusterTest,68152277000,2464062076,22085496832,33104523264,26640384,0,58157,113569792,119001088,119001088,22085496832,33104523264,32768,quickpizza/quickpizza-8b95978b5-jgvvs,quickpizza,quickpizza-8b95978b5-jgvvs,quickpizza,flux,Neuronet-ClusterTest,108533.22,0.0,flux,flux-node5,flux-node5.av.it.pt,181,neuronet-m3,0.367298606644838,64424509440,64424509440,0,0,754712576,4294967296,3540254720,82.427978515625,running,0,0,0,0,9816133,left,pdu,87.185,97.291,210407.0099938,0.381,9.6,210407.0099938,1.548,0.995,-3.772,3821.01
2025-09-06 06:05:56,quickpizza,quickpizza-8b95978b5-jgvvs,quickpizza,neuronet-k8s-w2,flux,r4,Neuronet-ClusterTest,182999248000,2256487885,22071607296,33104523264,28901376,0,110411,149880832,156119040,156119040,22071607296,33104523264,32768,quickpizza/quickpizza-8b95978b5-jgvvs,quickpizza,quickpizza-8b95978b5-jgvvs,quickpizza,flux,Neuronet-ClusterTest,108533.22,0.0,flux,flux-node4,flux-node4.av.it.pt,182,neuronet-w1,0.184398719194749,64424509440,64424509440,0,0,27630546944,34359738368,6729191424,19.584524631500244,running,0,0,0,0,5513882,left,pdu,74.698,74.042,179596.00853035,0.329,16.6,179596.00853035,1.634,0.987,-7.776,1896.64
2025-09-06 06:06:56,quickpizza,quickpizza-8b95978b5-jgvvs,quickpizza,neuronet-k8s-w2,flux,r4,Neuronet-ClusterTest,261003401000,236812427,22079320064,33104523264,30638080,0,575286,56504320,59654144,59654144,22079320064,33104523264,32768,quickpizza/quickpizza-8b95978b5-jgvvs,quickpizza,quickpizza-8b95978b5-jgvvs,quickpizza,flux,Neuronet-ClusterTest,108533.22,0.0,flux,flux-node3,flux-node3.av.it.pt,306,neuronet-k8s-lb,0.0149196152266623,34359738368,34359738368,0,0,337702912,2147483648,1809780736,84.27448272705078,running,0,0,0,0,5138258,left,pdu,67.541,68.114,179598.00853045,0.299,14.7,179598.00853045,1.841,0.971,-7.732,815.97
2025-09-06 06:07:56,quickpizza,quickpizza-8b95978b5-jgvvs,quickpizza,neuronet-k8s-w2,flux,r4,Neuronet-ClusterTest,296377622000,1429375772,22077747200,33104523264,32579584,0,885676,61067264,64970752,64970752,22077747200,33104523264,32768,quickpizza/quickpizza-8b95978b5-jgvvs,quickpizza,quickpizza-8b95978b5-jgvvs,quickpizza,flux,Neuronet-ClusterTest,108533.22,0.0,flux,flux-node5,flux-node5.av.it.pt,303,neuronet-k8s-w1,0.156909447724821,34359738368,34359738368,0,0,493912064,4294967296,3801055232,88.50021362304688,running,0,0,0,0,5516131,right,pdu,54.76,47.791,119991.00569927,0.19,17.1,119991.00569927,1.731,0.981,-8.404,3201.86
2025-09-06 06:08:56,quickpizza,quickpizza-8b95978b5-jgvvs,quickpizza,neuronet-k8s-w2,flux,r4,Neuronet-ClusterTest,414272108000,1927514570,22069305344,33104523264,31502336,0,1687181,79663104,85078016,85078016,22069305344,33104523264,32768,quickpizza/quickpizza-8b95978b5-jgvvs,quickpizza,quickpizza-8b95978b5-jgvvs,quickpizza,flux,Neuronet-ClusterTest,108533.22,0.0,flux,flux-node1,flux-node1.av.it.pt,302,neuronet-k8s-m3,0.270230534791752,34359738368,34359738368,0,0,513163264,4294967296,3781804032,88.05198669433594,running,0,0,0,0,5558384,left,pdu,79.755,81.23,183861.00873293,0.349,9.7,183861.00873293,1.678,0.995,-3.872,5254.12
2025-09-06 06:09:56,quickpizza,quickpizza-8b95978b5-jgvvs,quickpizza,neuronet-k8s-w2,flux,r4,Neuronet-ClusterTest,528407121000,2024588385,22066561024,33104523264,32411648,0,2201368,100683776,106262528,106262528,22066561024,33104523264,32768,quickpizza/quickpizza-8b95978b5-jgvvs,quickpizza,quickpizza-8b95978b5-jgvvs,quickpizza,flux,Neuronet-ClusterTest,108533.22,0.0,flux,flux-node4,flux-node4.av.it.pt,179,neuronet-m1,0.353888649309449,64424509440,64424509440,0,0,653066240,4294967296,3641901056,84.79461669921875,running,0,0,0,0,8859298,right,pdu,73.37,70.388,166034.00788619,0.305,12.1,166034.00788619,1.614,0.99,-6.329,4673.83
2025-09-06 06:10:56,quickpizza,quickpizza-8b95978b5-jgvvs,quickpizza,neuronet-k8s-w2,flux,r4,Neuronet-ClusterTest,643675394000,1728244169,22069002240,33104523264,40976384,0,2951806,76242944,81313792,81313792,22069002240,33104523264,32768,quickpizza/quickpizza-8b95978b5-jgvvs,quickpizza,quickpizza-8b95978b5-jgvvs,quickpizza,flux,Neuronet-ClusterTest,108533.22,0.0,flux,flux-node1,flux-node1.av.it.pt,301,neuronet-k8s-m2,0.340366094073909,34359738368,34359738368,0,0,585125888,4294967296,3709841408,86.3764762878418,running,0,0,0,0,5558527,left,pdu,71.545,73.41,179602.00853064,0.319,14.6,179602.00853064,1.771,0.974,-7.7,4313.57
2025-09-06 06:11:56,quickpizza,quickpizza-8b95978b5-jgvvs,quickpizza,neuronet-k8s-w2,flux,r4,Neuronet-ClusterTest,709938530000,541457807,22078914560,33104523264,30773248,0,3743185,57864192,61681664,61681664,22078914560,33104523264,32768,quickpizza/quickpizza-8b95978b5-jgvvs,quickpizza,quickpizza-8b95978b5-jgvvs,quickpizza,flux,Neuronet-ClusterTest,108533.22,0.0,flux,flux-node4,flux-node4.av.it.pt,182,neuronet-w1,0.183255482556534,64424509440,64424509440,0,0,27609419776,34359738368,6750318592,19.646012783050537,running,0,0,0,0,5514241,left,pdu,66.921,68.452,179604.00853073,0.294,12.8,179604.00853073,1.781,0.984,-7.649,802.23
2025-09-06 06:12:56,quickpizza,quickpizza-8b95978b5-jgvvs,quickpizza,neuronet-k8s-w2,flux,r4,Neuronet-ClusterTest,765892165000,1489876396,22077071360,33104523264,32702464,0,4452826,66236416,70029312,70029312,22077071360,33104523264,32768,quickpizza/quickpizza-8b95978b5-jgvvs,quickpizza,quickpizza-8b95978b5-jgvvs,quickpizza,flux,Neuronet-ClusterTest,108533.22,0.0,flux,flux-node4,flux-node4.av.it.pt,179,neuronet-m1,0.308359358917806,64424509440,64424509440,0,0,627961856,4294967296,3667005440,85.37912368774414,running,0,0,0,0,8859479,left,pdu,72.555,73.286,179605.00853078,0.318,13.6,179605.00853078,1.644,0.99,-7.843,6178.95
2025-09-06 06:13:56,quickpizza,quickpizza-8b95978b5-jgvvs,quickpizza,neuronet-k8s-w2,flux,r4,Neuronet-ClusterTest,861049160000,1838340702,22069133312,33104523264,40583168,0,5239800,85401600,90296320,90296320,22069133312,33104523264,32768,quickpizza/quickpizza-8b95978b5-jgvvs,quickpizza,quickpizza-8b95978b5-jgvvs,quickpizza,flux,Neuronet-ClusterTest,108533.22,0.0,flux,flux-node5,flux-node5.av.it.pt,181,neuronet-m3,0.323474107123264,64424509440,64424509440,0,0,747819008,4294967296,3547148288,82.58848190307617,running,0,0,0,0,9816674,right,pdu,95.387,95.625,218958.01039995,0.415,5.8,218958.01039995,1.549,0.997,-0.405,1588.3
2025-09-06 06:14:56,quickpizza,quickpizza-8b95978b5-jgvvs,quickpizza,neuronet-k8s-w2,flux,r4,Neuronet-ClusterTest,983372743000,1932557703,22068957184,33104523264,40710144,0,6031252,99618816,105361408,105361408,22068957184,33104523264,32768,quickpizza/quickpizza-8b95978b5-jgvvs,quickpizza,quickpizza-8b95978b5-jgvvs,quickpizza,flux,Neuronet-ClusterTest,108533.22,0.0,flux,flux-node1,flux-node1.av.it.pt,188,neuronet-m2,0.296014144911686,64424509440,64424509440,0,0,603656192,4294967296,3691311104,85.94503402709961,running,0,0,0,0,9816625,right,pdu,72.316,77.429,166040.00788648,0.317,12.4,166040.00788648,1.564,0.993,-6.178,2582.7
2025-09-06 06:16:00,quickpizza,quickpizza-8b95978b5-jgvvs,quickpizza,neuronet-k8s-w2,flux,r4,Neuronet-ClusterTest,1095919169000,1679489845,22072926208,33104523264,36712448,0,6867021,75558912,80060416,80060416,22072926208,33104523264,32768,quickpizza/quickpizza-8b95978b5-jgvvs,quickpizza,quickpizza-8b95978b5-jgvvs,quickpizza,flux,Neuronet-ClusterTest,108533.22,0.0,flux,flux-node3,flux-node3.av.it.pt,306,neuronet-k8s-lb,0.0153802899443121,34359738368,34359738368,0,0,338300928,2147483648,1809182720,84.24663543701172,running,0,0,0,0,5138798,right,pdu,57.237,58.525,130831.00621414,0.254,14.9,130831.00621414,1.838,0.977,-7.295,1573.94
2025-09-06 06:16:56,quickpizza,quickpizza-8b95978b5-jgvvs,quickpizza,neuronet-k8s-w2,flux,r4,Neuronet-ClusterTest,1155473526000,352597004,22070972416,33104523264,38490112,0,7664797,59912192,63246336,63246336,22070972416,33104523264,32768,quickpizza/quickpizza-8b95978b5-jgvvs,quickpizza,quickpizza-8b95978b5-jgvvs,quickpizza,flux,Neuronet-ClusterTest,108533.22,0.0,flux,flux-node3,flux-node3.av.it.pt,185,neuronet-lb,0.0129352361346168,34359738368,34359738368,0,0,289030144,2147483648,1858453504,86.54098510742188,running,0,0,0,0,9310136,left,pdu,83.71,86.33,210425.00999465,0.366,11.7,210425.00999465,1.538,0.994,-4.158,1041.14
2025-09-06 06:17:56,quickpizza,quickpizza-8b95978b5-jgvvs,quickpizza,neuronet-k8s-w2,flux,r4,Neuronet-ClusterTest,1190935513000,1332644128,22069653504,33104523264,40402944,0,8203118,63598592,67203072,67203072,22069653504,33104523264,32768,quickpizza/quickpizza-8b95978b5-jgvvs,quickpizza,quickpizza-8b95978b5-jgvvs,quickpizza,flux,Neuronet-ClusterTest,108533.22,0.0,flux,flux-node1,flux-node1.av.it.pt,300,neuronet-k8s-m1,0.32022749475528,34359738368,34359738368,0,0,545579008,4294967296,3749388288,87.29724884033203,running,0,0,0,0,5559121,right,pdu,98.961,100.46,218964.01040023,0.431,8.2,218964.01040023,1.564,0.997,-0.481,4098.29
2025-09-06 06:18:56,quickpizza,quickpizza-8b95978b5-jgvvs,quickpizza,neuronet-k8s-w2,flux,r4,Neuronet-ClusterTest,1314900245000,1819768982,22074793984,33104523264,35758080,0,9349296,78000128,82767872,82767872,22074793984,33104523264,32768,quickpizza/quickpizza-8b95978b5-jgvvs,quickpizza,quickpizza-8b95978b5-jgvvs,quickpizza,flux,Neuronet-ClusterTest,108533.22,0.0,flux,flux-node5,flux-node5.av.it.pt,305,neuronet-k8s-w3,0.309947782535938,34359738368,34359738368,0,0,1249488896,4294967296,3045478400,70.9080696105957,running,0,0,0,0,5516630,left,pdu,63.323,63.411,147594.00701034,0.285,15.0,147594.00701034,1.648,0.987,-7.744,3377.53
2025-09-06 06:19:56,quickpizza,quickpizza-8b95978b5-jgvvs,quickpizza,neuronet-k8s-w2,flux,r4,Neuronet-ClusterTest,1408637302000,1936746236,22075129856,33104523264,35434496,0,9992202,97484800,102322176,102322176,22075129856,33104523264,32768,quickpizza/quickpizza-8b95978b5-jgvvs,quickpizza,quickpizza-8b95978b5-jgvvs,quickpizza,flux,Neuronet-ClusterTest,108533.22,0.0,flux,flux-node5,flux-node5.av.it.pt,304,neuronet-k8s-w2,0.712904993602812,34359738368,34359738368,0,0,495026176,4294967296,3799941120,88.47427368164062,running,0,0,0,0,5516708,left,pdu,68.631,70.181,179613.00853116,0.305,15.5,179613.00853116,1.713,0.977,-7.855,1576.76
2025-09-06 06:20:56,quickpizza,quickpizza-8b95978b5-jgvvs,quickpizza,neuronet-k8s-w2,flux,r4,Neuronet-ClusterTest,1534184946000,1579595183,22077722624,33104523264,32227328,0,11013840,74334208,78970880,78970880,22077722624,33104523264,32768,quickpizza/quickpizza-8b95978b5-jgvvs,quickpizza,quickpizza-8b95978b5-jgvvs,quickpizza,flux,Neuronet-ClusterTest,108533.22,0.0,flux,flux-node1,flux-node1.av.it.pt,301,neuronet-k8s-m2,0.328703552379154,34359738368,34359738368,0,0,561590272,4294967296,3733377024,86.92445755004883,running,0,0,0,0,5559126,left,pdu,67.45,68.508,179615.00853125,0.297,13.6,179615.00853125,1.609,0.984,-7.887,4163.69
2025-09-06 06:21:56,quickpizza,quickpizza-8b95978b5-jgvvs,quickpizza,neuronet-k8s-w2,flux,r4,Neuronet-ClusterTest,1596500712000,702272679,22075052032,33104523264,34095104,0,11845136,60166144,63729664,63729664,22075052032,33104523264,32768,quickpizza/quickpizza-8b95978b5-jgvvs,quickpizza,quickpizza-8b95978b5-jgvvs,quickpizza,flux,Neuronet-ClusterTest,108533.22,0.0,flux,flux-node3,flux-node3.av.it.pt,185,neuronet-lb,0.0063581273231101,34359738368,34359738368,0,0,280809472,2147483648,1866674176,86.92378997802734,running,0,0,0,0,9310435,right,pdu,95.427,94.969,218970.01040052,0.416,6.0,218970.01040052,1.584,0.997,-0.532,1092.35
2025-09-06 06:22:56,quickpizza,quickpizza-8b95978b5-jgvvs,quickpizza,neuronet-k8s-w2,flux,r4,Neuronet-ClusterTest,1635585193000,1343684093,22073610240,33104523264,35966976,0,12388675,66138112,69951488,69951488,22073610240,33104523264,32768,quickpizza/quickpizza-8b95978b5-jgvvs,quickpizza,quickpizza-8b95978b5-jgvvs,quickpizza,flux,Neuronet-ClusterTest,108533.22,0.0,flux,flux-node3,flux-node3.av.it.pt,185,neuronet-lb,0.0123281639877408,34359738368,34359738368,0,0,290541568,2147483648,1856942080,86.4706039428711,running,0,0,0,0,9310495,right,pdu,66.762,70.217,166049.0078869,0.292,9.2,166049.0078869,1.637,0.991,-6.309,3066.33
2025-09-06 06:23:56,quickpizza,quickpizza-8b95978b5-jgvvs,quickpizza,neuronet-k8s-w2,flux,r4,Neuronet-ClusterTest,1746372978000,1803191108,22077218816,33104523264,32669696,0,13421173,83521536,88625152,88625152,22077218816,33104523264,32768,quickpizza/quickpizza-8b95978b5-jgvvs,quickpizza,quickpizza-8b95978b5-jgvvs,quickpizza,flux,Neuronet-ClusterTest,108533.22,0.0,flux,flux-node3,flux-node3.av.it.pt,185,neuronet-lb,0.0143387042600197,34359738368,34359738368,0,0,290197504,2147483648,1857286144,86.48662567138672,running,0,0,0,0,9310556,right,pdu,54.692,57.217,130839.00621452,0.241,12.9,130839.00621452,1.687,0.984,-7.227,2855.34
2025-09-06 06:24:56,quickpizza,quickpizza-8b95978b5-jgvvs,quickpizza,neuronet-k8s-w2,flux,r4,Neuronet-ClusterTest,1854990068000,1834442764,22077587456,33104523264,32129024,0,14164030,85426176,91090944,91090944,22077587456,33104523264,32768,quickpizza/quickpizza-8b95978b5-jgvvs,quickpizza,quickpizza-8b95978b5-jgvvs,quickpizza,flux,Neuronet-ClusterTest,108533.22,0.0,flux,flux-node5,flux-node5.av.it.pt,184,neuronet-w3,0.366411835069047,64424509440,64424509440,0,0,7198658560,34359738368,27161079808,79.04914617538452,running,0,0,0,0,9817290,right,pdu,92.139,89.928,218975.01040075,0.401,8.0,218975.01040075,1.617,0.997,-0.632,1572.74
2025-09-06 06:25:56,quickpizza,quickpizza-8b95978b5-jgvvs,quickpizza,neuronet-k8s-w2,flux,r4,Neuronet-ClusterTest,1968009820000,1684535870,22069567488,33104523264,39710720,0,15046983,77619200,82329600,82329600,22069567488,33104523264,32768,quickpizza/quickpizza-8b95978b5-jgvvs,quickpizza,quickpizza-8b95978b5-jgvvs,quickpizza,flux,Neuronet-ClusterTest,108533.22,0.0,flux,flux-node3,flux-node3.av.it.pt,185,neuronet-lb,0.0189105957158709,34359738368,34359738368,0,0,289910784,2147483648,1857572864,86.4999771118164,running,0,0,0,0,9310674,right,pdu,72.865,70.619,166053.00788709,0.319,12.0,166053.00788709,1.591,0.991,-6.551,5039.2
2025-09-06 06:26:56,quickpizza,quickpizza-8b95978b5-jgvvs,quickpizza,neuronet-k8s-w2,flux,r4,Neuronet-ClusterTest,2039340149000,564987067,22067154944,33104523264,41680896,0,16018561,60841984,64139264,64139264,22067154944,33104523264,32768,quickpizza/quickpizza-8b95978b5-jgvvs,quickpizza,quickpizza-8b95978b5-jgvvs,quickpizza,flux,Neuronet-ClusterTest,108533.22,0.0,flux,flux-node5,flux-node5.av.it.pt,305,neuronet-k8s-w3,0.200327162144849,34359738368,34359738368,0,0,1189339136,4294967296,3105628160,72.30854034423828,running,0,0,0,0,5517110,right,pdu,72.316,74.101,166054.00788714,0.317,12.1,166054.00788714,1.577,0.991,-6.027,799.35
2025-09-06 06:27:56,quickpizza,quickpizza-8b95978b5-jgvvs,quickpizza,neuronet-k8s-w2,flux,r4,Neuronet-ClusterTest,2085220387000,1384266266,22076981248,33104523264,32059392,0,16682556,70086656,74354688,74354688,22076981248,33104523264,32768,quickpizza/quickpizza-8b95978b5-jgvvs,quickpizza,quickpizza-8b95978b5-jgvvs,quickpizza,flux,Neuronet-ClusterTest,108533.22,0.0,flux,flux-node3,flux-node3.av.it.pt,311,neuronet-5g-core,0.151048980019074,85899345920,85899345920,0,0,8762728448,17179869184,8417140736,48.99420738220215,running,0,0,0,0,1266564,right,pdu,98.567,98.786,218980.01040099,0.429,7.0,218980.01040099,1.568,0.997,-0.461,2887.56
2025-09-06 06:28:56,quickpizza,quickpizza-8b95978b5-jgvvs,quickpizza,neuronet-k8s-w2,flux,r4,Neuronet-ClusterTest,2183833254000,1773050443,22069108736,33104523264,40005632,0,17548460,80781312,85467136,85467136,22069108736,33104523264,32768,quickpizza/quickpizza-8b95978b5-jgvvs,quickpizza,quickpizza-8b95978b5-jgvvs,quickpizza,flux,Neuronet-ClusterTest,108533.22,0.0,flux,flux-node1,flux-node1.av.it.pt,300,neuronet-k8s-m1,0.336115775272881,34359738368,34359738368,0,0,519782400,4294967296,3775184896,87.89787292480469,running,0,0,0,0,5559779,left,pdu,65.2,65.967,147604.00701081,0.287,14.8,147604.00701081,1.641,0.988,-7.748,3002.96
2025-09-06 06:29:56,quickpizza,quickpizza-8b95978b5-jgvvs,quickpizza,neuronet-k8s-w2,flux,r4,Neuronet-ClusterTest,13605288000,1242484344,22085668864,33104523264,23470080,0,44659,133349376,139083776,139083776,22085668864,33104523264,32768,quickpizza/quickpizza-8b95978b5-jgvvs,,,,,,,,flux,flux-node5,flux-node5.av.it.pt,304,neuronet-k8s-w2,0.708308770472207,34359738368,34359738368,0,0,461848576,4294967296,3833118720,89.24674987792969,running,0,0,0,0,5517307,right,pdu,50.021,52.645,120010.00570017,0.222,16.0,120010.00570017,1.664,0.978,-8.487,3376.62
2025-09-06 06:30:56,quickpizza,quickpizza-8b95978b5-jgvvs,quickpizza,neuronet-k8s-w2,flux,r4,Neuronet-ClusterTest,156055169000,1813350892,22073442304,33104523264,35237888,0,170535,55701504,60461056,60461056,22073442304,33104523264,32768,quickpizza/quickpizza-8b95978b5-jgvvs,quickpizza,quickpizza-8b95978b5-jgvvs,quickpizza,flux,Neuronet-ClusterTest,9922.404,123409850.0,flux,flux-node5,flux-node5.av.it.pt,184,neuronet-w3,0.364065427138018,64424509440,64424509440,0,0,7214587904,34359738368,27145150464,79.00278568267822,running,0,0,0,0,9817649,right,pdu,88.787,85.114,218984.01040118,0.387,7.3,218984.01040118,1.56,0.997,-0.624,1330.14
2025-09-06 06:31:56,quickpizza,quickpizza-8b95978b5-jgvvs,quickpizza,neuronet-k8s-w2,flux,r4,Neuronet-ClusterTest,211984290000,557945868,22071549952,33104523264,36974592,0,601476,53768192,57602048,57602048,22071549952,33104523264,32768,quickpizza/quickpizza-8b95978b5-jgvvs,quickpizza,quickpizza-8b95978b5-jgvvs,quickpizza,flux,Neuronet-ClusterTest,13118.679,0.0,flux,flux-node3,flux-node3.av.it.pt,311,neuronet-5g-core,0.145270636503576,85899345920,85899345920,0,0,8746549248,17179869184,8433319936,49.08838272094727,running,0,0,0,0,1266805,right,pdu,65.947,67.386,166060.00788743,0.289,10.3,166060.00788743,1.622,0.987,-6.158,799.93
2025-09-06 06:32:56,quickpizza,quickpizza-8b95978b5-jgvvs,quickpizza,neuronet-k8s-w2,flux,r4,Neuronet-ClusterTest,256146475000,1530296665,22069522432,33104523264,38973440,0,989742,62480384,66338816,66338816,22069522432,33104523264,32768,quickpizza/quickpizza-8b95978b5-jgvvs,quickpizza,quickpizza-8b95978b5-jgvvs,quickpizza,flux,Neuronet-ClusterTest,17452.401,72228700.00000003,flux,flux-node4,flux-node4.av.it.pt,179,neuronet-m1,0.397904050620739,64424509440,64424509440,0,0,596340736,4294967296,3698626560,86.11536026000977,running,0,0,0,0,8860679,left,pdu,67.597,63.069,179629.00853192,0.298,13.6,179629.00853192,1.632,0.976,-7.792,4371.87
2025-09-06 06:33:56,quickpizza,quickpizza-8b95978b5-jgvvs,quickpizza,neuronet-k8s-w2,flux,r4,Neuronet-ClusterTest,365441989000,2161762290,22072111104,33104523264,38342656,0,1623177,115417088,121118720,121118720,22072111104,33104523264,32768,quickpizza/quickpizza-8b95978b5-jgvvs,quickpizza,quickpizza-8b95978b5-jgvvs,quickpizza,flux,Neuronet-ClusterTest,24634.509,121730644.06779654,flux,flux-node5,flux-node5.av.it.pt,181,neuronet-m3,0.370610259501803,64424509440,64424509440,0,0,813469696,4294967296,3481497600,81.05993270874023,running,0,0,0,0,9817874,left,pdu,91.948,97.935,210452.00999593,0.402,10.7,210452.00999593,1.558,0.995,-5.1,1572.62
2025-09-06 06:34:56,quickpizza,quickpizza-8b95978b5-jgvvs,quickpizza,neuronet-k8s-w2,flux,r4,Neuronet-ClusterTest,491705563000,2028408432,22070239232,33104523264,40009728,0,2272883,98500608,104308736,104308736,22070239232,33104523264,32768,quickpizza/quickpizza-8b95978b5-jgvvs,quickpizza,quickpizza-8b95978b5-jgvvs,quickpizza,flux,Neuronet-ClusterTest,31937.43,121715350.00000004,flux,flux-node1,flux-node1.av.it.pt,188,neuronet-m2,0.319529331764038,64424509440,64424509440,0,0,747573248,4294967296,3547394048,82.59420394897461,running,0,0,0,0,9817824,left,pdu,70.165,76.86,179632.00853206,0.308,12.2,179632.00853206,1.707,0.986,-9.02,2082.73
2025-09-06 06:35:56,quickpizza,quickpizza-8b95978b5-jgvvs,quickpizza,neuronet-k8s-w2,flux,r4,Neuronet-ClusterTest,596097481000,1745594515,22070022144,33104523264,39108608,0,2854601,80711680,85876736,85876736,22070022144,33104523264,32768,quickpizza/quickpizza-8b95978b5-jgvvs,quickpizza,quickpizza-8b95978b5-jgvvs,quickpizza,flux,Neuronet-ClusterTest,38912.403,0.0,flux,flux-node5,flux-node5.av.it.pt,305,neuronet-k8s-w3,0.39765189106649,34359738368,34359738368,0,0,1179025408,4294967296,3115941888,72.54867553710938,running,0,0,0,0,5517650,left,pdu,58.525,66.015,147611.00701115,0.262,17.6,147611.00701115,1.636,0.986,-7.637,4472.74
2025-09-06 06:36:56,quickpizza,quickpizza-8b95978b5-jgvvs,quickpizza,neuronet-k8s-w2,flux,r4,Neuronet-ClusterTest,669763193000,593358045,22067122176,33104523264,41103360,0,3712247,59555840,62980096,62980096,22067122176,33104523264,32768,quickpizza/quickpizza-8b95978b5-jgvvs,quickpizza,quickpizza-8b95978b5-jgvvs,quickpizza,flux,Neuronet-ClusterTest,42931.032,66977150.00000001,flux,flux-node5,flux-node5.av.it.pt,305,neuronet-k8s-w3,0.193146942701508,34359738368,34359738368,0,0,1182789632,4294967296,3112177664,72.46103286743164,running,0,0,0,0,5517710,right,pdu,72.738,73.354,166066.00788771,0.318,11.4,166066.00788771,1.591,0.989,-6.349,804.1
2025-09-06 06:37:56,quickpizza,quickpizza-8b95978b5-jgvvs,quickpizza,neuronet-k8s-w2,flux,r4,Neuronet-ClusterTest,719953674000,1438925269,21630418944,33104523264,43048960,0,4357014,70008832,73981952,73981952,21630418944,33104523264,32768,quickpizza/quickpizza-8b95978b5-jgvvs,quickpizza,quickpizza-8b95978b5-jgvvs,quickpizza,flux,Neuronet-ClusterTest,47067.366,68938900.00000004,flux,flux-node1,flux-node1.av.it.pt,301,neuronet-k8s-m2,0.333804222740656,34359738368,34359738368,0,0,551165952,4294967296,3743801344,87.16716766357422,running,0,0,0,0,5560146,left,pdu,68.492,68.639,179635.0085322,0.306,11.8,179635.0085322,1.671,0.983,-7.863,4074.14
2025-09-06 06:38:56,quickpizza,quickpizza-8b95978b5-jgvvs,quickpizza,neuronet-k8s-w2,flux,r4,Neuronet-ClusterTest,816059013000,1870498640,22061076480,33104523264,38973440,0,5165606,91975680,96993280,96993280,22061076480,33104523264,32768,quickpizza/quickpizza-8b95978b5-jgvvs,quickpizza,quickpizza-8b95978b5-jgvvs,quickpizza,flux,Neuronet-ClusterTest,53920.935,114226149.99999994,flux,flux-node5,flux-node5.av.it.pt,305,neuronet-k8s-w3,0.425204110338415,34359738368,34359738368,0,0,1276567552,4294967296,3018399744,70.27759552001953,running,0,0,0,0,5517830,left,pdu,79.421,76.014,179636.00853225,0.35,17.0,179637.0085323,1.62,0.981,-7.45,2400.55
2025-09-06 06:39:56,quickpizza,quickpizza-8b95978b5-jgvvs,quickpizza,neuronet-k8s-w2,flux,r4,Neuronet-ClusterTest,919406284000,1988260922,22034223104,33104523264,37896192,0,5822234,103198720,109051904,109051904,22034223104,33104523264,32768,quickpizza/quickpizza-8b95978b5-jgvvs,quickpizza,quickpizza-8b95978b5-jgvvs,quickpizza,flux,Neuronet-ClusterTest,60820.623,114994800.00000004,flux,flux-node5,flux-node5.av.it.pt,181,neuronet-m3,0.362977919821789,64424509440,64424509440,0,0,832577536,4294967296,3462389760,80.61504364013672,running,0,0,0,0,9818234,left,pdu,61.721,66.059,179638.00853235,0.271,11.6,179638.00853235,1.756,0.983,-7.696,2182.94
2025-09-06 06:40:56,quickpizza,quickpizza-8b95978b5-jgvvs,quickpizza,neuronet-k8s-w2,flux,r4,Neuronet-ClusterTest,1024979202000,1599714905,22014881792,33104523264,34484224,0,6568081,76562432,81117184,81117184,22014881792,33104523264,32768,quickpizza/quickpizza-8b95978b5-jgvvs,quickpizza,quickpizza-8b95978b5-jgvvs,quickpizza,flux,Neuronet-ClusterTest,66990.939,0.0,flux,flux-node3,flux-node3.av.it.pt,306,neuronet-k8s-lb,0.0145294249595775,34359738368,34359738368,0,0,334053376,2147483648,1813430272,84.44442749023438,running,0,0,0,0,5140298,right,pdu,71.39,68.098,166071.00788795,0.312,9.4,166071.00788795,1.59,0.991,-6.182,4679.6
2025-09-06 06:41:56,quickpizza,quickpizza-8b95978b5-jgvvs,quickpizza,neuronet-k8s-w2,flux,r4,Neuronet-ClusterTest,1106813317000,842792674,22608306176,33104523264,36618240,0,7502048,60207104,63832064,63832064,22608306176,33104523264,32768,quickpizza/quickpizza-8b95978b5-jgvvs,quickpizza,quickpizza-8b95978b5-jgvvs,quickpizza,flux,Neuronet-ClusterTest,70956.27,66088850.00000009,flux,flux-node5,flux-node5.av.it.pt,183,neuronet-w2,0.62489427562605,64424509440,64424509440,0,0,1515900928,34359738368,32843837440,95.58814764022829,running,0,0,0,0,9818324,left,pdu,65.534,68.635,147617.00701143,0.29,15.9,147617.00701143,1.681,0.985,-7.835,1104.58
2025-09-06 06:42:56,quickpizza,quickpizza-8b95978b5-jgvvs,quickpizza,neuronet-k8s-w2,flux,r4,Neuronet-ClusterTest,1155524605000,1419751613,22606594048,33104523264,38580224,0,8182797,69578752,73601024,73601024,22606594048,33104523264,32768,quickpizza/quickpizza-8b95978b5-jgvvs,quickpizza,quickpizza-8b95978b5-jgvvs,quickpizza,flux,Neuronet-ClusterTest,75888.777,82208449.99999996,flux,flux-node4,flux-node4.av.it.pt,182,neuronet-w1,0.188342975086269,64424509440,64424509440,0,0,27601174528,34359738368,6758563840,19.67000961303711,running,0,0,0,0,5516101,right,pdu,67.935,66.73,166073.00788804,0.299,10.2,166073.00788804,1.62,0.991,-6.154,3519.1
2025-09-06 06:43:56,quickpizza,quickpizza-8b95978b5-jgvvs,quickpizza,neuronet-k8s-w2,flux,r4,Neuronet-ClusterTest,1247990715000,1755867420,22610280448,33104523264,34947072,0,9021861,85684224,91058176,91058176,22610280448,33104523264,32768,quickpizza/quickpizza-8b95978b5-jgvvs,quickpizza,quickpizza-8b95978b5-jgvvs,quickpizza,flux,Neuronet-ClusterTest,82686.042,113287750.0,flux,flux-node3,flux-node3.av.it.pt,306,neuronet-k8s-lb,0.013544463972448,34359738368,34359738368,0,0,337108992,2147483648,1810374656,84.30213928222656,running,0,0,0,0,5140479,left,pdu,68.221,69.187,179643.00853258,0.3,14.9,179642.00853254,1.641,0.986,-8.253,2423.07
2025-09-06 06:44:56,quickpizza,quickpizza-8b95978b5-jgvvs,quickpizza,neuronet-k8s-w2,flux,r4,Neuronet-ClusterTest,1364349373000,1877333998,22611492864,33104523264,33722368,0,9891703,87756800,92983296,92983296,22611492864,33104523264,32768,quickpizza/quickpizza-8b95978b5-jgvvs,quickpizza,quickpizza-8b95978b5-jgvvs,quickpizza,flux,Neuronet-ClusterTest,89708.517,117041250.00000007,flux,flux-node1,flux-node1.av.it.pt,302,neuronet-k8s-m3,0.276017315302838,34359738368,34359738368,0,0,535638016,4294967296,3759329280,87.52870559692383,running,0,0,0,0,5560544,right,pdu,50.8,50.748,120023.00570079,0.226,15.0,120023.00570079,1.648,0.976,-8.392,1583.42
2025-09-06 06:45:56,quickpizza,quickpizza-8b95978b5-jgvvs,quickpizza,neuronet-k8s-w2,flux,r4,Neuronet-ClusterTest,1461609849000,1648155090,22603628544,33104523264,41218048,0,10693080,80453632,85671936,85671936,22603628544,33104523264,32768,quickpizza/quickpizza-8b95978b5-jgvvs,quickpizza,quickpizza-8b95978b5-jgvvs,quickpizza,flux,Neuronet-ClusterTest,96427.599,111984699.99999993,flux,flux-node1,flux-node1.av.it.pt,300,neuronet-k8s-m1,0.0,34359738368,34359738368,0,0,600539136,4294967296,3694428160,86.01760864257812,running,0,0,0,0,5560800,right,pdu,72.165,75.493,166077.00788823,0.312,10.8,166077.00788823,1.619,0.991,-6.329,3886.47
2025-09-06 06:46:56,quickpizza,quickpizza-8b95978b5-jgvvs,quickpizza,neuronet-k8s-w2,flux,r4,Neuronet-ClusterTest,1544305664000,182615517,22601437184,33104523264,43175936,0,11733163,60686336,64036864,64036864,22601437184,33104523264,32768,quickpizza/quickpizza-8b95978b5-jgvvs,quickpizza,quickpizza-8b95978b5-jgvvs,quickpizza,flux,Neuronet-ClusterTest,100589.928,69372149.99999996,flux,flux-node3,flux-node3.av.it.pt,185,neuronet-lb,0.0128772989723212,34359738368,34359738368,0,0,288034816,2147483648,1859448832,86.58733367919922,running,0,0,0,0,9311935,left,pdu,69.148,71.112,179646.00853273,0.303,12.9,179646.00853273,1.663,0.986,-7.839,1150.5
2025-09-06 06:47:56,quickpizza,quickpizza-8b95978b5-jgvvs,quickpizza,neuronet-k8s-w2,flux,r4,Neuronet-ClusterTest,1604627863000,1466819217,22611070976,33104523264,33615872,0,12547209,69799936,74268672,74268672,22611070976,33104523264,32768,quickpizza/quickpizza-8b95978b5-jgvvs,quickpizza,quickpizza-8b95978b5-jgvvs,quickpizza,flux,Neuronet-ClusterTest,105580.392,83174400.00000012,flux,flux-node3,flux-node3.av.it.pt,185,neuronet-lb,0.0129038184838132,34359738368,34359738368,0,0,287047680,2147483648,1860435968,86.63330078125,running,0,0,0,0,9311995,left,pdu,71.231,72.102,179647.00853277,0.313,13.5,179647.00853277,1.665,0.987,-7.891,3289.48
2025-09-06 06:48:56,quickpizza,quickpizza-8b95978b5-jgvvs,quickpizza,neuronet-k8s-w2,flux,r4,Neuronet-ClusterTest,1709191414000,1913297162,22603051008,33104523264,41500672,0,13399880,88633344,94044160,94044160,22603051008,33104523264,32768,quickpizza/quickpizza-8b95978b5-jgvvs,quickpizza,quickpizza-8b95978b5-jgvvs,quickpizza,flux,Neuronet-ClusterTest,112452.879,114541449.9999999,flux,flux-node5,flux-node5.av.it.pt,304,neuronet-k8s-w2,0.698882166565935,34359738368,34359738368,0,0,728571904,4294967296,3566395392,83.03661346435547,running,0,0,0,0,5518448,right,pdu,89.805,98.989,219012.01040251,0.391,7.3,219012.01040251,1.554,0.996,-0.628,1575.71
2025-09-06 06:49:56,quickpizza,quickpizza-8b95978b5-jgvvs,quickpizza,neuronet-k8s-w2,flux,r4,Neuronet-ClusterTest,1821316375000,1877095375,22605406208,33104523264,40620032,0,14180932,97026048,101634048,101634048,22605406208,33104523264,32768,quickpizza/quickpizza-8b95978b5-jgvvs,quickpizza,quickpizza-8b95978b5-jgvvs,quickpizza,flux,Neuronet-ClusterTest,119511.192,117638549.99999993,flux,flux-node3,flux-node3.av.it.pt,185,neuronet-lb,0.0120243154436688,34359738368,34359738368,0,0,288260096,2147483648,1859223552,86.57684326171875,running,0,0,0,0,9312115,left,pdu,69.855,71.06,179650.00853292,0.306,15.7,179650.00853292,1.625,0.985,-8.233,1574.82
2025-09-06 06:50:56,quickpizza,quickpizza-8b95978b5-jgvvs,quickpizza,neuronet-k8s-w2,flux,r4,Neuronet-ClusterTest,1904027604000,1677448220,22609481728,33104523264,35852288,0,14879537,77647872,82890752,82890752,22609481728,33104523264,32768,quickpizza/quickpizza-8b95978b5-jgvvs,quickpizza,quickpizza-8b95978b5-jgvvs,quickpizza,flux,Neuronet-ClusterTest,126169.464,110971200.0000002,flux,flux-node1,flux-node1.av.it.pt,188,neuronet-m2,0.303699813172856,64424509440,64424509440,0,0,731291648,4294967296,3563675648,82.9732894897461,running,0,0,0,0,9818784,right,pdu,90.866,89.368,219015.01040265,0.396,7.1,219015.01040265,1.603,0.996,-0.492,1572.51
2025-09-06 06:51:56,quickpizza,quickpizza-8b95978b5-jgvvs,quickpizza,neuronet-k8s-w2,flux,r4,Neuronet-ClusterTest,1981277007000,670609453,22606680064,33104523264,37711872,0,15873384,61353984,64827392,64827392,22606680064,33104523264,32768,quickpizza/quickpizza-8b95978b5-jgvvs,quickpizza,quickpizza-8b95978b5-jgvvs,quickpizza,flux,Neuronet-ClusterTest,130301.679,68870249.99999994,flux,flux-node3,flux-node3.av.it.pt,185,neuronet-lb,0.0319433621417104,34359738368,34359738368,0,0,287322112,2147483648,1860161536,86.62052154541016,running,0,0,0,0,9312235,left,pdu,68.802,64.345,179652.00853301,0.304,13.7,179652.00853301,1.702,0.985,-8.328,820.11
2025-09-06 06:52:56,quickpizza,quickpizza-8b95978b5-jgvvs,quickpizza,neuronet-k8s-w2,flux,r4,Neuronet-ClusterTest,2030098660000,1445912284,22605316096,33104523264,39624704,0,16582671,70180864,74194944,74194944,22605316096,33104523264,32768,quickpizza/quickpizza-8b95978b5-jgvvs,quickpizza,quickpizza-8b95978b5-jgvvs,quickpizza,flux,Neuronet-ClusterTest,135272.706,82850450.00000004,flux,flux-node3,flux-node3.av.it.pt,185,neuronet-lb,0.011569584859291,34359738368,34359738368,0,0,288407552,2147483648,1859076096,86.56997680664062,running,0,0,0,0,9312295,left,pdu,70.472,64.083,179653.00853306,0.31,13.7,179653.00853306,1.721,0.985,-7.975,2598.41
2025-09-06 06:53:56,quickpizza,quickpizza-8b95978b5-jgvvs,quickpizza,neuronet-k8s-w2,flux,r4,Neuronet-ClusterTest,2135932548000,1785056159,22609145856,33104523264,36110336,0,17498261,83664896,88809472,88809472,22609145856,33104523264,32768,quickpizza/quickpizza-8b95978b5-jgvvs,quickpizza,quickpizza-8b95978b5-jgvvs,quickpizza,flux,Neuronet-ClusterTest,142006.977,112237850.00000012,flux,flux-node5,flux-node5.av.it.pt,183,neuronet-w2,0.633721163903517,64424509440,64424509440,0,0,1496457216,34359738368,32863281152,95.64473628997804,running,0,0,0,0,9819045,left,pdu,68.993,69.923,179655.00853315,0.306,17.2,179655.00853315,1.705,0.97,-7.907,1916.77
2025-09-06 06:55:56,quickpizza,quickpizza-8b95978b5-jgvvs,quickpizza,neuronet-k8s-w2,flux,r4,Neuronet-ClusterTest,94726648000,1734936190,22619865088,33104523264,24784896,0,182547,52637696,56664064,56651776,22619865088,33104523264,32768,quickpizza/quickpizza-8b95978b5-jgvvs,quickpizza,quickpizza-8b95978b5-jgvvs,quickpizza,flux,Neuronet-ClusterTest,148674.747,0.0,flux,flux-node1,flux-node1.av.it.pt,302,neuronet-k8s-m3,0.283634680014394,34359738368,34359738368,0,0,569401344,4294967296,3725565952,86.74259185791016,running,0,0,0,0,5561205,right,pdu,91.813,93.117,219023.01040303,0.4,6.9,219023.01040303,1.553,0.997,-0.691,812.04
2025-09-06 06:56:56,quickpizza,quickpizza-8b95978b5-jgvvs,quickpizza,neuronet-k8s-w2,flux,r4,Neuronet-ClusterTest,138559252000,171238256,22617563136,33104523264,26509312,0,487196,53329920,56315904,56303616,22617563136,33104523264,32768,quickpizza/quickpizza-8b95978b5-jgvvs,quickpizza,quickpizza-8b95978b5-jgvvs,quickpizza,flux,Neuronet-ClusterTest,148674.747,0.0,flux,flux-node5,flux-node5.av.it.pt,183,neuronet-w2,0.600015545028518,64424509440,64424509440,0,0,1462751232,34359738368,32896987136,95.74283361434937,running,0,0,0,0,9819225,right,pdu,62.822,67.828,120034.00570131,0.277,15.2,120034.00570131,1.661,0.984,-8.022,803.15
2025-09-06 06:57:56,quickpizza,quickpizza-8b95978b5-jgvvs,quickpizza,neuronet-k8s-w2,flux,r4,Neuronet-ClusterTest,185831427000,1515933481,22615990272,33104523264,28405760,0,907483,62775296,66166784,66154496,22615990272,33104523264,32768,quickpizza/quickpizza-8b95978b5-jgvvs,quickpizza,quickpizza-8b95978b5-jgvvs,quickpizza,flux,Neuronet-ClusterTest,148674.747,0.0,flux,flux-node1,flux-node1.av.it.pt,300,neuronet-k8s-m1,0.304865583479638,34359738368,34359738368,0,0,587665408,4294967296,3707301888,86.31734848022461,running,0,0,0,0,5561520,right,pdu,59.101,66.885,130871.00621604,0.275,12.6,130871.00621604,1.76,0.987,-7.339,1572.97
2025-09-06 06:58:56,quickpizza,quickpizza-8b95978b5-jgvvs,quickpizza,neuronet-k8s-w2,flux,r4,Neuronet-ClusterTest,301264022000,1891573994,22606815232,33104523264,28114944,0,1569708,83914752,89288704,89276416,22606815232,33104523264,32768,quickpizza/quickpizza-8b95978b5-jgvvs,quickpizza,quickpizza-8b95978b5-jgvvs,quickpizza,flux,Neuronet-ClusterTest,148674.747,0.0,flux,flux-node1,flux-node1.av.it.pt,302,neuronet-k8s-m3,0.287299591560918,34359738368,34359738368,0,0,526700544,4294967296,3768266752,87.73679733276367,running,0,0,0,0,5561385,left,pdu,67.53,68.356,179661.00853344,0.297,14.4,179661.00853344,1.582,0.987,-8.014,3008.89
2025-09-06 06:59:56,quickpizza,quickpizza-8b95978b5-jgvvs,quickpizza,neuronet-k8s-w2,flux,r4,Neuronet-ClusterTest,231538000,0,22624198656,33104523264,19775488,0,0,0,0,7340032,22624198656,33104523264,0,quickpizza/quickpizza-8b95978b5-jgvvs,quickpizza,quickpizza-8b95978b5-jgvvs,quickpizza,flux,Neuronet-ClusterTest,148674.747,0.0,flux,flux-node3,flux-node3.av.it.pt,185,neuronet-lb,0.0107374500087701,34359738368,34359738368,0,0,287567872,2147483648,1859915776,86.60907745361328,running,0,0,0,0,9312715,right,pdu,70.209,71.477,166094.00788904,0.298,10.8,166094.00788904,1.602,0.99,-6.357,1041.1
2025-09-06 07:00:56,quickpizza,quickpizza-8b95978b5-jgvvs,quickpizza,neuronet-k8s-w2,flux,r4,Neuronet-ClusterTest,91792903000,1959659240,22614929408,33104523264,29245440,0,256286,60715008,65126400,65126400,22614929408,33104523264,32768,quickpizza/quickpizza-8b95978b5-jgvvs,quickpizza,quickpizza-8b95978b5-jgvvs,quickpizza,flux,Neuronet-ClusterTest,148674.747,0.0,flux,flux-node1,flux-node1.av.it.pt,301,neuronet-k8s-m2,0.329120788812896,34359738368,34359738368,0,0,560463872,4294967296,3734503424,86.95068359375,running,0,0,0,0,5561526,right,pdu,70.666,77.373,166096.00788914,0.309,12.4,166096.00788914,1.598,0.993,-6.289,2529.69
2025-09-06 07:01:56,quickpizza,quickpizza-8b95978b5-jgvvs,quickpizza,neuronet-k8s-w2,flux,r4,Neuronet-ClusterTest,157072568000,253127680,22612647936,33104523264,31113216,0,794913,44232704,47333376,47333376,22612647936,33104523264,32768,quickpizza/quickpizza-8b95978b5-jgvvs,quickpizza,quickpizza-8b95978b5-jgvvs,quickpizza,flux,Neuronet-ClusterTest,148674.747,0.0,flux,flux-node3,flux-node3.av.it.pt,185,neuronet-lb,0.0123429043807752,34359738368,34359738368,0,0,287789056,2147483648,1859694592,86.5987777709961,running,0,0,0,0,9312835,left,pdu,65.923,66.897,147638.00701243,0.291,17.4,147638.00701243,1.633,0.985,-7.645,804.77
2025-09-06 07:02:56,quickpizza,quickpizza-8b95978b5-jgvvs,quickpizza,neuronet-k8s-w2,flux,r4,Neuronet-ClusterTest,186775128000,1151863303,22610829312,33104523264,33046528,0,1086875,44601344,47403008,47403008,22610829312,33104523264,32768,quickpizza/quickpizza-8b95978b5-jgvvs,quickpizza,quickpizza-8b95978b5-jgvvs,quickpizza,flux,Neuronet-ClusterTest,148674.747,0.0,flux,flux-node3,flux-node3.av.it.pt,311,neuronet-5g-core,0.145934412239237,85899345920,85899345920,0,0,8762494976,17179869184,8417374208,48.99556636810303,running,0,0,0,0,1268664,left,pdu,69.37,67.371,147639.00701248,0.305,14.2,147639.00701248,1.664,0.988,-7.398,3480.16
2025-09-06 07:03:56,quickpizza,quickpizza-8b95978b5-jgvvs,quickpizza,neuronet-k8s-w2,flux,r4,Neuronet-ClusterTest,315933322000,1938854884,22602203136,33104523264,41680896,0,2010231,75112448,79249408,79249408,22602203136,33104523264,32768,quickpizza/quickpizza-8b95978b5-jgvvs,quickpizza,quickpizza-8b95978b5-jgvvs,quickpizza,flux,Neuronet-ClusterTest,148674.747,0.0,flux,flux-node1,flux-node1.av.it.pt,302,neuronet-k8s-m3,0.289390693149226,34359738368,34359738368,0,0,518025216,4294967296,3776942080,87.93878555297852,running,0,0,0,0,5561685,left,pdu,74.761,76.073,179667.00853372,0.33,13.8,179667.00853372,1.67,0.982,-8.146,3764.26
2025-09-06 07:04:56,quickpizza,quickpizza-8b95978b5-jgvvs,quickpizza,neuronet-k8s-w2,flux,r4,Neuronet-ClusterTest,429791740000,1949760908,22600626176,33104523264,42995712,0,2658719,76558336,81494016,81494016,22600626176,33104523264,32768,quickpizza/quickpizza-8b95978b5-jgvvs,quickpizza,quickpizza-8b95978b5-jgvvs,quickpizza,flux,Neuronet-ClusterTest,148674.747,0.0,flux,flux-node3,flux-node3.av.it.pt,185,neuronet-lb,0.0190450271991358,34359738368,34359738368,0,0,285630464,2147483648,1861853184,86.69929504394531,running,0,0,0,0,9313017,left,pdu,85.587,87.897,183938.00873659,0.375,9.6,183938.00873659,1.612,0.995,-4.695,2895.4
2025-09-06 07:05:56,quickpizza,quickpizza-8b95978b5-jgvvs,quickpizza,neuronet-k8s-w2,flux,r4,Neuronet-ClusterTest,526051227000,1691730993,22602416128,33104523264,41127936,0,3363513,66297856,70680576,70680576,22602416128,33104523264,32768,quickpizza/quickpizza-8b95978b5-jgvvs,quickpizza,quickpizza-8b95978b5-jgvvs,quickpizza,flux,Neuronet-ClusterTest,148674.747,0.0,flux,flux-node1,flux-node1.av.it.pt,301,neuronet-k8s-m2,0.338394665118943,34359738368,34359738368,0,0,549031936,4294967296,3745935360,87.21685409545898,running,0,0,0,0,5561826,right,pdu,48.749,50.546,120042.00570169,0.218,15.6,120042.00570169,1.731,0.971,-8.32,4515.69
2025-09-06 07:06:56,quickpizza,quickpizza-8b95978b5-jgvvs,quickpizza,neuronet-k8s-w2,flux,r4,Neuronet-ClusterTest,598225739000,104857498,22600286208,33104523264,43180032,0,4265749,48541696,51236864,51236864,22600286208,33104523264,32768,quickpizza/quickpizza-8b95978b5-jgvvs,quickpizza,quickpizza-8b95978b5-jgvvs,quickpizza,flux,Neuronet-ClusterTest,148674.747,0.0,flux,flux-node3,flux-node3.av.it.pt,306,neuronet-k8s-lb,0.0145835852644911,34359738368,34359738368,0,0,333963264,2147483648,1813520384,84.44862365722656,running,0,0,0,0,5141861,left,pdu,57.463,59.988,147643.00701267,0.255,16.4,147643.00701267,1.601,0.974,-7.211,1044.9
2025-09-06 07:07:56,quickpizza,quickpizza-8b95978b5-jgvvs,quickpizza,neuronet-k8s-w2,flux,r4,Neuronet-ClusterTest,654187715000,1474867143,22609694720,33104523264,34414592,0,5029347,60383232,63504384,63504384,22609694720,33104523264,32768,quickpizza/quickpizza-8b95978b5-jgvvs,quickpizza,quickpizza-8b95978b5-jgvvs,quickpizza,flux,Neuronet-ClusterTest,148674.747,0.0,flux,flux-node3,flux-node3.av.it.pt,185,neuronet-lb,0.0228741207408627,34359738368,34359738368,0,0,285192192,2147483648,1862291456,86.7197036743164,running,0,0,0,0,9313195,left,pdu,63.371,64.448,179671.00853391,0.279,15.2,179671.00853391,1.673,0.989,-7.732,3807.32
2025-09-06 07:08:56,quickpizza,quickpizza-8b95978b5-jgvvs,quickpizza,neuronet-k8s-w2,flux,r4,Neuronet-ClusterTest,738866145000,1822756773,22602481664,33104523264,42270720,0,5744275,81788928,86310912,86310912,22602481664,33104523264,32768,quickpizza/quickpizza-8b95978b5-jgvvs,quickpizza,quickpizza-8b95978b5-jgvvs,quickpizza,flux,Neuronet-ClusterTest,148674.747,0.0,flux,flux-node1,flux-node1.av.it.pt,301,neuronet-k8s-m2,0.332314476205463,34359738368,34359738368,0,0,560324608,4294967296,3734642688,86.95392608642578,running,0,0,0,0,5562006,right,pdu,96.452,96.687,219043.01040398,0.42,7.8,219043.01040398,1.593,0.997,-0.846,4980.02
2025-09-06 07:09:56,quickpizza,quickpizza-8b95978b5-jgvvs,quickpizza,neuronet-k8s-w2,flux,r4,Neuronet-ClusterTest,843714562000,1941733786,22602452992,33104523264,42409984,0,6447505,84074496,89059328,89059328,22602452992,33104523264,32768,quickpizza/quickpizza-8b95978b5-jgvvs,quickpizza,quickpizza-8b95978b5-jgvvs,quickpizza,flux,Neuronet-ClusterTest,148674.747,0.0,flux,flux-node4,flux-node4.av.it.pt,179,neuronet-m1,0.402279270658327,64424509440,64424509440,0,0,528539648,4294967296,3766427648,87.69397735595703,running,0,0,0,0,8862899,left,pdu,73.485,73.982,179674.00853406,0.322,10.9,179674.00853406,1.821,0.984,-8.006,2533.67
2025-09-06 07:10:56,quickpizza,quickpizza-8b95978b5-jgvvs,quickpizza,neuronet-k8s-w2,flux,r4,Neuronet-ClusterTest,958793268000,1682539896,22605496320,33104523264,38379520,0,7281311,66310144,70606848,70606848,22605496320,33104523264,32768,quickpizza/quickpizza-8b95978b5-jgvvs,quickpizza,quickpizza-8b95978b5-jgvvs,quickpizza,flux,Neuronet-ClusterTest,148674.747,0.0,flux,flux-node4,flux-node4.av.it.pt,182,neuronet-w1,0.187109387072878,64424509440,64424509440,0,0,27614679040,34359738368,6745059328,19.630706310272217,running,0,0,0,0,5517781,right,pdu,60.433,60.596,120046.00570188,0.267,17.8,120046.00570188,1.703,0.979,-8.75,4268.4
2025-09-06 07:11:56,quickpizza,quickpizza-8b95978b5-jgvvs,quickpizza,neuronet-k8s-w2,flux,r4,Neuronet-ClusterTest,1036666292000,879786219,22602854400,33104523264,40300544,0,8297156,52068352,55205888,55205888,22602854400,33104523264,32768,quickpizza/quickpizza-8b95978b5-jgvvs,quickpizza,quickpizza-8b95978b5-jgvvs,quickpizza,flux,Neuronet-ClusterTest,148674.747,0.0,flux,flux-node3,flux-node3.av.it.pt,185,neuronet-lb,0.0306344986356439,34359738368,34359738368,0,0,287707136,2147483648,1859776512,86.60259246826172,running,0,0,0,0,9313435,left,pdu,73.676,66.929,179682.00853444,0.324,14.1,179682.00853444,1.637,0.986,-7.74,1054.55
2025-09-06 07:12:56,quickpizza,quickpizza-8b95978b5-jgvvs,quickpizza,neuronet-k8s-w2,flux,r4,Neuronet-ClusterTest,1084984694000,1415455821,22601408512,33104523264,42250240,0,9006068,60243968,63528960,63528960,22601408512,33104523264,32768,quickpizza/quickpizza-8b95978b5-jgvvs,quickpizza,quickpizza-8b95978b5-jgvvs,quickpizza,flux,Neuronet-ClusterTest,148674.747,0.0,flux,flux-node1,flux-node1.av.it.pt,301,neuronet-k8s-m2,0.338735402892611,34359738368,34359738368,0,0,501596160,4294967296,3793371136,88.32130432128906,running,0,0,0,0,5562246,right,pdu,70.05,75.453,166109.00788975,0.289,8.9,166109.00788975,1.636,0.992,-6.416,2122.19
2025-09-06 07:13:56,quickpizza,quickpizza-8b95978b5-jgvvs,quickpizza,neuronet-k8s-w2,flux,r4,Neuronet-ClusterTest,1193356105000,1885081173,22604861440,33104523264,39350272,0,9994857,93544448,98545664,98545664,22604861440,33104523264,32768,quickpizza/quickpizza-8b95978b5-jgvvs,quickpizza,quickpizza-8b95978b5-jgvvs,quickpizza,flux,Neuronet-ClusterTest,148674.747,0.0,flux,flux-node5,flux-node5.av.it.pt,184,neuronet-w3,0.362119734527407,64424509440,64424509440,0,0,7197405184,34359738368,27162333184,79.05279397964478,running,0,0,0,0,9820230,right,pdu,87.714,94.17,219050.01040432,0.382,5.9,219050.01040432,1.55,0.997,-1.073,2819.16
2025-09-06 07:14:56,quickpizza,quickpizza-8b95978b5-jgvvs,quickpizza,neuronet-k8s-w2,flux,r4,Neuronet-ClusterTest,1292321103000,1918687723,22604537856,33104523264,39424000,0,10669952,83480576,88174592,88174592,22604537856,33104523264,32768,quickpizza/quickpizza-8b95978b5-jgvvs,quickpizza,quickpizza-8b95978b5-jgvvs,quickpizza,flux,Neuronet-ClusterTest,148674.747,0.0,flux,flux-node3,flux-node3.av.it.pt,311,neuronet-5g-core,0.14525233831891,85899345920,85899345920,0,0,8752144384,17179869184,8427724800,49.05581474304199,running,0,0,0,0,1269384,left,pdu,95.037,95.657,210515.00999893,0.416,13.4,210515.00999893,1.599,0.993,-5.371,1275.4
2025-09-06 07:15:56,quickpizza,quickpizza-8b95978b5-jgvvs,quickpizza,neuronet-k8s-w2,flux,r4,Neuronet-ClusterTest,1402974546000,1674646348,22607245312,33104523264,36036608,0,11540986,71852032,76636160,76636160,22607245312,33104523264,32768,quickpizza/quickpizza-8b95978b5-jgvvs,quickpizza,quickpizza-8b95978b5-jgvvs,quickpizza,flux,Neuronet-ClusterTest,148674.747,0.0,flux,flux-node4,flux-node4.av.it.pt,179,neuronet-m1,0.362168265306933,64424509440,64424509440,0,0,446496768,4294967296,3848470528,89.60418701171875,running,0,0,0,0,8863258,right,pdu,75.457,70.138,166113.00788994,0.296,13.2,166113.00788994,1.576,0.987,-6.388,1572.58
2025-09-06 07:16:56,quickpizza,quickpizza-8b95978b5-jgvvs,quickpizza,neuronet-k8s-w2,flux,r4,Neuronet-ClusterTest,1476714797000,977251156,22604886016,33104523264,38035456,0,12530115,53415936,57024512,57024512,22604886016,33104523264,32768,quickpizza/quickpizza-8b95978b5-jgvvs,quickpizza,quickpizza-8b95978b5-jgvvs,quickpizza,flux,Neuronet-ClusterTest,148674.747,0.0,flux,flux-node5,flux-node5.av.it.pt,304,neuronet-k8s-w2,0.36142001513339,34359738368,34359738368,0,0,784977920,4294967296,3509989376,81.72330856323242,running,0,0,0,0,5520127,right,pdu,97.736,94.635,219055.01040455,0.426,6.4,219055.01040455,1.578,0.997,-0.58,993.49
2025-09-06 07:17:56,quickpizza,quickpizza-8b95978b5-jgvvs,quickpizza,neuronet-k8s-w2,flux,r4,Neuronet-ClusterTest,1526805214000,1417481890,22603198464,33104523264,39907328,0,13290893,63664128,67469312,67469312,22603198464,33104523264,32768,quickpizza/quickpizza-8b95978b5-jgvvs,quickpizza,quickpizza-8b95978b5-jgvvs,quickpizza,flux,Neuronet-ClusterTest,148674.747,0.0,flux,flux-node4,flux-node4.av.it.pt,182,neuronet-w1,0.183548863702078,64424509440,64424509440,0,0,27600203776,34359738368,6759534592,19.672834873199463,running,0,0,0,0,5518201,left,pdu,87.102,81.174,183956.00873744,0.382,10.1,183956.00873744,1.635,0.994,-3.582,3720.04
2025-09-06 07:18:56,quickpizza,quickpizza-8b95978b5-jgvvs,quickpizza,neuronet-k8s-w2,flux,r4,Neuronet-ClusterTest,1641265048000,1845131753,22606786560,33104523264,36298752,0,14318206,75182080,79679488,79679488,22606786560,33104523264,32768,quickpizza/quickpizza-8b95978b5-jgvvs,quickpizza,quickpizza-8b95978b5-jgvvs,quickpizza,flux,Neuronet-ClusterTest,148674.747,0.0,flux,flux-node3,flux-node3.av.it.pt,185,neuronet-lb,0.011977058377221,34359738368,34359738368,0,0,286744576,2147483648,1860739072,86.64741516113281,running,0,0,0,0,9313856,right,pdu,62.87,58.887,120053.00570221,0.277,15.0,120053.00570221,1.625,0.984,-8.15,1578.96
2025-09-06 07:19:56,quickpizza,quickpizza-8b95978b5-jgvvs,quickpizza,neuronet-k8s-w2,flux,r4,Neuronet-ClusterTest,1752981104000,1858897128,22608293888,33104523264,34750464,0,15100675,84000768,88936448,88936448,22608293888,33104523264,32768,quickpizza/quickpizza-8b95978b5-jgvvs,quickpizza,quickpizza-8b95978b5-jgvvs,quickpizza,flux,Neuronet-ClusterTest,148674.747,0.0,flux,flux-node3,flux-node3.av.it.pt,185,neuronet-lb,0.0171676542377784,34359738368,34359738368,0,0,285626368,2147483648,1861857280,86.6994857788086,running,0,0,0,0,9313915,left,pdu,64.52,65.888,147656.00701328,0.286,12.8,147656.00701328,1.649,0.974,-7.776,4331.67
2025-09-06 07:20:56,quickpizza,quickpizza-8b95978b5-jgvvs,quickpizza,neuronet-k8s-w2,flux,r4,Neuronet-ClusterTest,6691515000,391718195,22620004352,33104523264,22757376,0,26222,81727488,85598208,85598208,22620004352,33104523264,32768,quickpizza/quickpizza-8b95978b5-jgvvs,,,,,,,,flux,flux-node1,flux-node1.av.it.pt,188,neuronet-m2,0.318016532873287,64424509440,64424509440,0,0,746749952,4294967296,3548217344,82.61337280273438,running,0,0,0,0,9820584,right,pdu,101.16,100.83,219061.01040484,0.441,8.1,219061.01040484,1.602,0.997,-0.298,803.11
2025-09-06 07:21:56,quickpizza,quickpizza-8b95978b5-jgvvs,quickpizza,neuronet-k8s-w2,flux,r4,Neuronet-ClusterTest,67355002000,254847977,22618136576,33104523264,24473600,0,111667,50548736,53485568,53485568,22618136576,33104523264,32768,quickpizza/quickpizza-8b95978b5-jgvvs,quickpizza,quickpizza-8b95978b5-jgvvs,quickpizza,flux,Neuronet-ClusterTest,4790.697,42747150.00000001,flux,flux-node3,flux-node3.av.it.pt,185,neuronet-lb,0.0129523472122452,34359738368,34359738368,0,0,285376512,2147483648,1862107136,86.71112060546875,running,0,0,0,0,9314035,right,pdu,88.704,88.91,219063.01040493,0.386,9.3,219063.01040493,1.561,0.997,0.059,809.17
2025-09-06 07:22:56,quickpizza,quickpizza-8b95978b5-jgvvs,quickpizza,neuronet-k8s-w2,flux,r4,Neuronet-ClusterTest,107116857000,1345560811,22616117248,33104523264,26435584,0,308818,49467392,52310016,52310016,22616117248,33104523264,32768,quickpizza/quickpizza-8b95978b5-jgvvs,quickpizza,quickpizza-8b95978b5-jgvvs,quickpizza,flux,Neuronet-ClusterTest,8553.927,62720499.99999999,flux,flux-node5,flux-node5.av.it.pt,184,neuronet-w3,0.391501771582998,64424509440,64424509440,0,0,7192895488,34359738368,27166842880,79.06591892242432,running,0,0,0,0,9820770,left,pdu,57.602,61.582,147660.00701347,0.254,15.0,147660.00701347,1.642,0.986,-7.156,1476.29
2025-09-06 07:23:56,quickpizza,quickpizza-8b95978b5-jgvvs,quickpizza,neuronet-k8s-w2,flux,r4,Neuronet-ClusterTest,198794266000,2062511584,22607618048,33104523264,36917248,0,806458,93798400,99139584,99139584,22607618048,33104523264,32768,quickpizza/quickpizza-8b95978b5-jgvvs,quickpizza,quickpizza-8b95978b5-jgvvs,quickpizza,flux,Neuronet-ClusterTest,15810.969,120950700.0,flux,flux-node5,flux-node5.av.it.pt,305,neuronet-k8s-w3,0.396248359217295,34359738368,34359738368,0,0,1276956672,4294967296,3018010624,70.26853561401367,running,0,0,0,0,5520530,left,pdu,71.791,69.505,179691.00853486,0.316,11.8,179691.00853486,1.714,0.983,-8.257,5050.76
2025-09-06 07:24:56,quickpizza,quickpizza-8b95978b5-jgvvs,quickpizza,neuronet-k8s-w2,flux,r4,Neuronet-ClusterTest,348847061000,2205359908,22603841536,33104523264,40513536,0,1280261,117211136,123547648,123547648,22603841536,33104523264,32768,quickpizza/quickpizza-8b95978b5-jgvvs,quickpizza,quickpizza-8b95978b5-jgvvs,quickpizza,flux,Neuronet-ClusterTest,23353.758,123652278.68852463,flux,flux-node1,flux-node1.av.it.pt,302,neuronet-k8s-m3,0.284835370699493,34359738368,34359738368,0,0,536461312,4294967296,3758505984,87.50953674316406,running,0,0,0,0,5562944,left,pdu,63.204,63.256,147662.00701357,0.256,15.0,147662.00701357,1.761,0.969,-7.728,4140.55
2025-09-06 07:25:56,quickpizza,quickpizza-8b95978b5-jgvvs,quickpizza,neuronet-k8s-w2,flux,r4,Neuronet-ClusterTest,461422488000,1751724448,22605676544,33104523264,37576704,0,1921058,74141696,78958592,78958592,22605676544,33104523264,32768,quickpizza/quickpizza-8b95978b5-jgvvs,quickpizza,quickpizza-8b95978b5-jgvvs,quickpizza,flux,Neuronet-ClusterTest,30280.137,117396254.23728807,flux,flux-node5,flux-node5.av.it.pt,184,neuronet-w3,0.354959142677123,64424509440,64424509440,0,0,7200010240,34359738368,27159728128,79.04521226882935,running,0,0,0,0,9820951,left,pdu,93.669,90.294,210532.00999973,0.411,11.8,210532.00999973,1.605,0.993,-4.738,5027.11
2025-09-06 07:26:56,quickpizza,quickpizza-8b95978b5-jgvvs,quickpizza,neuronet-k8s-w2,flux,r4,Neuronet-ClusterTest,527620362000,185965856,22602674176,33104523264,39669760,0,2609160,55570432,58720256,58720256,22602674176,33104523264,32768,quickpizza/quickpizza-8b95978b5-jgvvs,quickpizza,quickpizza-8b95978b5-jgvvs,quickpizza,flux,Neuronet-ClusterTest,34177.74,0.0,flux,flux-node1,flux-node1.av.it.pt,302,neuronet-k8s-m3,0.283898188838485,34359738368,34359738368,0,0,527015936,4294967296,3767951360,87.72945404052734,running,0,0,0,0,5563066,left,pdu,96.754,96.925,210533.00999978,0.423,11.8,210533.00999978,1.595,0.992,-4.727,805.37
2025-09-06 07:27:56,quickpizza,quickpizza-8b95978b5-jgvvs,quickpizza,neuronet-k8s-w2,flux,r4,Neuronet-ClusterTest,577410087000,1509583837,22601240576,33104523264,41635840,0,3211589,65662976,69521408,69521408,22601240576,33104523264,32768,quickpizza/quickpizza-8b95978b5-jgvvs,quickpizza,quickpizza-8b95978b5-jgvvs,quickpizza,flux,Neuronet-ClusterTest,38961.18,0.0,flux,flux-node5,flux-node5.av.it.pt,304,neuronet-k8s-w2,0.638755318908919,34359738368,34359738368,0,0,755888128,4294967296,3539079168,82.40060806274414,running,0,0,0,0,5520789,right,pdu,73.684,72.674,166127.00789061,0.322,11.2,166127.00789061,1.632,0.989,-6.46,2063.1
2025-09-06 07:28:56,quickpizza,quickpizza-8b95978b5-jgvvs,quickpizza,neuronet-k8s-w2,flux,r4,Neuronet-ClusterTest,679535685000,1950413777,22603628544,33104523264,39694336,0,3993797,103399424,109289472,109289472,22603628544,33104523264,32768,quickpizza/quickpizza-8b95978b5-jgvvs,quickpizza,quickpizza-8b95978b5-jgvvs,quickpizza,flux,Neuronet-ClusterTest,45879.321,115302350.00000006,flux,flux-node3,flux-node3.av.it.pt,185,neuronet-lb,0.011931874838583,34359738368,34359738368,0,0,282615808,2147483648,1864867840,86.83967590332031,running,0,0,0,0,9314455,left,pdu,62.624,63.864,147666.00701376,0.277,16.2,147666.00701376,1.618,0.985,-7.577,1579.45
2025-09-06 07:29:56,quickpizza,quickpizza-8b95978b5-jgvvs,quickpizza,neuronet-k8s-w2,flux,r4,Neuronet-ClusterTest,808498799000,1933118117,22604484608,33104523264,38567936,0,4865788,78495744,83398656,83398656,22604484608,33104523264,32768,quickpizza/quickpizza-8b95978b5-jgvvs,quickpizza,quickpizza-8b95978b5-jgvvs,quickpizza,flux,Neuronet-ClusterTest,53023.512,119069850.0,flux,flux-node1,flux-node1.av.it.pt,188,neuronet-m2,0.309658559567504,64424509440,64424509440,0,0,716836864,4294967296,3578130432,83.30984115600586,running,0,0,0,0,9821126,right,pdu,71.907,67.748,166129.0078907,0.315,9.6,166129.0078907,1.582,0.989,-6.027,2200.44
2025-09-06 07:30:56,quickpizza,quickpizza-8b95978b5-jgvvs,quickpizza,neuronet-k8s-w2,flux,r4,Neuronet-ClusterTest,885842787000,1661821352,22607843328,33104523264,34611200,0,5465331,72724480,77819904,77819904,22607843328,33104523264,32768,quickpizza/quickpizza-8b95978b5-jgvvs,quickpizza,quickpizza-8b95978b5-jgvvs,quickpizza,flux,Neuronet-ClusterTest,59738.583,111917849.99999994,flux,flux-node5,flux-node5.av.it.pt,304,neuronet-k8s-w2,0.639625176075787,34359738368,34359738368,0,0,755879936,4294967296,3539087360,82.40079879760742,running,0,0,0,0,5520967,right,pdu,94.671,87.412,219077.0104056,0.412,8.4,219077.0104056,1.574,0.997,-0.719,1574.54
2025-09-06 07:31:56,quickpizza,quickpizza-8b95978b5-jgvvs,quickpizza,neuronet-k8s-w2,flux,r4,Neuronet-ClusterTest,970489884000,665948289,22605455360,33104523264,36540416,0,6461690,56557568,59838464,59838464,22605455360,33104523264,32768,quickpizza/quickpizza-8b95978b5-jgvvs,quickpizza,quickpizza-8b95978b5-jgvvs,quickpizza,flux,Neuronet-ClusterTest,63834.225,0.0,flux,flux-node3,flux-node3.av.it.pt,185,neuronet-lb,0.0117462592989165,34359738368,34359738368,0,0,286289920,2147483648,1861193728,86.66858673095703,running,0,0,0,0,9314635,right,pdu,69.907,69.235,166132.00789085,0.306,10.3,166132.00789085,1.595,0.988,-6.253,801.09
2025-09-06 07:32:56,quickpizza,quickpizza-8b95978b5-jgvvs,quickpizza,neuronet-k8s-w2,flux,r4,Neuronet-ClusterTest,1030279073000,1460048071,22603800576,33104523264,38420480,0,7246000,63193088,67137536,67137536,22603800576,33104523264,32768,quickpizza/quickpizza-8b95978b5-jgvvs,quickpizza,quickpizza-8b95978b5-jgvvs,quickpizza,flux,Neuronet-ClusterTest,68725.542,81521950.00000004,flux,flux-node4,flux-node4.av.it.pt,182,neuronet-w1,0.188006515000434,64424509440,64424509440,0,0,27605884928,34359738368,6753853440,19.65630054473877,running,0,0,0,0,5519101,right,pdu,73.095,73.799,166133.00789089,0.32,10.7,166133.00789089,1.562,0.991,-6.329,4066.01
2025-09-06 07:33:56,quickpizza,quickpizza-8b95978b5-jgvvs,quickpizza,neuronet-k8s-w2,flux,r4,Neuronet-ClusterTest,1124397751000,1778777594,22607634432,33104523264,34852864,0,8078020,79646720,84819968,84819968,22607634432,33104523264,32768,quickpizza/quickpizza-8b95978b5-jgvvs,quickpizza,quickpizza-8b95978b5-jgvvs,quickpizza,flux,Neuronet-ClusterTest,75486.597,112684249.99999988,flux,flux-node5,flux-node5.av.it.pt,305,neuronet-k8s-w3,0.4474758079294,34359738368,34359738368,0,0,1271971840,4294967296,3022995456,70.38459777832031,running,0,0,0,0,5521130,right,pdu,52.148,58.565,130904.00621761,0.252,12.4,130904.00621761,1.635,0.985,-6.981,1572.3
2025-09-06 07:34:56,quickpizza,quickpizza-8b95978b5-jgvvs,quickpizza,neuronet-k8s-w2,flux,r4,Neuronet-ClusterTest,1215617027000,1841019936,22607929344,33104523264,34275328,0,8733950,85413888,90636288,90636288,22607929344,33104523264,32768,quickpizza/quickpizza-8b95978b5-jgvvs,quickpizza,quickpizza-8b95978b5-jgvvs,quickpizza,flux,Neuronet-ClusterTest,82518.846,117204150.00000018,flux,flux-node5,flux-node5.av.it.pt,305,neuronet-k8s-w3,0.648930312461321,34359738368,34359738368,0,0,1236086784,4294967296,3058880512,71.22011184692383,running,0,0,0,0,5521190,right,pdu,69.855,71.068,166135.00789099,0.306,9.3,166135.00789099,1.583,0.99,-6.341,1928.33
2025-09-06 07:35:56,quickpizza,quickpizza-8b95978b5-jgvvs,quickpizza,neuronet-k8s-w2,flux,r4,Neuronet-ClusterTest,1337208075000,1613020308,22600400896,33104523264,41553920,0,9692143,70164480,74498048,74498048,22600400896,33104523264,32768,quickpizza/quickpizza-8b95978b5-jgvvs,quickpizza,quickpizza-8b95978b5-jgvvs,quickpizza,flux,Neuronet-ClusterTest,89223.027,109904606.557377,flux,flux-node3,flux-node3.av.it.pt,306,neuronet-k8s-lb,0.0156491379457763,34359738368,34359738368,0,0,334163968,2147483648,1813319680,84.43927764892578,running,0,0,0,0,5143598,right,pdu,91.006,90.501,219085.01040598,0.397,9.1,219085.01040598,1.591,0.997,-0.461,2350.0
2025-09-06 07:36:56,quickpizza,quickpizza-8b95978b5-jgvvs,quickpizza,neuronet-k8s-w2,flux,r4,Neuronet-ClusterTest,1405477203000,884960870,22598168576,33104523264,43520000,0,10555043,56520704,59707392,59707392,22598168576,33104523264,32768,quickpizza/quickpizza-8b95978b5-jgvvs,quickpizza,quickpizza-8b95978b5-jgvvs,quickpizza,flux,Neuronet-ClusterTest,93461.808,0.0,flux,flux-node1,flux-node1.av.it.pt,302,neuronet-k8s-m3,0.253734041984551,34359738368,34359738368,0,0,540614656,4294967296,3754352640,87.41283416748047,running,0,0,0,0,5563664,left,pdu,71.752,68.551,179707.00853562,0.303,16.2,179707.00853562,1.643,0.981,-7.903,804.44
2025-09-06 07:37:56,quickpizza,quickpizza-8b95978b5-jgvvs,quickpizza,neuronet-k8s-w2,flux,r4,Neuronet-ClusterTest,1464102267000,1566963256,22607876096,33104523264,33878016,0,11314282,69484544,73125888,73125888,22607876096,33104523264,32768,quickpizza/quickpizza-8b95978b5-jgvvs,quickpizza,quickpizza-8b95978b5-jgvvs,quickpizza,flux,Neuronet-ClusterTest,98509.404,0.0,flux,flux-node1,flux-node1.av.it.pt,302,neuronet-k8s-m3,0.279302241853029,34359738368,34359738368,0,0,547139584,4294967296,3747827712,87.26091384887695,running,0,0,0,0,5563724,right,pdu,66.055,69.215,166139.00789118,0.289,9.6,166139.00789118,1.621,0.989,-6.162,2574.07
2025-09-06 07:38:56,quickpizza,quickpizza-8b95978b5-jgvvs,quickpizza,neuronet-k8s-w2,flux,r4,Neuronet-ClusterTest,13985550000,2599406350,22619373568,33104523264,22274048,0,0,0,0,137105408,22619373568,33104523264,32768,quickpizza/quickpizza-8b95978b5-jgvvs,quickpizza,quickpizza-8b95978b5-jgvvs,quickpizza,flux,Neuronet-ClusterTest,103644.474,85584500.00000012,flux,flux-node1,flux-node1.av.it.pt,188,neuronet-m2,0.263875450358249,64424509440,64424509440,0,0,709062656,4294967296,3585904640,83.49084854125977,running,0,0,0,0,9821664,left,pdu,70.285,69.056,179709.00853572,0.31,13.8,179709.00853572,1.768,0.984,-7.931,6004.89
2025-09-06 07:39:56,quickpizza,quickpizza-8b95978b5-jgvvs,quickpizza,neuronet-k8s-w2,flux,r4,Neuronet-ClusterTest,125316044000,2314303440,22605664256,33104523264,38481920,0,65814,189751296,196972544,196972544,22605664256,33104523264,32768,quickpizza/quickpizza-8b95978b5-jgvvs,quickpizza,quickpizza-8b95978b5-jgvvs,quickpizza,flux,Neuronet-ClusterTest,9063.696,130943450.0,flux,flux-node5,flux-node5.av.it.pt,305,neuronet-k8s-w3,0.418880321931562,34359738368,34359738368,0,0,1229193216,4294967296,3065774080,71.380615234375,running,0,0,0,0,5521490,left,pdu,68.885,68.643,179711.00853581,0.303,11.8,179711.00853581,1.642,0.987,-8.181,2169.11
2025-09-06 07:40:56,quickpizza,quickpizza-8b95978b5-jgvvs,quickpizza,neuronet-k8s-w2,flux,r4,Neuronet-ClusterTest,283249130000,1778495822,22602715136,33104523264,39776256,0,366168,80629760,85917696,85917696,22602715136,33104523264,32768,quickpizza/quickpizza-8b95978b5-jgvvs,quickpizza,quickpizza-8b95978b5-jgvvs,quickpizza,flux,Neuronet-ClusterTest,16416.477,122546350.0,flux,flux-node1,flux-node1.av.it.pt,302,neuronet-k8s-m3,0.291374714215395,34359738368,34359738368,0,0,559734784,4294967296,3735232512,86.96765899658203,running,0,0,0,0,5563905,left,pdu,64.162,64.079,147678.00701433,0.282,12.7,147678.00701433,1.66,0.98,-7.374,3194.96
2025-09-06 07:41:56,quickpizza,quickpizza-8b95978b5-jgvvs,quickpizza,neuronet-k8s-w2,flux,r4,Neuronet-ClusterTest,333208762000,160507564,22599766016,33104523264,41660416,0,812472,61636608,65679360,65679360,22599766016,33104523264,32768,quickpizza/quickpizza-8b95978b5-jgvvs,quickpizza,quickpizza-8b95978b5-jgvvs,quickpizza,flux,Neuronet-ClusterTest,19756.995,55675300.0,flux,flux-node4,flux-node4.av.it.pt,182,neuronet-w1,0.123363279932583,64424509440,64424509440,0,0,27632291840,34359738368,6727446528,19.57944631576538,running,0,0,0,0,5519641,left,pdu,75.906,77.52,179713.00853591,0.337,15.6,179713.00853591,1.696,0.979,-7.816,804.78
2025-09-06 07:42:56,quickpizza,quickpizza-8b95978b5-jgvvs,quickpizza,neuronet-k8s-w2,flux,r4,Neuronet-ClusterTest,379732521000,1482248132,22598418432,33104523264,33472512,0,1257310,72089600,76353536,76353536,22598418432,33104523264,32768,quickpizza/quickpizza-8b95978b5-jgvvs,quickpizza,quickpizza-8b95978b5-jgvvs,quickpizza,flux,Neuronet-ClusterTest,24089.913,72215300.00000003,flux,flux-node1,flux-node1.av.it.pt,302,neuronet-k8s-m3,0.281585763678719,34359738368,34359738368,0,0,542138368,4294967296,3752828928,87.37735748291016,running,0,0,0,0,5564024,left,pdu,61.252,64.425,147680.00701442,0.276,17.7,147680.00701442,1.796,0.969,-7.303,4976.38
2025-09-06 07:43:56,quickpizza,quickpizza-8b95978b5-jgvvs,quickpizza,neuronet-k8s-w2,flux,r4,Neuronet-ClusterTest,485756646000,1994590074,22599852032,33104523264,43098112,0,1913436,103600128,109572096,109572096,22599852032,33104523264,32768,quickpizza/quickpizza-8b95978b5-jgvvs,quickpizza,quickpizza-8b95978b5-jgvvs,quickpizza,flux,Neuronet-ClusterTest,31233.531,119060299.99999996,flux,flux-node5,flux-node5.av.it.pt,305,neuronet-k8s-w3,0.550673561412445,34359738368,34359738368,0,0,1235451904,4294967296,3059515392,71.23489379882812,running,0,0,0,0,5521730,right,pdu,69.565,68.162,166146.00789151,0.305,11.4,166146.00789151,1.609,0.988,-6.4,4817.73
2025-09-06 07:44:56,quickpizza,quickpizza-8b95978b5-jgvvs,quickpizza,neuronet-k8s-w2,flux,r4,Neuronet-ClusterTest,608203246000,2122721406,22596644864,33104523264,45568000,0,2423338,97742848,103981056,103981056,22596644864,33104523264,32768,quickpizza/quickpizza-8b95978b5-jgvvs,quickpizza,quickpizza-8b95978b5-jgvvs,quickpizza,flux,Neuronet-ClusterTest,38558.871,122089000.0,flux,flux-node1,flux-node1.av.it.pt,300,neuronet-k8s-m1,0.307266067231781,34359738368,34359738368,0,0,606228480,4294967296,3688738816,85.8851432800293,running,0,0,0,0,5564340,right,pdu,91.014,91.248,219098.0104066,0.431,6.2,219098.0104066,1.63,0.997,-0.711,4644.58
2025-09-06 07:45:56,quickpizza,quickpizza-8b95978b5-jgvvs,quickpizza,neuronet-k8s-w2,flux,r4,Neuronet-ClusterTest,718626737000,1776385243,22599135232,33104523264,42586112,0,3164053,79958016,85028864,85028864,22599135232,33104523264,32768,quickpizza/quickpizza-8b95978b5-jgvvs,quickpizza,quickpizza-8b95978b5-jgvvs,quickpizza,flux,Neuronet-ClusterTest,45437.025,112756622.9508197,flux,flux-node3,flux-node3.av.it.pt,185,neuronet-lb,0.0126697217532682,34359738368,34359738368,0,0,284790784,2147483648,1862692864,86.73839569091797,running,0,0,0,0,9315475,left,pdu,73.708,74.916,179718.00853615,0.324,15.3,179718.00853615,1.64,0.989,-7.788,3215.73
2025-09-06 07:46:56,quickpizza,quickpizza-8b95978b5-jgvvs,quickpizza,neuronet-k8s-w2,flux,r4,Neuronet-ClusterTest,787918837000,590540883,22596612096,33104523264,44535808,0,4020729,62050304,65982464,65982464,22596612096,33104523264,32768,quickpizza/quickpizza-8b95978b5-jgvvs,quickpizza,quickpizza-8b95978b5-jgvvs,quickpizza,flux,Neuronet-ClusterTest,49423.386,67565440.67796606,flux,flux-node1,flux-node1.av.it.pt,302,neuronet-k8s-m3,0.295482259154571,34359738368,34359738368,0,0,550203392,4294967296,3744763904,87.18957901000977,running,0,0,0,0,5564265,left,pdu,68.571,69.406,179719.00853619,0.301,12.4,179719.00853619,1.612,0.987,-8.122,985.56
2025-09-06 07:47:56,quickpizza,quickpizza-8b95978b5-jgvvs,quickpizza,neuronet-k8s-w2,flux,r4,Neuronet-ClusterTest,843978313000,1492726407,22594965504,33104523264,46505984,0,4773295,71462912,75513856,75513856,22594965504,33104523264,32768,quickpizza/quickpizza-8b95978b5-jgvvs,quickpizza,quickpizza-8b95978b5-jgvvs,quickpizza,flux,Neuronet-ClusterTest,54246.444,80384300.00000007,flux,flux-node3,flux-node3.av.it.pt,306,neuronet-k8s-lb,0.0135047520467039,34359738368,34359738368,0,0,330940416,2147483648,1816543232,84.58938598632812,running,0,0,0,0,5144318,left,pdu,68.281,69.43,179720.00853624,0.301,13.2,179720.00853624,1.711,0.986,-7.645,5587.27
2025-09-06 07:48:56,quickpizza,quickpizza-8b95978b5-jgvvs,quickpizza,neuronet-k8s-w2,flux,r4,Neuronet-ClusterTest,934359737000,1881044057,22599331840,33104523264,42356736,0,5524502,110305280,115814400,115814400,22599331840,33104523264,32768,quickpizza/quickpizza-8b95978b5-jgvvs,quickpizza,quickpizza-8b95978b5-jgvvs,quickpizza,flux,Neuronet-ClusterTest,61101.117,114244549.99999993,flux,flux-node4,flux-node4.av.it.pt,179,neuronet-m1,0.388300920299956,64424509440,64424509440,0,0,535433216,4294967296,3759534080,87.53347396850586,running,0,0,0,0,8865239,left,pdu,72.241,71.139,179722.00853634,0.317,12.0,179722.00853634,1.7,0.986,-7.744,3377.69
2025-09-06 07:49:56,quickpizza,quickpizza-8b95978b5-jgvvs,quickpizza,neuronet-k8s-w2,flux,r4,Neuronet-ClusterTest,1050201182000,1960128733,22599565312,33104523264,41766912,0,6280094,105615360,112111616,112111616,22599565312,33104523264,32768,quickpizza/quickpizza-8b95978b5-jgvvs,quickpizza,quickpizza-8b95978b5-jgvvs,quickpizza,flux,Neuronet-ClusterTest,68173.176,115935393.4426231,flux,flux-node4,flux-node4.av.it.pt,182,neuronet-w1,0.186846336878859,64424509440,64424509440,0,0,27600076800,34359738368,6759661568,19.67320442199707,running,0,0,0,0,5520121,right,pdu,70.964,70.408,166153.00789184,0.31,12.1,166153.00789184,1.549,0.992,-6.209,1810.14
2025-09-06 07:50:56,quickpizza,quickpizza-8b95978b5-jgvvs,quickpizza,neuronet-k8s-w2,flux,r4,Neuronet-ClusterTest,1168017526000,1635109988,22603317248,33104523264,37801984,0,7235022,79314944,83869696,83869696,22603317248,33104523264,32768,quickpizza/quickpizza-8b95978b5-jgvvs,quickpizza,quickpizza-8b95978b5-jgvvs,quickpizza,flux,Neuronet-ClusterTest,74917.029,114302593.22033878,flux,flux-node5,flux-node5.av.it.pt,184,neuronet-w3,0.350575167767265,64424509440,64424509440,0,0,7207768064,34359738368,27151970304,79.02263402938843,running,0,0,0,0,9822450,right,pdu,71.422,71.939,166155.00789194,0.312,10.3,166155.00789194,1.592,0.992,-6.289,4570.89
2025-09-06 07:51:56,quickpizza,quickpizza-8b95978b5-jgvvs,quickpizza,neuronet-k8s-w2,flux,r4,Neuronet-ClusterTest,1229151266000,439317469,22601019392,33104523264,39821312,0,8050408,64053248,68022272,68022272,22601019392,33104523264,32768,quickpizza/quickpizza-8b95978b5-jgvvs,quickpizza,quickpizza-8b95978b5-jgvvs,quickpizza,flux,Neuronet-ClusterTest,79076.772,69329050.00000004,flux,flux-node3,flux-node3.av.it.pt,311,neuronet-5g-core,0.149189921853383,85899345920,85899345920,0,0,8742301696,17179869184,8437567488,49.1131067276001,running,0,0,0,0,1271606,right,pdu,87.952,94.158,219109.01040712,0.383,6.9,219109.01040712,1.557,0.997,-0.886,1047.22
2025-09-06 07:52:56,quickpizza,quickpizza-8b95978b5-jgvvs,quickpizza,neuronet-k8s-w2,flux,r4,Neuronet-ClusterTest,1280255158000,1386010402,22599188480,33104523264,41693184,0,8795883,72339456,77017088,77017088,22599188480,33104523264,32768,quickpizza/quickpizza-8b95978b5-jgvvs,quickpizza,quickpizza-8b95978b5-jgvvs,quickpizza,flux,Neuronet-ClusterTest,84054.777,0.0,flux,flux-node1,flux-node1.av.it.pt,302,neuronet-k8s-m3,0.290566366256716,34359738368,34359738368,0,0,527519744,4294967296,3767447552,87.71772384643555,running,0,0,0,0,5564624,right,pdu,70.289,72.078,166157.00789203,0.315,10.4,166157.00789203,1.585,0.99,-6.217,1573.18
2025-09-06 07:53:56,quickpizza,quickpizza-8b95978b5-jgvvs,quickpizza,neuronet-k8s-w2,flux,r4,Neuronet-ClusterTest,1374236137000,1798640388,22603194368,33104523264,37752832,0,9663806,86847488,91885568,91885568,22603194368,33104523264,32768,quickpizza/quickpizza-8b95978b5-jgvvs,quickpizza,quickpizza-8b95978b5-jgvvs,quickpizza,flux,Neuronet-ClusterTest,90858.486,113395150.00000004,flux,flux-node5,flux-node5.av.it.pt,184,neuronet-w3,0.380421522392553,64424509440,64424509440,0,0,7153782784,34359738368,27205955584,79.17975187301636,running,0,0,0,0,9822631,right,pdu,70.869,72.785,166158.00789208,0.311,12.0,166158.00789208,1.599,0.991,-6.345,5207.37
2025-09-06 07:54:56,quickpizza,quickpizza-8b95978b5-jgvvs,quickpizza,neuronet-k8s-w2,flux,r4,Neuronet-ClusterTest,1501100901000,1923160688,22594797568,33104523264,36196352,0,10551639,98000896,102961152,102961152,22604488704,33104523264,32768,quickpizza/quickpizza-8b95978b5-jgvvs,quickpizza,quickpizza-8b95978b5-jgvvs,quickpizza,flux,Neuronet-ClusterTest,97976.316,118630500.00000004,flux,flux-node5,flux-node5.av.it.pt,303,neuronet-k8s-w1,0.164084526596435,34359738368,34359738368,0,0,524410880,4294967296,3770556416,87.79010772705078,running,0,0,0,0,5522551,right,pdu,72.169,68.547,166159.00789213,0.316,10.7,166159.00789213,1.57,0.989,-6.281,2883.92
2025-09-06 07:55:56,quickpizza,quickpizza-8b95978b5-jgvvs,quickpizza,neuronet-k8s-w2,flux,r4,Neuronet-ClusterTest,1605867437000,1666783674,22597746688,33104523264,43921408,0,11403213,78467072,83513344,83513344,22597746688,33104523264,32768,quickpizza/quickpizza-8b95978b5-jgvvs,quickpizza,quickpizza-8b95978b5-jgvvs,quickpizza,flux,Neuronet-ClusterTest,104724.252,112465599.99999978,flux,flux-node3,flux-node3.av.it.pt,306,neuronet-k8s-lb,0.005095068248801,34359738368,34359738368,0,0,330481664,2147483648,1817001984,84.61074829101562,running,0,0,0,0,5144799,right,pdu,66.122,67.474,166161.00789222,0.29,10.3,166161.00789222,1.649,0.99,-6.345,3829.36
2025-09-06 07:56:56,quickpizza,quickpizza-8b95978b5-jgvvs,quickpizza,neuronet-k8s-w2,flux,r4,Neuronet-ClusterTest,1670854263000,107455391,22606520320,33104523264,34070528,0,12265452,62550016,66007040,66007040,22606520320,33104523264,32768,quickpizza/quickpizza-8b95978b5-jgvvs,quickpizza,quickpizza-8b95978b5-jgvvs,quickpizza,flux,Neuronet-ClusterTest,108896.199,69532450.0,flux,flux-node1,flux-node1.av.it.pt,301,neuronet-k8s-m2,0.33682310800963,34359738368,34359738368,0,0,531124224,4294967296,3763843072,87.6338005065918,running,0,0,0,0,5564886,left,pdu,103.55,95.641,210580.01000201,0.452,8.4,210580.01000201,1.638,0.996,-4.846,1040.63
2025-09-06 07:57:56,quickpizza,quickpizza-8b95978b5-jgvvs,quickpizza,neuronet-k8s-w2,flux,r4,Neuronet-ClusterTest,1711297344000,1367466176,22605213696,33104523264,35946496,0,12881650,68628480,72450048,72450048,22605213696,33104523264,32768,quickpizza/quickpizza-8b95978b5-jgvvs,quickpizza,quickpizza-8b95978b5-jgvvs,quickpizza,flux,Neuronet-ClusterTest,113866.176,82832950.00000022,flux,flux-node5,flux-node5.av.it.pt,305,neuronet-k8s-w3,0.442204888174888,34359738368,34359738368,0,0,1250750464,4294967296,3044216832,70.87869644165039,running,0,0,0,0,5522570,left,pdu,61.28,62.807,147696.00701518,0.273,13.1,147696.00701518,1.747,0.975,-7.339,3593.51
2025-09-06 07:58:56,quickpizza,quickpizza-8b95978b5-jgvvs,quickpizza,neuronet-k8s-w2,flux,r4,Neuronet-ClusterTest,1832840848000,1846515792,22598131712,33104523264,43503616,0,14004894,92237824,97722368,97722368,22598131712,33104523264,32768,quickpizza/quickpizza-8b95978b5-jgvvs,quickpizza,quickpizza-8b95978b5-jgvvs,quickpizza,flux,Neuronet-ClusterTest,120725.814,114327299.99999988,flux,flux-node1,flux-node1.av.it.pt,300,neuronet-k8s-m1,0.276993107201686,34359738368,34359738368,0,0,583983104,4294967296,3710984192,86.40308380126953,running,0,0,0,0,5565180,left,pdu,72.249,75.421,179734.00853691,0.321,14.6,179734.00853691,1.678,0.988,-7.828,1584.5
2025-09-06 07:59:56,quickpizza,quickpizza-8b95978b5-jgvvs,quickpizza,neuronet-k8s-w2,flux,r4,Neuronet-ClusterTest,1938819846000,1828407265,22598873088,33104523264,42659840,0,14769886,87597056,92852224,92852224,22598873088,33104523264,32768,quickpizza/quickpizza-8b95978b5-jgvvs,quickpizza,quickpizza-8b95978b5-jgvvs,quickpizza,flux,Neuronet-ClusterTest,127720.053,116570650.00000004,flux,flux-node3,flux-node3.av.it.pt,311,neuronet-5g-core,0.144440449254852,85899345920,85899345920,0,0,8737619968,17179869184,8442249216,49.140357971191406,running,0,0,0,0,1272084,right,pdu,77.119,78.065,166165.00789241,0.339,13.4,166165.00789241,1.684,0.987,-6.038,2907.31
2025-09-06 08:00:56,quickpizza,quickpizza-8b95978b5-jgvvs,quickpizza,neuronet-k8s-w2,flux,r4,Neuronet-ClusterTest,2046192807000,1575520659,22601355264,33104523264,39501824,0,15670795,71507968,76509184,76509184,22601355264,33104523264,32768,quickpizza/quickpizza-8b95978b5-jgvvs,quickpizza,quickpizza-8b95978b5-jgvvs,quickpizza,flux,Neuronet-ClusterTest,134423.268,111720250.00000018,flux,flux-node3,flux-node3.av.it.pt,185,neuronet-lb,0.0151835795887864,34359738368,34359738368,0,0,282828800,2147483648,1864654848,86.82975769042969,running,0,0,0,0,9316375,right,pdu,69.907,72.475,166166.00789246,0.306,10.5,166166.00789246,1.626,0.988,-6.452,4612.69
2025-09-06 08:01:56,quickpizza,quickpizza-8b95978b5-jgvvs,quickpizza,neuronet-k8s-w2,flux,r4,Neuronet-ClusterTest,2107466311000,600641951,22598914048,33104523264,41385984,0,16470795,66396160,70012928,70012928,22598914048,33104523264,32768,quickpizza/quickpizza-8b95978b5-jgvvs,quickpizza,quickpizza-8b95978b5-jgvvs,quickpizza,flux,Neuronet-ClusterTest,138634.584,70188599.99999987,flux,flux-node5,flux-node5.av.it.pt,305,neuronet-k8s-w3,0.0836880611721803,34359738368,34359738368,0,0,1226448896,4294967296,3068518400,71.44451141357422,running,0,0,0,0,5522810,left,pdu,69.454,67.756,147700.00701537,0.308,15.7,147700.00701537,1.668,0.976,-7.382,810.93
2025-09-06 08:02:56,quickpizza,quickpizza-8b95978b5-jgvvs,quickpizza,neuronet-k8s-w2,flux,r4,Neuronet-ClusterTest,2151366035000,1404747958,22597361664,33104523264,43278336,0,17052984,72531968,77078528,77078528,22597361664,33104523264,32768,quickpizza/quickpizza-8b95978b5-jgvvs,quickpizza,quickpizza-8b95978b5-jgvvs,quickpizza,flux,Neuronet-ClusterTest,143658.981,83739949.99999996,flux,flux-node3,flux-node3.av.it.pt,185,neuronet-lb,0.007066909379606,34359738368,34359738368,0,0,283525120,2147483648,1863958528,86.79733276367188,running,0,0,0,0,9316495,right,pdu,93.256,94.989,219126.01040793,0.406,6.5,219126.01040793,1.575,0.997,-0.699,4057.97
2025-09-06 08:03:56,quickpizza,quickpizza-8b95978b5-jgvvs,quickpizza,neuronet-k8s-w2,flux,r4,Neuronet-ClusterTest,242683000,0,22622633984,33104523264,17469440,0,0,0,0,7147520,22622633984,33104523264,32768,quickpizza/quickpizza-8b95978b5-jgvvs,quickpizza,quickpizza-8b95978b5-jgvvs,quickpizza,flux,Neuronet-ClusterTest,149227.881,92814999.9999999,flux,flux-node3,flux-node3.av.it.pt,311,neuronet-5g-core,0.0,85899345920,85899345920,0,0,8738385920,17179869184,8441483264,49.13589954376221,running,0,0,0,0,1272324,right,pdu,64.544,66.742,166170.00789265,0.283,9.7,166170.00789265,1.565,0.992,-6.162,1697.44
2025-09-06 08:04:56,quickpizza,quickpizza-8b95978b5-jgvvs,quickpizza,neuronet-k8s-w2,flux,r4,Neuronet-ClusterTest,123590177000,2389729062,22608093184,33104523264,33083392,0,58588,180666368,187842560,187842560,22608093184,33104523264,32768,quickpizza/quickpizza-8b95978b5-jgvvs,quickpizza,quickpizza-8b95978b5-jgvvs,quickpizza,flux,Neuronet-ClusterTest,149227.881,0.0,flux,flux-node4,flux-node4.av.it.pt,182,neuronet-w1,0.183478010265328,64424509440,64424509440,0,0,27605012480,34359738368,6754725888,19.6588397026062,running,0,0,0,0,5521021,left,pdu,96.866,98.838,210592.01000258,0.424,10.4,210592.01000258,1.593,0.994,-4.75,2701.24
2025-09-06 08:05:56,quickpizza,quickpizza-8b95978b5-jgvvs,quickpizza,neuronet-k8s-w2,flux,r4,Neuronet-ClusterTest,235235224000,2012061509,22606954496,33104523264,33370112,0,176208,78245888,83714048,83714048,22606954496,33104523264,32768,quickpizza/quickpizza-8b95978b5-jgvvs,quickpizza,quickpizza-8b95978b5-jgvvs,quickpizza,flux,Neuronet-ClusterTest,149227.881,0.0,flux,flux-node3,flux-node3.av.it.pt,306,neuronet-k8s-lb,0.0136503589778942,34359738368,34359738368,0,0,329465856,2147483648,1818017792,84.65805053710938,running,0,0,0,0,5145398,left,pdu,69.04,70.444,179743.00853733,0.305,14.2,179743.00853733,1.648,0.981,-7.645,2434.09
2025-09-06 08:06:56,quickpizza,quickpizza-8b95978b5-jgvvs,quickpizza,neuronet-k8s-w2,flux,r4,Neuronet-ClusterTest,309366490000,276484336,22604754944,33104523264,35241984,0,728570,56201216,59703296,59703296,22604754944,33104523264,32768,quickpizza/quickpizza-8b95978b5-jgvvs,quickpizza,quickpizza-8b95978b5-jgvvs,quickpizza,flux,Neuronet-ClusterTest,149227.881,0.0,flux,flux-node3,flux-node3.av.it.pt,185,neuronet-lb,0.0115739441740096,34359738368,34359738368,0,0,280928256,2147483648,1866555392,86.91825866699219,running,0,0,0,0,9316735,left,pdu,85.476,85.988,184024.00874067,0.374,10.6,184024.00874067,1.56,0.994,-3.184,919.41
2025-09-06 08:07:56,quickpizza,quickpizza-8b95978b5-jgvvs,quickpizza,neuronet-k8s-w2,flux,r4,Neuronet-ClusterTest,357651098000,1531894687,22602932224,33104523264,37171200,0,1184959,67264512,71643136,71643136,22602932224,33104523264,32768,quickpizza/quickpizza-8b95978b5-jgvvs,quickpizza,quickpizza-8b95978b5-jgvvs,quickpizza,flux,Neuronet-ClusterTest,149227.881,0.0,flux,flux-node3,flux-node3.av.it.pt,185,neuronet-lb,0.012171568115173,34359738368,34359738368,0,0,282742784,2147483648,1864740864,86.8337631225586,running,0,0,0,0,9316795,left,pdu,72.225,72.964,179745.00853743,0.317,15.4,179745.00853743,1.648,0.989,-7.43,3653.64
2025-09-06 08:08:56,quickpizza,quickpizza-8b95978b5-jgvvs,quickpizza,neuronet-k8s-w2,flux,r4,Neuronet-ClusterTest,470275905000,2068717617,22605205504,33104523264,35045376,0,1885579,125145088,131629056,131629056,22605205504,33104523264,32768,quickpizza/quickpizza-8b95978b5-jgvvs,quickpizza,quickpizza-8b95978b5-jgvvs,quickpizza,flux,Neuronet-ClusterTest,149227.881,0.0,flux,flux-node5,flux-node5.av.it.pt,184,neuronet-w3,0.356706111724272,64424509440,64424509440,0,0,7190614016,34359738368,27169124352,79.0725588798523,running,0,0,0,0,9823529,left,pdu,64.405,65.772,147707.00701571,0.286,15.1,147707.00701571,1.797,0.979,-7.533,3449.24
2025-09-06 08:10:56,quickpizza,quickpizza-8b95978b5-jgvvs,quickpizza,neuronet-k8s-w2,flux,r4,Neuronet-ClusterTest,90976360000,1754882633,22612901888,33104523264,26877952,0,259933,56561664,60108800,60108800,22612901888,33104523264,32768,quickpizza/quickpizza-8b95978b5-jgvvs,quickpizza,quickpizza-8b95978b5-jgvvs,quickpizza,flux,Neuronet-ClusterTest,149227.881,0.0,flux,flux-node3,flux-node3.av.it.pt,311,neuronet-5g-core,0.150158881869582,85899345920,85899345920,0,0,8727076864,17179869184,8452792320,49.20172691345215,running,0,0,0,0,1272744,right,pdu,73.831,74.427,166179.00789308,0.323,11.1,166179.00789308,1.572,0.991,-6.408,2225.49
2025-09-06 08:11:56,quickpizza,quickpizza-8b95978b5-jgvvs,quickpizza,neuronet-k8s-w2,flux,r4,Neuronet-ClusterTest,137374292000,267472000,22611070976,33104523264,28696576,0,671628,48439296,51277824,51277824,22611070976,33104523264,32768,quickpizza/quickpizza-8b95978b5-jgvvs,quickpizza,quickpizza-8b95978b5-jgvvs,quickpizza,flux,Neuronet-ClusterTest,149227.881,0.0,flux,flux-node1,flux-node1.av.it.pt,300,neuronet-k8s-m1,0.302668332462298,34359738368,34359738368,0,0,564473856,4294967296,3730493440,86.85731887817383,running,0,0,0,0,5565960,left,pdu,66.416,68.281,179750.00853767,0.296,16.5,179750.00853767,1.763,0.972,-7.927,806.33
2025-09-06 08:12:56,quickpizza,quickpizza-8b95978b5-jgvvs,quickpizza,neuronet-k8s-w2,flux,r4,Neuronet-ClusterTest,187359977000,1547055878,22609817600,33104523264,30720000,0,1106843,61456384,64425984,64425984,22609817600,33104523264,32768,quickpizza/quickpizza-8b95978b5-jgvvs,quickpizza,quickpizza-8b95978b5-jgvvs,quickpizza,flux,Neuronet-ClusterTest,149227.881,0.0,flux,flux-node1,flux-node1.av.it.pt,301,neuronet-k8s-m2,0.313885712974832,34359738368,34359738368,0,0,530399232,4294967296,3764568064,87.65068054199219,running,0,0,0,0,5565846,left,pdu,61.502,68.122,179751.00853771,0.271,16.0,179751.00853771,1.945,0.981,-7.828,2960.19
2025-09-06 08:13:56,quickpizza,quickpizza-8b95978b5-jgvvs,quickpizza,neuronet-k8s-w2,flux,r4,Neuronet-ClusterTest,293685748000,1961593901,22601330688,33104523264,39829504,0,1772108,78798848,83533824,83533824,22601330688,33104523264,32768,quickpizza/quickpizza-8b95978b5-jgvvs,quickpizza,quickpizza-8b95978b5-jgvvs,quickpizza,flux,Neuronet-ClusterTest,149227.881,0.0,flux,flux-node3,flux-node3.av.it.pt,306,neuronet-k8s-lb,0.0151566777922612,34359738368,34359738368,0,0,329613312,2147483648,1817870336,84.65118408203125,running,0,0,0,0,5145878,left,pdu,64.055,65.884,147712.00701594,0.282,14.5,147712.00701594,1.713,0.979,-7.068,3295.32
2025-09-06 08:14:56,quickpizza,quickpizza-8b95978b5-jgvvs,quickpizza,neuronet-k8s-w2,flux,r4,Neuronet-ClusterTest,411355495000,1998666034,22599098368,33104523264,41959424,0,2350345,90116096,95428608,95428608,22599098368,33104523264,32768,quickpizza/quickpizza-8b95978b5-jgvvs,quickpizza,quickpizza-8b95978b5-jgvvs,quickpizza,flux,Neuronet-ClusterTest,149227.881,0.0,flux,flux-node1,flux-node1.av.it.pt,301,neuronet-k8s-m2,0.345061837349524,34359738368,34359738368,0,0,521809920,4294967296,3773157376,87.85066604614258,running,0,0,0,0,5565966,left,pdu,69.994,70.587,179754.00853786,0.311,15.7,179754.00853786,1.605,0.985,-7.649,2125.9
2025-09-06 08:15:56,quickpizza,quickpizza-8b95978b5-jgvvs,quickpizza,neuronet-k8s-w2,flux,r4,Neuronet-ClusterTest,515796490000,1732715353,22599360512,33104523264,41078784,0,3020283,73502720,78381056,78381056,22599360512,33104523264,32768,quickpizza/quickpizza-8b95978b5-jgvvs,quickpizza,quickpizza-8b95978b5-jgvvs,quickpizza,flux,Neuronet-ClusterTest,149227.881,0.0,flux,flux-node3,flux-node3.av.it.pt,311,neuronet-5g-core,0.140129816153919,85899345920,85899345920,0,0,8750895104,17179869184,8428974080,49.06308650970459,running,0,0,0,0,1273044,left,pdu,90.608,94.608,210609.01000339,0.396,8.8,210609.01000339,1.583,0.992,-5.045,2946.55
2025-09-06 08:16:56,quickpizza,quickpizza-8b95978b5-jgvvs,quickpizza,neuronet-k8s-w2,flux,r4,Neuronet-ClusterTest,590315777000,354780135,22607507456,33104523264,31883264,0,3889503,52514816,55513088,55513088,22607507456,33104523264,32768,quickpizza/quickpizza-8b95978b5-jgvvs,quickpizza,quickpizza-8b95978b5-jgvvs,quickpizza,flux,Neuronet-ClusterTest,149227.881,0.0,flux,flux-node3,flux-node3.av.it.pt,311,neuronet-5g-core,0.145975582235061,85899345920,85899345920,0,0,8737390592,17179869184,8442478592,49.141693115234375,running,0,0,0,0,1273104,left,pdu,67.534,66.301,179756.00853795,0.297,13.2,179756.00853795,1.785,0.982,-7.712,810.81
2025-09-06 08:17:56,quickpizza,quickpizza-8b95978b5-jgvvs,quickpizza,neuronet-k8s-w2,flux,r4,Neuronet-ClusterTest,627461115000,1339758250,22606008320,33104523264,33767424,0,4442649,58654720,62160896,62160896,22606008320,33104523264,32768,quickpizza/quickpizza-8b95978b5-jgvvs,quickpizza,quickpizza-8b95978b5-jgvvs,quickpizza,flux,Neuronet-ClusterTest,149227.881,0.0,flux,flux-node1,flux-node1.av.it.pt,301,neuronet-k8s-m2,0.33417520946511,34359738368,34359738368,0,0,513929216,4294967296,3781038080,88.03415298461914,running,0,0,0,0,5566146,right,pdu,73.859,74.543,166187.00789346,0.323,11.1,166187.00789346,1.649,0.99,-6.313,4621.23
2025-09-06 08:18:56,quickpizza,quickpizza-8b95978b5-jgvvs,quickpizza,neuronet-k8s-w2,flux,r4,Neuronet-ClusterTest,726189885000,1900606081,22598180864,33104523264,42151936,0,5343091,83189760,87441408,87441408,22598180864,33104523264,32768,quickpizza/quickpizza-8b95978b5-jgvvs,quickpizza,quickpizza-8b95978b5-jgvvs,quickpizza,flux,Neuronet-ClusterTest,149227.881,0.0,flux,flux-node5,flux-node5.av.it.pt,184,neuronet-w3,0.295914804905347,64424509440,64424509440,0,0,7210119168,34359738368,27149619200,79.01579141616821,running,0,0,0,0,9824131,right,pdu,69.482,73.203,166188.00789351,0.324,10.6,166188.00789351,1.585,0.992,-6.253,3814.09
2025-09-06 08:19:56,quickpizza,quickpizza-8b95978b5-jgvvs,quickpizza,neuronet-k8s-w2,flux,r4,Neuronet-ClusterTest,847226617000,1969422714,22597894144,33104523264,42151936,0,6112400,96505856,101629952,101629952,22597894144,33104523264,32768,quickpizza/quickpizza-8b95978b5-jgvvs,quickpizza,quickpizza-8b95978b5-jgvvs,quickpizza,flux,Neuronet-ClusterTest,149227.881,0.0,flux,flux-node1,flux-node1.av.it.pt,302,neuronet-k8s-m3,0.268386454780366,34359738368,34359738368,0,0,527581184,4294967296,3767386112,87.71629333496094,running,0,0,0,0,5566245,right,pdu,56.807,59.996,130947.00621965,0.252,12.5,130947.00621965,1.783,0.981,-7.028,2690.72
2025-09-06 08:20:56,quickpizza,quickpizza-8b95978b5-jgvvs,quickpizza,neuronet-k8s-w2,flux,r4,Neuronet-ClusterTest,974445210000,1626215970,22600101888,33104523264,39452672,0,7068068,66924544,70905856,70905856,22600101888,33104523264,32768,quickpizza/quickpizza-8b95978b5-jgvvs,quickpizza,quickpizza-8b95978b5-jgvvs,quickpizza,flux,Neuronet-ClusterTest,149227.881,0.0,flux,flux-node5,flux-node5.av.it.pt,304,neuronet-k8s-w2,0.651444457802216,34359738368,34359738368,0,0,744169472,4294967296,3550797824,82.67345428466797,running,0,0,0,0,5523967,left,pdu,87.316,89.638,210617.01000377,0.401,8.7,210617.01000377,1.547,0.993,-5.068,4100.43
2025-09-06 08:21:56,quickpizza,quickpizza-8b95978b5-jgvvs,quickpizza,neuronet-k8s-w2,flux,r4,Neuronet-ClusterTest,1034150225000,656405805,22597513216,33104523264,41558016,0,7850264,56266752,59301888,59301888,22597513216,33104523264,32768,quickpizza/quickpizza-8b95978b5-jgvvs,quickpizza,quickpizza-8b95978b5-jgvvs,quickpizza,flux,Neuronet-ClusterTest,149227.881,0.0,flux,flux-node4,flux-node4.av.it.pt,179,neuronet-m1,0.419121549920712,64424509440,64424509440,0,0,377683968,4294967296,3917283328,91.20635986328124,running,0,0,0,0,8867218,left,pdu,65.236,60.691,147721.00701637,0.294,18.7,147721.00701637,1.761,0.976,-7.164,1065.52
2025-09-06 08:22:56,quickpizza,quickpizza-8b95978b5-jgvvs,quickpizza,neuronet-k8s-w2,flux,r4,Neuronet-ClusterTest,1074325575000,1353563875,22606757888,33104523264,32571392,0,8442316,60530688,63619072,63619072,22606757888,33104523264,32768,quickpizza/quickpizza-8b95978b5-jgvvs,quickpizza,quickpizza-8b95978b5-jgvvs,quickpizza,flux,Neuronet-ClusterTest,149227.881,0.0,flux,flux-node1,flux-node1.av.it.pt,301,neuronet-k8s-m2,0.345761198960318,34359738368,34359738368,0,0,540254208,4294967296,3754713088,87.42122650146484,running,0,0,0,0,5566446,left,pdu,70.746,75.234,179763.00853828,0.315,12.5,179763.00853828,1.744,0.979,-7.843,3965.16
2025-09-06 08:23:56,quickpizza,quickpizza-8b95978b5-jgvvs,quickpizza,neuronet-k8s-w2,flux,r4,Neuronet-ClusterTest,1176078801000,1744072786,22599077888,33104523264,40321024,0,9410657,78131200,82337792,82337792,22599077888,33104523264,32768,quickpizza/quickpizza-8b95978b5-jgvvs,quickpizza,quickpizza-8b95978b5-jgvvs,quickpizza,flux,Neuronet-ClusterTest,149227.881,0.0,flux,flux-node5,flux-node5.av.it.pt,181,neuronet-m3,0.371283173281446,64424509440,64424509440,0,0,777740288,4294967296,3517227008,81.8918228149414,running,0,0,0,0,9824474,right,pdu,91.487,87.873,219159.01040949,0.398,9.2,219159.01040949,1.573,0.997,-0.401,1587.34
2025-09-06 08:24:56,quickpizza,quickpizza-8b95978b5-jgvvs,quickpizza,neuronet-k8s-w2,flux,r4,Neuronet-ClusterTest,1308933673000,1889081154,22599983104,33104523264,39305216,0,10345279,94277632,99577856,99577856,22599983104,33104523264,32768,quickpizza/quickpizza-8b95978b5-jgvvs,quickpizza,quickpizza-8b95978b5-jgvvs,quickpizza,flux,Neuronet-ClusterTest,149227.881,0.0,flux,flux-node5,flux-node5.av.it.pt,183,neuronet-w2,0.623950622389083,64424509440,64424509440,0,0,1500446720,34359738368,32859291648,95.63312530517578,running,0,0,0,0,9824504,right,pdu,69.756,77.938,166195.00789384,0.305,8.9,166195.00789384,1.532,0.993,-6.138,1578.71
2025-09-06 08:25:56,quickpizza,quickpizza-8b95978b5-jgvvs,quickpizza,neuronet-k8s-w2,flux,r4,Neuronet-ClusterTest,1411243037000,1600359234,22602854400,33104523264,36118528,0,11231809,69488640,73654272,73654272,22602854400,33104523264,32768,quickpizza/quickpizza-8b95978b5-jgvvs,quickpizza,quickpizza-8b95978b5-jgvvs,quickpizza,flux,Neuronet-ClusterTest,149227.881,0.0,flux,flux-node4,flux-node4.av.it.pt,179,neuronet-m1,0.398475637342397,64424509440,64424509440,0,0,416038912,4294967296,3878928384,90.31333923339844,running,0,0,0,0,8867458,right,pdu,98.225,98.448,219162.01040964,0.428,8.5,219162.01040964,1.556,0.997,-0.135,4077.13
2025-09-06 08:26:56,quickpizza,quickpizza-8b95978b5-jgvvs,quickpizza,neuronet-k8s-w2,flux,r4,Neuronet-ClusterTest,1471786153000,999108640,22600728576,33104523264,38109184,0,12060462,56070144,59863040,59863040,22600728576,33104523264,32768,quickpizza/quickpizza-8b95978b5-jgvvs,quickpizza,quickpizza-8b95978b5-jgvvs,quickpizza,flux,Neuronet-ClusterTest,149227.881,0.0,flux,flux-node5,flux-node5.av.it.pt,305,neuronet-k8s-w3,0.19560603427452,34359738368,34359738368,0,0,1133477888,4294967296,3161489408,73.60916137695312,running,0,0,0,0,5524310,right,pdu,74.61,71.672,166198.00789398,0.291,12.4,166198.00789398,1.585,0.988,-6.603,1048.21
2025-09-06 08:27:56,quickpizza,quickpizza-8b95978b5-jgvvs,quickpizza,neuronet-k8s-w2,flux,r4,Neuronet-ClusterTest,1531890616000,1465393797,22598774784,33104523264,40009728,0,12942219,67575808,71360512,71360512,22598774784,33104523264,32768,quickpizza/quickpizza-8b95978b5-jgvvs,quickpizza,quickpizza-8b95978b5-jgvvs,quickpizza,flux,Neuronet-ClusterTest,149227.881,0.0,flux,flux-node4,flux-node4.av.it.pt,182,neuronet-w1,0.184735716419227,64424509440,64424509440,0,0,27609903104,34359738368,6749835264,19.64460611343384,running,0,0,0,0,5522401,left,pdu,63.474,68.098,179769.00853857,0.279,14.5,179769.00853857,1.655,0.984,-8.094,3260.31
2025-09-06 08:28:56,quickpizza,quickpizza-8b95978b5-jgvvs,quickpizza,neuronet-k8s-w2,flux,r4,Neuronet-ClusterTest,1620544702000,1751028414,22604091392,33104523264,36126720,0,13793411,73588736,78475264,78475264,22604091392,33104523264,32768,quickpizza/quickpizza-8b95978b5-jgvvs,quickpizza,quickpizza-8b95978b5-jgvvs,quickpizza,flux,Neuronet-ClusterTest,149227.881,0.0,flux,flux-node5,flux-node5.av.it.pt,181,neuronet-m3,0.364502447887593,64424509440,64424509440,0,0,749752320,4294967296,3545214976,82.5434684753418,running,0,0,0,0,9824773,left,pdu,62.512,68.834,179771.00853866,0.279,16.8,179771.00853866,1.718,0.975,-7.581,1599.21
2025-09-06 08:29:56,quickpizza,quickpizza-8b95978b5-jgvvs,quickpizza,neuronet-k8s-w2,flux,r4,Neuronet-ClusterTest,1747554178000,1906333378,22605438976,33104523264,34787328,0,14679520,85983232,91377664,91377664,22605438976,33104523264,32768,quickpizza/quickpizza-8b95978b5-jgvvs,quickpizza,quickpizza-8b95978b5-jgvvs,quickpizza,flux,Neuronet-ClusterTest,149227.881,0.0,flux,flux-node1,flux-node1.av.it.pt,301,neuronet-k8s-m2,0.330934505159808,34359738368,34359738368,0,0,543842304,4294967296,3751124992,87.33768463134766,running,0,0,0,0,5566866,left,pdu,72.491,74.988,179772.00853871,0.318,13.8,179772.00853871,1.663,0.985,-8.189,1575.45
2025-09-06 08:30:56,quickpizza,quickpizza-8b95978b5-jgvvs,quickpizza,neuronet-k8s-w2,flux,r4,Neuronet-ClusterTest,1845589220000,1641255268,22597136384,33104523264,42160128,0,15547029,70082560,74182656,74182656,22597136384,33104523264,32768,quickpizza/quickpizza-8b95978b5-jgvvs,quickpizza,quickpizza-8b95978b5-jgvvs,quickpizza,flux,Neuronet-ClusterTest,149227.881,0.0,flux,flux-node5,flux-node5.av.it.pt,305,neuronet-k8s-w3,0.415211586366299,34359738368,34359738368,0,0,1200947200,4294967296,3094020096,72.03826904296875,running,0,0,0,0,5524550,left,pdu,74.586,75.525,179773.00853876,0.328,15.2,179773.00853876,1.631,0.987,-8.038,2823.64
2025-09-06 08:31:56,quickpizza,quickpizza-8b95978b5-jgvvs,quickpizza,neuronet-k8s-w2,flux,r4,Neuronet-ClusterTest,1908519680000,1049214617,22605971456,33104523264,32567296,0,16396581,57413632,60469248,60469248,22605971456,33104523264,32768,quickpizza/quickpizza-8b95978b5-jgvvs,quickpizza,quickpizza-8b95978b5-jgvvs,quickpizza,flux,Neuronet-ClusterTest,149227.881,0.0,flux,flux-node3,flux-node3.av.it.pt,185,neuronet-lb,0.012645569631504,34359738368,34359738368,0,0,281038848,2147483648,1866444800,86.9131088256836,running,0,0,0,0,9318235,left,pdu,62.62,63.896,179774.00853881,0.277,15.1,179774.00853881,1.688,0.98,-7.847,1047.99
2025-09-06 08:32:56,quickpizza,quickpizza-8b95978b5-jgvvs,quickpizza,neuronet-k8s-w2,flux,r4,Neuronet-ClusterTest,1959724459000,1417004776,22604550144,33104523264,34525184,0,17109057,66183168,69894144,69894144,22604550144,33104523264,32768,quickpizza/quickpizza-8b95978b5-jgvvs,quickpizza,quickpizza-8b95978b5-jgvvs,quickpizza,flux,Neuronet-ClusterTest,149227.881,0.0,flux,flux-node3,flux-node3.av.it.pt,306,neuronet-k8s-lb,0.0971708131463841,34359738368,34359738368,0,0,253489152,2147483648,1893994496,88.19599151611328,running,0,0,0,0,5147018,left,pdu,89.328,92.087,210635.01000463,0.39,7.8,210635.01000463,1.637,0.994,-4.305,5543.19
2025-09-06 08:33:56,quickpizza,quickpizza-8b95978b5-jgvvs,quickpizza,neuronet-k8s-w2,flux,r4,Neuronet-ClusterTest,2073740859000,1922622991,22596612096,33104523264,42106880,0,18036971,82235392,87228416,87228416,22596612096,33104523264,32768,quickpizza/quickpizza-8b95978b5-jgvvs,quickpizza,quickpizza-8b95978b5-jgvvs,quickpizza,flux,Neuronet-ClusterTest,149227.881,0.0,flux,flux-node3,flux-node3.av.it.pt,185,neuronet-lb,0.0127054134230373,34359738368,34359738368,0,0,280440832,2147483648,1867042816,86.94095611572266,running,0,0,0,0,9318355,right,pdu,86.895,92.095,219174.01041021,0.379,8.5,219174.01041021,1.575,0.997,-1.24,3011.82
2025-09-06 08:34:56,quickpizza,quickpizza-8b95978b5-jgvvs,quickpizza,neuronet-k8s-w2,flux,r4,Neuronet-ClusterTest,2187234230000,1865216142,22597533696,33104523264,41889792,0,18835441,89751552,94486528,94486528,22597533696,33104523264,32768,quickpizza/quickpizza-8b95978b5-jgvvs,quickpizza,quickpizza-8b95978b5-jgvvs,quickpizza,flux,Neuronet-ClusterTest,149227.881,0.0,flux,flux-node1,flux-node1.av.it.pt,301,neuronet-k8s-m2,0.273871682158059,34359738368,34359738368,0,0,517476352,4294967296,3777490944,87.95156478881836,running,0,0,0,0,5567166,right,pdu,70.658,70.782,166208.00789446,0.309,12.0,166208.00789446,1.588,0.99,-6.512,2676.22
2025-09-06 08:35:56,quickpizza,quickpizza-8b95978b5-jgvvs,quickpizza,neuronet-k8s-w2,flux,r4,Neuronet-ClusterTest,77912742000,1875431730,22606249984,33104523264,32583680,0,154732,54718464,58707968,58707968,22606249984,33104523264,32768,quickpizza/quickpizza-8b95978b5-jgvvs,,,,,,,,flux,flux-node5,flux-node5.av.it.pt,183,neuronet-w2,0.624087015883969,64424509440,64424509440,0,0,1462599680,34359738368,32897138688,95.7432746887207,running,0,0,0,0,9825164,right,pdu,61.658,58.437,120120.00570539,0.272,16.1,120120.00570539,1.657,0.978,-8.181,2209.86
2025-09-06 08:36:56,quickpizza,quickpizza-8b95978b5-jgvvs,quickpizza,neuronet-k8s-w2,flux,r4,Neuronet-ClusterTest,137998199000,329881133,22603882496,33104523264,34349056,0,601040,52682752,56037376,56037376,22603882496,33104523264,32768,quickpizza/quickpizza-8b95978b5-jgvvs,quickpizza,quickpizza-8b95978b5-jgvvs,quickpizza,flux,Neuronet-ClusterTest,9104.517,54180000.0,flux,flux-node5,flux-node5.av.it.pt,181,neuronet-m3,0.374468445551312,64424509440,64424509440,0,0,618790912,4294967296,3676176384,85.5926513671875,running,0,0,0,0,9825254,right,pdu,68.082,67.398,166210.00789455,0.297,9.7,166210.00789455,1.576,0.991,-6.313,808.14
2025-09-06 08:37:56,quickpizza,quickpizza-8b95978b5-jgvvs,quickpizza,neuronet-k8s-w2,flux,r4,Neuronet-ClusterTest,170672885000,1261680113,22602276864,33104523264,36319232,0,906932,55898112,59191296,59191296,22602276864,33104523264,32768,quickpizza/quickpizza-8b95978b5-jgvvs,quickpizza,quickpizza-8b95978b5-jgvvs,quickpizza,flux,Neuronet-ClusterTest,13374.423,71165100.00000001,flux,flux-node4,flux-node4.av.it.pt,179,neuronet-m1,0.393172780451102,64424509440,64424509440,0,0,371486720,4294967296,3923480576,91.35065078735352,running,0,0,0,0,8868178,left,pdu,58.684,58.724,147737.00701713,0.261,17.5,147737.00701713,1.86,0.973,-7.561,3005.57
2025-09-06 08:38:56,quickpizza,quickpizza-8b95978b5-jgvvs,quickpizza,neuronet-k8s-w2,flux,r4,Neuronet-ClusterTest,22077176000,1426097564,22619852800,33104523264,19329024,0,42710,137424896,142327808,142327808,22619852800,33104523264,32768,quickpizza/quickpizza-8b95978b5-jgvvs,quickpizza,quickpizza-8b95978b5-jgvvs,quickpizza,flux,Neuronet-ClusterTest,15621.522,37451650.0,flux,flux-node1,flux-node1.av.it.pt,302,neuronet-k8s-m3,0.266081589517499,34359738368,34359738368,0,0,516759552,4294967296,3778207744,87.96825408935547,running,0,0,0,0,5567385,right,pdu,75.751,76.344,166212.00789465,0.331,11.0,166212.00789465,1.594,0.989,-6.301,3535.12
2025-09-06 08:39:56,quickpizza,quickpizza-8b95978b5-jgvvs,quickpizza,neuronet-k8s-w2,flux,r4,Neuronet-ClusterTest,156212479000,2380093411,22603014144,33104523264,35999744,0,75308,164159488,171319296,171319296,22603014144,33104523264,32768,quickpizza/quickpizza-8b95978b5-jgvvs,quickpizza,quickpizza-8b95978b5-jgvvs,quickpizza,flux,Neuronet-ClusterTest,10331.991,131638800.0,flux,flux-node5,flux-node5.av.it.pt,184,neuronet-w3,0.377046572508336,64424509440,64424509440,0,0,7196008448,34359738368,27163729920,79.05685901641846,running,0,0,0,0,9825390,right,pdu,73.0,70.881,166214.00789474,0.319,11.8,166214.00789474,1.538,0.993,-6.054,4510.92
2025-09-06 08:40:56,quickpizza,quickpizza-8b95978b5-jgvvs,quickpizza,neuronet-k8s-w2,flux,r4,Neuronet-ClusterTest,289188276000,2051389178,22610030592,33104523264,28213248,0,220833,80723968,86171648,86171648,22610030592,33104523264,32768,quickpizza/quickpizza-8b95978b5-jgvvs,quickpizza,quickpizza-8b95978b5-jgvvs,quickpizza,flux,Neuronet-ClusterTest,17671.176,122319750.0,flux,flux-node1,flux-node1.av.it.pt,300,neuronet-k8s-m1,0.30488718515693,34359738368,34359738368,0,0,577347584,4294967296,3717619712,86.55757904052734,running,0,0,0,0,5567700,right,pdu,68.818,69.466,166215.00789479,0.301,9.2,166215.00789479,1.573,0.99,-6.082,3353.73
2025-09-06 08:41:56,quickpizza,quickpizza-8b95978b5-jgvvs,quickpizza,neuronet-k8s-w2,flux,r4,Neuronet-ClusterTest,358045890000,223516499,22607790080,33104523264,30121984,0,743934,60915712,64360448,64360448,22607790080,33104523264,32768,quickpizza/quickpizza-8b95978b5-jgvvs,quickpizza,quickpizza-8b95978b5-jgvvs,quickpizza,flux,Neuronet-ClusterTest,20948.295,54618649.99999998,flux,flux-node3,flux-node3.av.it.pt,185,neuronet-lb,0.0109129502047213,34359738368,34359738368,0,0,277372928,2147483648,1870110720,87.08381652832031,running,0,0,0,0,9318836,left,pdu,94.985,89.193,210649.01000529,0.415,10.3,210649.01000529,1.57,0.995,-4.905,758.59
2025-09-06 08:42:56,quickpizza,quickpizza-8b95978b5-jgvvs,quickpizza,neuronet-k8s-w2,flux,r4,Neuronet-ClusterTest,400116460000,1450848184,22605918208,33104523264,32120832,0,1155900,69214208,73367552,73367552,22605918208,33104523264,32768,quickpizza/quickpizza-8b95978b5-jgvvs,quickpizza,quickpizza-8b95978b5-jgvvs,quickpizza,flux,Neuronet-ClusterTest,25279.809,72191900.00000004,flux,flux-node5,flux-node5.av.it.pt,184,neuronet-w3,0.634670705277903,64424509440,64424509440,0,0,7203667968,34359738368,27156070400,79.03456687927246,running,0,0,0,0,9825570,right,pdu,66.79,73.632,166217.00789488,0.305,9.8,166217.00789488,1.675,0.991,-6.4,3988.45
2025-09-06 08:43:56,quickpizza,quickpizza-8b95978b5-jgvvs,quickpizza,neuronet-k8s-w2,flux,r4,Neuronet-ClusterTest,515390906000,1985205993,22606729216,33104523264,31215616,0,1867572,100110336,105836544,105836544,22606729216,33104523264,32768,quickpizza/quickpizza-8b95978b5-jgvvs,quickpizza,quickpizza-8b95978b5-jgvvs,quickpizza,flux,Neuronet-ClusterTest,32341.491,117694700.0,flux,flux-node3,flux-node3.av.it.pt,185,neuronet-lb,0.0149366343015564,34359738368,34359738368,0,0,278999040,2147483648,1868484608,87.00809478759766,running,0,0,0,0,9318955,left,pdu,89.193,89.547,184076.00874314,0.389,12.1,184076.00874314,1.573,0.996,-3.617,5362.71
2025-09-06 08:44:56,quickpizza,quickpizza-8b95978b5-jgvvs,quickpizza,neuronet-k8s-w2,flux,r4,Neuronet-ClusterTest,613831744000,2002637598,22607286272,33104523264,32542720,0,2342534,94523392,100306944,100306944,22607286272,33104523264,32768,quickpizza/quickpizza-8b95978b5-jgvvs,quickpizza,quickpizza-8b95978b5-jgvvs,quickpizza,flux,Neuronet-ClusterTest,39664.32,122047149.99999996,flux,flux-node5,flux-node5.av.it.pt,304,neuronet-k8s-w2,0.552146213787418,34359738368,34359738368,0,0,705409024,4294967296,3589558272,83.5759162902832,running,0,0,0,0,5525407,left,pdu,73.183,74.101,179790.00853957,0.322,14.5,179790.00853957,1.602,0.987,-7.525,3723.79
2025-09-06 08:45:56,quickpizza,quickpizza-8b95978b5-jgvvs,quickpizza,neuronet-k8s-w2,flux,r4,Neuronet-ClusterTest,738323960000,1698186581,22607941632,33104523264,30851072,0,2993410,79470592,85000192,85000192,22607941632,33104523264,32768,quickpizza/quickpizza-8b95978b5-jgvvs,quickpizza,quickpizza-8b95978b5-jgvvs,quickpizza,flux,Neuronet-ClusterTest,46710.612,117438200.00000004,flux,flux-node5,flux-node5.av.it.pt,181,neuronet-m3,0.367902375979248,64424509440,64424509440,0,0,756576256,4294967296,3538391040,82.38458633422852,running,0,0,0,0,9825793,right,pdu,67.601,69.346,166221.00789507,0.296,9.0,166221.00789507,1.569,0.99,-6.269,3964.26
2025-09-06 08:46:56,quickpizza,quickpizza-8b95978b5-jgvvs,quickpizza,neuronet-k8s-w2,flux,r4,Neuronet-ClusterTest,815849838000,262857329,22604853248,33104523264,32796672,0,3896655,62468096,65921024,65921024,22604853248,33104523264,32768,quickpizza/quickpizza-8b95978b5-jgvvs,quickpizza,quickpizza-8b95978b5-jgvvs,quickpizza,flux,Neuronet-ClusterTest,50720.577,66832749.99999995,flux,flux-node1,flux-node1.av.it.pt,301,neuronet-k8s-m2,0.340589164511775,34359738368,34359738368,0,0,521854976,4294967296,3773112320,87.84961700439453,running,0,0,0,0,5567887,left,pdu,66.965,77.878,179793.00853971,0.295,17.3,179793.00853971,1.723,0.987,-7.875,804.36
2025-09-06 08:47:56,quickpizza,quickpizza-8b95978b5-jgvvs,quickpizza,neuronet-k8s-w2,flux,r4,Neuronet-ClusterTest,854866887000,1322768936,22603542528,33104523264,34803712,0,4452414,68497408,72384512,72384512,22603542528,33104523264,32768,quickpizza/quickpizza-8b95978b5-jgvvs,quickpizza,quickpizza-8b95978b5-jgvvs,quickpizza,flux,Neuronet-ClusterTest,55543.056,80374649.99999999,flux,flux-node5,flux-node5.av.it.pt,184,neuronet-w3,0.35939934979069,64424509440,64424509440,0,0,7191535616,34359738368,27168202752,79.0698766708374,running,0,0,0,0,9825870,left,pdu,72.05,68.158,147748.00701765,0.318,15.7,147748.00701765,1.715,0.968,-7.35,2694.85
2025-09-06 08:48:56,quickpizza,quickpizza-8b95978b5-jgvvs,quickpizza,neuronet-k8s-w2,flux,r4,Neuronet-ClusterTest,971995922000,1775046541,22607982592,33104523264,30892032,0,5529672,90439680,95821824,95821824,22607982592,33104523264,32768,quickpizza/quickpizza-8b95978b5-jgvvs,quickpizza,quickpizza-8b95978b5-jgvvs,quickpizza,flux,Neuronet-ClusterTest,62341.887,113313850.00000007,flux,flux-node4,flux-node4.av.it.pt,182,neuronet-w1,0.186040994066458,64424509440,64424509440,0,0,27600531456,34359738368,6759206912,19.671881198883057,running,0,0,0,0,5523660,right,pdu,72.432,73.195,166224.00789522,0.318,9.5,166224.00789522,1.598,0.989,-6.098,1574.48
2025-09-06 08:49:56,quickpizza,quickpizza-8b95978b5-jgvvs,quickpizza,neuronet-k8s-w2,flux,r4,Neuronet-ClusterTest,259048000,0,22597611520,33104523264,25219072,0,0,0,0,7032832,22597611520,33104523264,4096,quickpizza/quickpizza-8b95978b5-jgvvs,quickpizza,quickpizza-8b95978b5-jgvvs,quickpizza,flux,Neuronet-ClusterTest,68396.181,100904899.99999993,flux,flux-node1,flux-node1.av.it.pt,300,neuronet-k8s-m1,0.30222698570944,34359738368,34359738368,0,0,591642624,4294967296,3703324672,86.22474670410156,running,0,0,0,0,5568240,right,pdu,69.144,67.538,166225.00789526,0.301,11.8,166225.00789526,1.637,0.991,-6.038,3244.74
2025-09-06 08:50:56,quickpizza,quickpizza-8b95978b5-jgvvs,quickpizza,neuronet-k8s-w2,flux,r4,Neuronet-ClusterTest,98043546000,1871549220,22602203136,33104523264,35885056,0,250105,65679360,70160384,70160384,22602203136,33104523264,32768,quickpizza/quickpizza-8b95978b5-jgvvs,quickpizza,quickpizza-8b95978b5-jgvvs,quickpizza,flux,Neuronet-ClusterTest,7231.698,0.0,flux,flux-node3,flux-node3.av.it.pt,306,neuronet-k8s-lb,0.0154710645408962,34359738368,34359738368,0,0,334819328,2147483648,1812664320,84.40876007080078,running,0,0,0,0,5148098,left,pdu,63.82,62.973,147751.0070178,0.282,16.9,147751.0070178,1.606,0.984,-7.287,1625.63
2025-09-06 08:51:56,quickpizza,quickpizza-8b95978b5-jgvvs,quickpizza,neuronet-k8s-w2,flux,r4,Neuronet-ClusterTest,163034087000,481215014,22599577600,33104523264,37720064,0,765191,52908032,55934976,55934976,22599577600,33104523264,32768,quickpizza/quickpizza-8b95978b5-jgvvs,quickpizza,quickpizza-8b95978b5-jgvvs,quickpizza,flux,Neuronet-ClusterTest,10634.193,56708249.99999999,flux,flux-node3,flux-node3.av.it.pt,185,neuronet-lb,0.0125986928913111,34359738368,34359738368,0,0,279916544,2147483648,1867567104,86.96537017822266,running,0,0,0,0,9319435,left,pdu,55.646,59.463,147752.00701784,0.249,14.2,147752.00701784,1.676,0.981,-7.239,805.69
2025-09-06 08:52:56,quickpizza,quickpizza-8b95978b5-jgvvs,quickpizza,neuronet-k8s-w2,flux,r4,Neuronet-ClusterTest,205588720000,1398325286,22598045696,33104523264,39620608,0,1147737,60354560,63655936,63655936,22598045696,33104523264,32768,quickpizza/quickpizza-8b95978b5-jgvvs,quickpizza,quickpizza-8b95978b5-jgvvs,quickpizza,flux,Neuronet-ClusterTest,15096.495,74371700.00000001,flux,flux-node3,flux-node3.av.it.pt,185,neuronet-lb,0.0123742849996395,34359738368,34359738368,0,0,279228416,2147483648,1868255232,86.9974136352539,running,0,0,0,0,9319496,left,pdu,71.692,79.81,179806.00854033,0.315,14.9,179806.00854033,1.62,0.99,-7.863,3548.23
2025-09-06 08:53:56,quickpizza,quickpizza-8b95978b5-jgvvs,quickpizza,neuronet-k8s-w2,flux,r4,Neuronet-ClusterTest,323795684000,1974051968,22588882944,33104523264,38699008,0,1886989,82984960,87605248,87605248,22588882944,33104523264,32768,quickpizza/quickpizza-8b95978b5-jgvvs,quickpizza,quickpizza-8b95978b5-jgvvs,quickpizza,flux,Neuronet-ClusterTest,22203.948,118457550.0,flux,flux-node4,flux-node4.av.it.pt,179,neuronet-m1,0.351605902661348,64424509440,64424509440,0,0,581038080,4294967296,3713929216,86.47165298461914,running,0,0,0,0,8869138,left,pdu,68.718,69.557,179801.00854009,0.302,12.1,179801.00854009,1.664,0.984,-7.855,4299.73
2025-09-06 08:54:56,quickpizza,quickpizza-8b95978b5-jgvvs,quickpizza,neuronet-k8s-w2,flux,r4,Neuronet-ClusterTest,423477238000,2017632125,22586798080,33104523264,39866368,0,2380302,86417408,91283456,91283456,22586798080,33104523264,32768,quickpizza/quickpizza-8b95978b5-jgvvs,quickpizza,quickpizza-8b95978b5-jgvvs,quickpizza,flux,Neuronet-ClusterTest,29524.383,122007250.00000004,flux,flux-node5,flux-node5.av.it.pt,305,neuronet-k8s-w3,0.472111337465845,34359738368,34359738368,0,0,1193844736,4294967296,3101122560,72.2036361694336,running,0,0,0,0,5525991,right,pdu,94.735,91.089,219206.01041173,0.413,7.6,219206.01041173,1.558,0.997,-0.353,3076.78
2025-09-06 08:55:56,quickpizza,quickpizza-8b95978b5-jgvvs,quickpizza,neuronet-k8s-w2,flux,r4,Neuronet-ClusterTest,560981135000,1718853867,22588493824,33104523264,48881664,0,3250381,69636096,74141696,74141696,22588493824,33104523264,32768,quickpizza/quickpizza-8b95978b5-jgvvs,quickpizza,quickpizza-8b95978b5-jgvvs,quickpizza,flux,Neuronet-ClusterTest,36437.139,115212600.00000004,flux,flux-node5,flux-node5.av.it.pt,183,neuronet-w2,0.38776173207192,64424509440,64424509440,0,0,1430269952,34359738368,32929468416,95.83736658096312,running,0,0,0,0,9826365,left,pdu,69.668,72.734,179804.00854023,0.307,18.0,179804.00854023,1.608,0.977,-7.899,2263.4
2025-09-06 08:56:56,quickpizza,quickpizza-8b95978b5-jgvvs,quickpizza,neuronet-k8s-w2,flux,r4,Neuronet-ClusterTest,620865958000,375602167,22597836800,33104523264,39223296,0,4016369,55836672,58806272,58806272,22597836800,33104523264,32768,quickpizza/quickpizza-8b95978b5-jgvvs,quickpizza,quickpizza-8b95978b5-jgvvs,quickpizza,flux,Neuronet-ClusterTest,40429.374,66537250.000000015,flux,flux-node5,flux-node5.av.it.pt,183,neuronet-w2,0.388996139951031,64424509440,64424509440,0,0,1413275648,34359738368,32946462720,95.88682651519775,running,0,0,0,0,9826425,right,pdu,94.767,90.688,219209.01041187,0.413,8.4,219209.01041187,1.549,0.997,-0.552,807.1
2025-09-06 08:57:56,quickpizza,quickpizza-8b95978b5-jgvvs,quickpizza,neuronet-k8s-w2,flux,r4,Neuronet-ClusterTest,668455365000,1482678398,22595973120,33104523264,41209856,0,4667992,64475136,67907584,67907584,22595973120,33104523264,32768,quickpizza/quickpizza-8b95978b5-jgvvs,quickpizza,quickpizza-8b95978b5-jgvvs,quickpizza,flux,Neuronet-ClusterTest,45245.421,80267449.99999999,flux,flux-node1,flux-node1.av.it.pt,301,neuronet-k8s-m2,0.334365874262379,34359738368,34359738368,0,0,498098176,4294967296,3796869120,88.40274810791016,running,0,0,0,0,5568547,right,pdu,93.025,93.244,219210.01041192,0.405,7.5,219210.01041192,1.529,0.997,-0.306,3560.33
2025-09-06 08:58:56,quickpizza,quickpizza-8b95978b5-jgvvs,quickpizza,neuronet-k8s-w2,flux,r4,Neuronet-ClusterTest,773750840000,1828832012,22588059648,33104523264,49049600,0,5577680,78794752,83865600,83865600,22588059648,33104523264,32768,quickpizza/quickpizza-8b95978b5-jgvvs,quickpizza,quickpizza-8b95978b5-jgvvs,quickpizza,flux,Neuronet-ClusterTest,52072.221,113779999.99999993,flux,flux-node1,flux-node1.av.it.pt,188,neuronet-m2,0.281591966664362,64424509440,64424509440,0,0,677199872,4294967296,3617767424,84.23271179199219,running,0,0,0,0,9826464,right,pdu,70.277,68.078,166236.00789579,0.308,10.2,166236.00789579,1.603,0.99,-5.947,2896.34
2025-09-06 08:59:56,quickpizza,quickpizza-8b95978b5-jgvvs,quickpizza,neuronet-k8s-w2,flux,r4,Neuronet-ClusterTest,20442667000,1176862735,22616920064,33104523264,20123648,0,28390,51212288,53628928,53628928,22616920064,33104523264,32768,quickpizza/quickpizza-8b95978b5-jgvvs,quickpizza,quickpizza-8b95978b5-jgvvs,quickpizza,flux,Neuronet-ClusterTest,53854.929,29711799.999999978,flux,flux-node3,flux-node3.av.it.pt,185,neuronet-lb,0.0125675073613157,34359738368,34359738368,0,0,279326720,2147483648,1868156928,86.99283599853516,running,0,0,0,0,9319915,left,pdu,65.959,74.455,179809.00854047,0.294,16.4,179809.00854047,1.684,0.988,-7.629,3300.63
2025-09-06 09:00:56,quickpizza,quickpizza-8b95978b5-jgvvs,quickpizza,neuronet-k8s-w2,flux,r4,Neuronet-ClusterTest,148900464000,1970889975,22605443072,33104523264,32563200,0,274911,67702784,72548352,72548352,22604271616,33104523264,32768,quickpizza/quickpizza-8b95978b5-jgvvs,quickpizza,quickpizza-8b95978b5-jgvvs,quickpizza,flux,Neuronet-ClusterTest,53854.929,0.0,flux,flux-node3,flux-node3.av.it.pt,311,neuronet-5g-core,0.144091988683565,85899345920,85899345920,0,0,8742580224,17179869184,8437288960,49.11148548126221,running,0,0,0,0,1275746,right,pdu,58.429,58.696,130986.0062215,0.258,11.5,130986.0062215,1.649,0.979,-6.818,2037.0
2025-09-06 09:01:56,quickpizza,quickpizza-8b95978b5-jgvvs,quickpizza,neuronet-k8s-w2,flux,r4,Neuronet-ClusterTest,212109288000,215571010,22602366976,33104523264,34443264,0,795857,51208192,54083584,54083584,22602366976,33104523264,32768,quickpizza/quickpizza-8b95978b5-jgvvs,quickpizza,quickpizza-8b95978b5-jgvvs,quickpizza,flux,Neuronet-ClusterTest,53854.929,0.0,flux,flux-node5,flux-node5.av.it.pt,303,neuronet-k8s-w1,0.162758337049245,34359738368,34359738368,0,0,420462592,4294967296,3874504704,90.21034240722656,running,0,0,0,0,5526572,left,pdu,60.68,58.33,147762.00701832,0.257,17.9,147762.00701832,1.665,0.971,-7.533,802.1
2025-09-06 09:02:56,quickpizza,quickpizza-8b95978b5-jgvvs,quickpizza,neuronet-k8s-w2,flux,r4,Neuronet-ClusterTest,251448346000,1453328229,22601089024,33104523264,36384768,0,1156934,58654720,62074880,62074880,22601089024,33104523264,32768,quickpizza/quickpizza-8b95978b5-jgvvs,quickpizza,quickpizza-8b95978b5-jgvvs,quickpizza,flux,Neuronet-ClusterTest,53854.929,0.0,flux,flux-node4,flux-node4.av.it.pt,179,neuronet-m1,0.382764364506921,64424509440,64424509440,0,0,355852288,4294967296,3939115008,91.71466827392578,running,0,0,0,0,8869679,right,pdu,69.943,70.32,166241.00789602,0.303,13.6,166241.00789602,1.64,0.991,-6.547,3180.45
2025-09-06 09:03:56,quickpizza,quickpizza-8b95978b5-jgvvs,quickpizza,neuronet-k8s-w2,flux,r4,Neuronet-ClusterTest,374215524000,1962003222,22603390976,33104523264,34889728,0,1956960,83279872,88088576,88088576,22603390976,33104523264,32768,quickpizza/quickpizza-8b95978b5-jgvvs,quickpizza,quickpizza-8b95978b5-jgvvs,quickpizza,flux,Neuronet-ClusterTest,53854.929,0.0,flux,flux-node4,flux-node4.av.it.pt,179,neuronet-m1,0.39402236766726,64424509440,64424509440,0,0,552140800,4294967296,3742826496,87.14447021484375,running,0,0,0,0,8869738,left,pdu,66.969,72.861,179814.00854071,0.295,14.6,179814.00854071,1.687,0.984,-8.066,3421.24
2025-09-06 09:04:56,quickpizza,quickpizza-8b95978b5-jgvvs,quickpizza,neuronet-k8s-w2,flux,r4,Neuronet-ClusterTest,471801828000,1961868472,22601203712,33104523264,36892672,0,2444847,87486464,92831744,92831744,22601203712,33104523264,32768,quickpizza/quickpizza-8b95978b5-jgvvs,quickpizza,quickpizza-8b95978b5-jgvvs,quickpizza,flux,Neuronet-ClusterTest,53854.929,0.0,flux,flux-node5,flux-node5.av.it.pt,305,neuronet-k8s-w3,0.440413113479339,34359738368,34359738368,0,0,1202204672,4294967296,3092762624,72.00899124145508,running,0,0,0,0,5526590,left,pdu,69.418,70.281,147765.00701846,0.307,15.3,147765.00701846,1.706,0.975,-7.768,2933.56
2025-09-06 09:05:56,quickpizza,quickpizza-8b95978b5-jgvvs,quickpizza,neuronet-k8s-w2,flux,r4,Neuronet-ClusterTest,596130438000,1680278678,22601658368,33104523264,35602432,0,3275659,70541312,75202560,75202560,22601658368,33104523264,32768,quickpizza/quickpizza-8b95978b5-jgvvs,quickpizza,quickpizza-8b95978b5-jgvvs,quickpizza,flux,Neuronet-ClusterTest,53854.929,0.0,flux,flux-node3,flux-node3.av.it.pt,306,neuronet-k8s-lb,0.0158412642104636,34359738368,34359738368,0,0,335265792,2147483648,1812217856,84.38796997070312,running,0,0,0,0,5148998,left,pdu,68.853,75.147,179816.0085408,0.305,13.9,179816.0085408,1.765,0.981,-7.688,1575.35
2025-09-06 09:06:56,quickpizza,quickpizza-8b95978b5-jgvvs,quickpizza,neuronet-k8s-w2,flux,r4,Neuronet-ClusterTest,662861097000,726708670,22598942720,33104523264,37580800,0,4066643,53022720,56627200,56627200,22598942720,33104523264,32768,quickpizza/quickpizza-8b95978b5-jgvvs,quickpizza,quickpizza-8b95978b5-jgvvs,quickpizza,flux,Neuronet-ClusterTest,53854.929,0.0,flux,flux-node4,flux-node4.av.it.pt,182,neuronet-w1,0.182332843082754,64424509440,64424509440,0,0,27596353536,34359738368,6763384832,19.68404054641724,running,0,0,0,0,5524740,left,pdu,63.391,64.739,179818.0085409,0.284,15.8,179818.0085409,1.671,0.979,-7.617,871.22
2025-09-06 09:07:56,quickpizza,quickpizza-8b95978b5-jgvvs,quickpizza,neuronet-k8s-w2,flux,r4,Neuronet-ClusterTest,720294039000,1459807947,22597386240,33104523264,39534592,0,4802498,66654208,70545408,70545408,22597386240,33104523264,32768,quickpizza/quickpizza-8b95978b5-jgvvs,quickpizza,quickpizza-8b95978b5-jgvvs,quickpizza,flux,Neuronet-ClusterTest,53854.929,0.0,flux,flux-node3,flux-node3.av.it.pt,185,neuronet-lb,0.0175936529855238,34359738368,34359738368,0,0,278847488,2147483648,1868636160,87.01515197753906,running,0,0,0,0,9320395,left,pdu,97.828,98.249,210690.01000724,0.427,12.0,210690.01000724,1.54,0.995,-5.088,4396.28
2025-09-06 09:08:56,quickpizza,quickpizza-8b95978b5-jgvvs,quickpizza,neuronet-k8s-w2,flux,r4,Neuronet-ClusterTest,818128742000,1786760251,22601609216,33104523264,35475456,0,5641280,78217216,82980864,82980864,22601609216,33104523264,32768,quickpizza/quickpizza-8b95978b5-jgvvs,quickpizza,quickpizza-8b95978b5-jgvvs,quickpizza,flux,Neuronet-ClusterTest,53854.929,0.0,flux,flux-node3,flux-node3.av.it.pt,306,neuronet-k8s-lb,0.0159081787367195,34359738368,34359738368,0,0,335572992,2147483648,1811910656,84.37366485595703,running,0,0,0,0,5149178,right,pdu,57.901,59.741,120149.00570677,0.256,16.0,120149.00570677,1.633,0.983,-8.499,6360.58
2025-09-06 09:09:56,quickpizza,quickpizza-8b95978b5-jgvvs,quickpizza,neuronet-k8s-w2,flux,r4,Neuronet-ClusterTest,29267109000,1461012480,22611931136,33104523264,25702400,0,40627,117805056,122519552,122519552,22611931136,33104523264,32768,quickpizza/quickpizza-8b95978b5-jgvvs,quickpizza,quickpizza-8b95978b5-jgvvs,quickpizza,flux,Neuronet-ClusterTest,55589.925,16623393.44262298,flux,flux-node1,flux-node1.av.it.pt,300,neuronet-k8s-m1,0.246099056894701,34359738368,34359738368,0,0,594960384,4294967296,3700006912,86.14749908447266,running,0,0,0,0,5569440,left,pdu,98.48,98.579,210693.01000738,0.43,10.1,210693.01000738,1.622,0.993,-4.687,2838.92
2025-09-06 09:10:56,quickpizza,quickpizza-8b95978b5-jgvvs,quickpizza,neuronet-k8s-w2,flux,r4,Neuronet-ClusterTest,157946203000,1828304323,22598955008,33104523264,37675008,0,305372,68726784,73711616,73711616,22598955008,33104523264,32768,quickpizza/quickpizza-8b95978b5-jgvvs,quickpizza,quickpizza-8b95978b5-jgvvs,quickpizza,flux,Neuronet-ClusterTest,9799.494,123817016.94915256,flux,flux-node5,flux-node5.av.it.pt,305,neuronet-k8s-w3,0.547273947129392,34359738368,34359738368,0,0,1193074688,4294967296,3101892608,72.22156524658203,running,0,0,0,0,5526950,right,pdu,68.651,70.062,166250.00789645,0.301,11.0,166250.00789645,1.641,0.991,-6.456,2847.71
2025-09-06 09:11:56,quickpizza,quickpizza-8b95978b5-jgvvs,quickpizza,neuronet-k8s-w2,flux,r4,Neuronet-ClusterTest,213364663000,197280619,22596644864,33104523264,39563264,0,789484,54128640,57049088,57049088,22596644864,33104523264,32768,quickpizza/quickpizza-8b95978b5-jgvvs,quickpizza,quickpizza-8b95978b5-jgvvs,quickpizza,flux,Neuronet-ClusterTest,13206.054,56775999.99999999,flux,flux-node5,flux-node5.av.it.pt,184,neuronet-w3,0.460024355944279,64424509440,64424509440,0,0,7207981056,34359738368,27151757312,79.02201414108276,running,0,0,0,0,9827310,left,pdu,63.625,64.138,147773.00701884,0.281,16.1,147773.00701884,1.751,0.977,-7.835,801.08
2025-09-06 09:12:56,quickpizza,quickpizza-8b95978b5-jgvvs,quickpizza,neuronet-k8s-w2,flux,r4,Neuronet-ClusterTest,244637677000,1284597372,22594813952,33104523264,41570304,0,1074550,56008704,59330560,59330560,22594813952,33104523264,32768,quickpizza/quickpizza-8b95978b5-jgvvs,quickpizza,quickpizza-8b95978b5-jgvvs,quickpizza,flux,Neuronet-ClusterTest,17664.021,74299450.0,flux,flux-node1,flux-node1.av.it.pt,302,neuronet-k8s-m3,0.270650547102865,34359738368,34359738368,0,0,517533696,4294967296,3777433600,87.95022964477539,running,0,0,0,0,5569425,left,pdu,78.86,75.028,179825.00854123,0.347,14.7,179825.00854123,1.625,0.988,-7.482,2787.31
2025-09-06 09:13:56,quickpizza,quickpizza-8b95978b5-jgvvs,quickpizza,neuronet-k8s-w2,flux,r4,Neuronet-ClusterTest,350153935000,1906230156,22596100096,33104523264,40194048,0,1824266,86687744,91779072,91779072,22596100096,33104523264,32768,quickpizza/quickpizza-8b95978b5-jgvvs,quickpizza,quickpizza-8b95978b5-jgvvs,quickpizza,flux,Neuronet-ClusterTest,24676.959,0.0,flux,flux-node3,flux-node3.av.it.pt,306,neuronet-k8s-lb,0.0272598315784274,34359738368,34359738368,0,0,335802368,2147483648,1811681280,84.36298370361328,running,0,0,0,0,5149478,left,pdu,73.306,74.352,179826.00854128,0.323,12.1,179826.00854128,1.702,0.985,-7.796,1575.4
2025-09-06 09:14:56,quickpizza,quickpizza-8b95978b5-jgvvs,quickpizza,neuronet-k8s-w2,flux,r4,Neuronet-ClusterTest,467108848000,2097879410,22594400256,33104523264,41877504,0,2383370,107806720,114159616,114159616,22594400256,33104523264,32768,quickpizza/quickpizza-8b95978b5-jgvvs,quickpizza,quickpizza-8b95978b5-jgvvs,quickpizza,flux,Neuronet-ClusterTest,31943.913,121115900.00000004,flux,flux-node5,flux-node5.av.it.pt,303,neuronet-k8s-w1,0.0571829090845994,34359738368,34359738368,0,0,407592960,4294967296,3887374336,90.5099868774414,running,0,0,0,0,5527351,left,pdu,65.705,68.921,179827.00854132,0.289,11.9,179827.00854132,1.649,0.987,-7.788,3987.9
2025-09-06 09:15:56,quickpizza,quickpizza-8b95978b5-jgvvs,quickpizza,neuronet-k8s-w2,flux,r4,Neuronet-ClusterTest,597591065000,1703935194,22594781184,33104523264,41201664,0,3240821,71458816,76529664,76529664,22594781184,33104523264,32768,quickpizza/quickpizza-8b95978b5-jgvvs,quickpizza,quickpizza-8b95978b5-jgvvs,quickpizza,flux,Neuronet-ClusterTest,38879.175,115587700.00000004,flux,flux-node3,flux-node3.av.it.pt,306,neuronet-k8s-lb,0.0156258922984365,34359738368,34359738368,0,0,335966208,2147483648,1811517440,84.35535430908203,running,0,0,0,0,5149598,right,pdu,91.216,95.597,219238.01041325,0.397,5.9,219238.01041325,1.548,0.997,-1.001,2696.4
2025-09-06 09:16:56,quickpizza,quickpizza-8b95978b5-jgvvs,quickpizza,neuronet-k8s-w2,flux,r4,Neuronet-ClusterTest,662844794000,648701966,22592774144,33104523264,43167744,0,4055167,57761792,60968960,60968960,22592774144,33104523264,32768,quickpizza/quickpizza-8b95978b5-jgvvs,quickpizza,quickpizza-8b95978b5-jgvvs,quickpizza,flux,Neuronet-ClusterTest,42816.261,65618099.999999925,flux,flux-node1,flux-node1.av.it.pt,302,neuronet-k8s-m3,0.288870955413953,34359738368,34359738368,0,0,516870144,4294967296,3778097152,87.96567916870117,running,0,0,0,0,5569666,right,pdu,70.285,71.056,166258.00789683,0.3,12.0,166258.00789683,1.634,0.989,-6.277,804.97
2025-09-06 09:17:56,quickpizza,quickpizza-8b95978b5-jgvvs,quickpizza,neuronet-k8s-w2,flux,r4,Neuronet-ClusterTest,707593295000,1378819288,22591512576,33104523264,45096960,0,4683875,65658880,69488640,69488640,22591512576,33104523264,32768,quickpizza/quickpizza-8b95978b5-jgvvs,quickpizza,quickpizza-8b95978b5-jgvvs,quickpizza,flux,Neuronet-ClusterTest,47667.072,80846850.00000003,flux,flux-node5,flux-node5.av.it.pt,305,neuronet-k8s-w3,0.40877962044517,34359738368,34359738368,0,0,1199931392,4294967296,3095035904,72.06192016601562,running,0,0,0,0,5527370,left,pdu,71.847,69.454,179831.00854151,0.316,16.2,179831.00854151,1.683,0.976,-7.668,1777.0
2025-09-06 09:18:56,quickpizza,quickpizza-8b95978b5-jgvvs,quickpizza,neuronet-k8s-w2,flux,r4,Neuronet-ClusterTest,811822783000,1837814806,22596136960,33104523264,41193472,0,5577132,87359488,92286976,92286976,22596136960,33104523264,32768,quickpizza/quickpizza-8b95978b5-jgvvs,quickpizza,quickpizza-8b95978b5-jgvvs,quickpizza,flux,Neuronet-ClusterTest,54545.766,114644900.00000004,flux,flux-node5,flux-node5.av.it.pt,184,neuronet-w3,0.365827952005623,64424509440,64424509440,0,0,7208235008,34359738368,27151503360,79.02127504348755,running,0,0,0,0,9827731,left,pdu,61.502,65.045,147780.00701917,0.272,15.3,147780.00701917,1.61,0.987,-7.358,2607.09
2025-09-06 09:19:56,quickpizza,quickpizza-8b95978b5-jgvvs,quickpizza,neuronet-k8s-w2,flux,r4,Neuronet-ClusterTest,926401903000,1915218958,22596468736,33104523264,40517632,0,6240232,88506368,93642752,93642752,22596468736,33104523264,32768,quickpizza/quickpizza-8b95978b5-jgvvs,quickpizza,quickpizza-8b95978b5-jgvvs,quickpizza,flux,Neuronet-ClusterTest,61692.027,119104350.0,flux,flux-node3,flux-node3.av.it.pt,185,neuronet-lb,0.0192042548489442,34359738368,34359738368,0,0,277839872,2147483648,1869643776,87.06207275390625,running,0,0,0,0,9321115,left,pdu,74.65,71.175,179834.00854166,0.327,15.0,179834.00854166,1.666,0.985,-7.649,1581.5
2025-09-06 09:20:56,quickpizza,quickpizza-8b95978b5-jgvvs,quickpizza,neuronet-k8s-w2,flux,r4,Neuronet-ClusterTest,1042875726000,1679803932,22599327744,33104523264,37003264,0,7075325,71323648,75972608,75972608,22599327744,33104523264,32768,quickpizza/quickpizza-8b95978b5-jgvvs,quickpizza,quickpizza-8b95978b5-jgvvs,quickpizza,flux,Neuronet-ClusterTest,68509.68,113627549.99999984,flux,flux-node4,flux-node4.av.it.pt,179,neuronet-m1,0.372664433357807,64424509440,64424509440,0,0,465690624,4294967296,3829276672,89.15729522705078,running,0,0,0,0,8870758,right,pdu,65.864,68.042,166262.00789702,0.289,11.3,166262.00789702,1.583,0.991,-6.261,4068.94
2025-09-06 09:21:56,quickpizza,quickpizza-8b95978b5-jgvvs,quickpizza,neuronet-k8s-w2,flux,r4,Neuronet-ClusterTest,1112625825000,454909835,22596710400,33104523264,38961152,0,7916102,60121088,63127552,63127552,22596710400,33104523264,32768,quickpizza/quickpizza-8b95978b5-jgvvs,quickpizza,quickpizza-8b95978b5-jgvvs,quickpizza,flux,Neuronet-ClusterTest,72737.895,70470250.00000018,flux,flux-node5,flux-node5.av.it.pt,184,neuronet-w3,0.361502913738312,64424509440,64424509440,0,0,7186706432,34359738368,27173031936,79.08393144607544,running,0,0,0,0,9827910,right,pdu,66.393,68.853,166263.00789707,0.292,9.9,166263.00789707,1.594,0.989,-6.313,1038.79
2025-09-06 09:22:56,quickpizza,quickpizza-8b95978b5-jgvvs,quickpizza,neuronet-k8s-w2,flux,r4,Neuronet-ClusterTest,1170927669000,1474768939,22595170304,33104523264,40898560,0,8672478,70885376,73998336,73998336,22595170304,33104523264,32768,quickpizza/quickpizza-8b95978b5-jgvvs,quickpizza,quickpizza-8b95978b5-jgvvs,quickpizza,flux,Neuronet-ClusterTest,77771.505,83893500.0,flux,flux-node5,flux-node5.av.it.pt,305,neuronet-k8s-w3,0.38246280145898,34359738368,34359738368,0,0,1169068032,4294967296,3125899264,72.78051376342773,running,0,0,0,0,5527670,right,pdu,99.358,89.654,219249.01041377,0.433,7.7,219249.01041377,1.679,0.997,-0.679,3619.46
2025-09-06 09:23:56,quickpizza,quickpizza-8b95978b5-jgvvs,quickpizza,neuronet-k8s-w2,flux,r4,Neuronet-ClusterTest,1279360798000,1854906262,22599041024,33104523264,37421056,0,9596026,98975744,103886848,103886848,22599041024,33104523264,32768,quickpizza/quickpizza-8b95978b5-jgvvs,quickpizza,quickpizza-8b95978b5-jgvvs,quickpizza,flux,Neuronet-ClusterTest,84618.168,112240377.04918034,flux,flux-node5,flux-node5.av.it.pt,303,neuronet-k8s-w1,0.0,34359738368,34359738368,0,0,380833792,4294967296,3914133504,91.1330223083496,running,0,0,0,0,5527892,left,pdu,69.136,63.59,147785.00701941,0.305,17.7,147785.00701941,1.651,0.983,-7.406,3315.84
2025-09-06 09:24:56,quickpizza,quickpizza-8b95978b5-jgvvs,quickpizza,neuronet-k8s-w2,flux,r4,Neuronet-ClusterTest,1378329621000,1906061320,22599110656,33104523264,37052416,0,10257350,85630976,90734592,90734592,22599110656,33104523264,32768,quickpizza/quickpizza-8b95978b5-jgvvs,quickpizza,quickpizza-8b95978b5-jgvvs,quickpizza,flux,Neuronet-ClusterTest,91671.354,119545525.42372884,flux,flux-node3,flux-node3.av.it.pt,311,neuronet-5g-core,0.122650197523933,85899345920,85899345920,0,0,8725385216,17179869184,8454483968,49.21157360076904,running,0,0,0,0,1277184,left,pdu,82.665,87.125,184131.00874575,0.361,10.2,184132.0087458,1.66,0.993,-3.407,2580.02
2025-09-06 09:25:56,quickpizza,quickpizza-8b95978b5-jgvvs,quickpizza,neuronet-k8s-w2,flux,r4,Neuronet-ClusterTest,1474360421000,1688524515,22591242240,33104523264,44527616,0,11077924,75173888,79474688,79474688,22591242240,33104523264,32768,quickpizza/quickpizza-8b95978b5-jgvvs,quickpizza,quickpizza-8b95978b5-jgvvs,quickpizza,flux,Neuronet-ClusterTest,98374.185,111713849.99999984,flux,flux-node3,flux-node3.av.it.pt,306,neuronet-k8s-lb,0.0137155247323459,34359738368,34359738368,0,0,332832768,2147483648,1814650880,84.50126647949219,running,0,0,0,0,5150198,right,pdu,71.108,69.998,166268.00789731,0.311,10.9,166268.00789731,1.691,0.988,-6.209,2440.59
2025-09-06 09:26:56,quickpizza,quickpizza-8b95978b5-jgvvs,quickpizza,neuronet-k8s-w2,flux,r4,Neuronet-ClusterTest,1553842550000,312501444,22600941568,33104523264,34422784,0,12145687,61325312,64331776,64331776,22600941568,33104523264,32768,quickpizza/quickpizza-8b95978b5-jgvvs,quickpizza,quickpizza-8b95978b5-jgvvs,quickpizza,flux,Neuronet-ClusterTest,102557.586,69723349.99999997,flux,flux-node5,flux-node5.av.it.pt,305,neuronet-k8s-w3,0.326429120696795,34359738368,34359738368,0,0,1140518912,4294967296,3154448384,73.44522476196289,running,0,0,0,0,5527910,left,pdu,71.163,70.312,179842.00854204,0.315,14.1,179842.00854204,1.62,0.981,-7.804,804.41
2025-09-06 09:27:56,quickpizza,quickpizza-8b95978b5-jgvvs,quickpizza,neuronet-k8s-w2,flux,r4,Neuronet-ClusterTest,1599505548000,1415847510,22599241728,33104523264,36245504,0,12837050,66953216,70680576,70680576,22599241728,33104523264,32768,quickpizza/quickpizza-8b95978b5-jgvvs,quickpizza,quickpizza-8b95978b5-jgvvs,quickpizza,flux,Neuronet-ClusterTest,107499.033,0.0,flux,flux-node3,flux-node3.av.it.pt,306,neuronet-k8s-lb,0.0153345632083992,34359738368,34359738368,0,0,334663680,2147483648,1812819968,84.41600799560547,running,0,0,0,0,5150319,left,pdu,58.978,64.067,147789.0070196,0.264,18.4,147789.0070196,1.973,0.96,-7.176,3156.84
2025-09-06 09:28:56,quickpizza,quickpizza-8b95978b5-jgvvs,quickpizza,neuronet-k8s-w2,flux,r4,Neuronet-ClusterTest,1707086095000,1871366626,22591893504,33104523264,43778048,0,13832175,91877376,96665600,96665600,22591893504,33104523264,32768,quickpizza/quickpizza-8b95978b5-jgvvs,quickpizza,quickpizza-8b95978b5-jgvvs,quickpizza,flux,Neuronet-ClusterTest,114311.292,113537650.00000007,flux,flux-node5,flux-node5.av.it.pt,303,neuronet-k8s-w1,0.152658321714397,34359738368,34359738368,0,0,363085824,4294967296,3931881472,91.54624938964844,running,0,0,0,0,5528191,left,pdu,88.529,90.04,210722.01000876,0.387,10.0,210722.01000876,1.581,0.993,-4.874,4079.42
2025-09-06 09:29:56,quickpizza,quickpizza-8b95978b5-jgvvs,quickpizza,neuronet-k8s-w2,flux,r4,Neuronet-ClusterTest,500564000,178067910,22613942272,33104523264,21229568,0,0,0,0,8826880,22613942272,33104523264,32768,quickpizza/quickpizza-8b95978b5-jgvvs,quickpizza,quickpizza-8b95978b5-jgvvs,quickpizza,flux,Neuronet-ClusterTest,120137.634,97105700.00000007,flux,flux-node5,flux-node5.av.it.pt,184,neuronet-w3,0.391306951175042,64424509440,64424509440,0,0,7192358912,34359738368,27167379456,79.06748056411743,running,0,0,0,0,9828390,right,pdu,86.334,86.211,219259.01041424,0.376,8.6,219259.01041424,1.573,0.997,-0.886,1617.6
2025-09-06 09:30:56,quickpizza,quickpizza-8b95978b5-jgvvs,quickpizza,neuronet-k8s-w2,flux,r4,Neuronet-ClusterTest,121752509000,1779508064,22602469376,33104523264,32731136,0,264092,57958400,62476288,62476288,22602469376,33104523264,32768,quickpizza/quickpizza-8b95978b5-jgvvs,quickpizza,quickpizza-8b95978b5-jgvvs,quickpizza,flux,Neuronet-ClusterTest,7565.466,122308800.0,flux,flux-node4,flux-node4.av.it.pt,182,neuronet-w1,0.182240969436934,64424509440,64424509440,0,0,27605573632,34359738368,6754164736,19.657206535339355,running,0,0,0,0,5526181,left,pdu,63.347,63.379,147793.00701979,0.281,13.6,147793.00701979,1.63,0.983,-7.502,1302.72
2025-09-06 09:31:56,quickpizza,quickpizza-8b95978b5-jgvvs,quickpizza,neuronet-k8s-w2,flux,r4,Neuronet-ClusterTest,168122125000,407792553,22600540160,33104523264,34508800,0,680304,50302976,53420032,53420032,22600540160,33104523264,32768,quickpizza/quickpizza-8b95978b5-jgvvs,quickpizza,quickpizza-8b95978b5-jgvvs,quickpizza,flux,Neuronet-ClusterTest,10903.617,56578830.50847457,flux,flux-node5,flux-node5.av.it.pt,181,neuronet-m3,0.365227803852381,64424509440,64424509440,0,0,554520576,4294967296,3740446720,87.08906173706055,running,0,0,0,0,9828553,left,pdu,60.397,60.509,147794.00701984,0.267,13.8,147794.00701984,1.701,0.985,-7.458,803.09
2025-09-06 09:32:56,quickpizza,quickpizza-8b95978b5-jgvvs,quickpizza,neuronet-k8s-w2,flux,r4,Neuronet-ClusterTest,207257357000,1384089397,22599364608,33104523264,36458496,0,1030914,58404864,62025728,62025728,22599364608,33104523264,32768,quickpizza/quickpizza-8b95978b5-jgvvs,quickpizza,quickpizza-8b95978b5-jgvvs,quickpizza,flux,Neuronet-ClusterTest,15258.687,72584499.99999999,flux,flux-node4,flux-node4.av.it.pt,182,neuronet-w1,0.177064537473342,64424509440,64424509440,0,0,27604008960,34359738368,6755729408,19.661760330200195,running,0,0,0,0,5526300,right,pdu,72.05,72.861,166277.00789773,0.315,11.5,166277.00789773,1.601,0.987,-6.412,2770.16
2025-09-06 09:33:56,quickpizza,quickpizza-8b95978b5-jgvvs,quickpizza,neuronet-k8s-w2,flux,r4,Neuronet-ClusterTest,319361370000,2070068163,22591299584,33104523264,35753984,0,1768150,103837696,109588480,109588480,22591299584,33104523264,32768,quickpizza/quickpizza-8b95978b5-jgvvs,quickpizza,quickpizza-8b95978b5-jgvvs,quickpizza,flux,Neuronet-ClusterTest,22369.326,118510650.0,flux,flux-node5,flux-node5.av.it.pt,184,neuronet-w3,0.599787631235472,64424509440,64424509440,0,0,7165337600,34359738368,27194400768,79.14612293243408,running,0,0,0,0,9828630,left,pdu,91.88,88.648,210730.01000914,0.403,11.1,210730.01000914,1.562,0.993,-4.85,2039.72
2025-09-06 09:34:56,quickpizza,quickpizza-8b95978b5-jgvvs,quickpizza,neuronet-k8s-w2,flux,r4,Neuronet-ClusterTest,454739465000,2023011517,22588702720,33104523264,36593664,0,2406401,93560832,99614720,99614720,22588702720,33104523264,32768,quickpizza/quickpizza-8b95978b5-jgvvs,quickpizza,quickpizza-8b95978b5-jgvvs,quickpizza,flux,Neuronet-ClusterTest,29641.089,119209229.5081967,flux,flux-node5,flux-node5.av.it.pt,181,neuronet-m3,0.403335230510129,64424509440,64424509440,0,0,640303104,4294967296,3654664192,85.09178161621094,running,0,0,0,0,9828733,right,pdu,67.303,67.788,166279.00789783,0.294,10.7,166279.00789783,1.605,0.988,-6.209,1575.65
2025-09-06 09:35:56,quickpizza,quickpizza-8b95978b5-jgvvs,quickpizza,neuronet-k8s-w2,flux,r4,Neuronet-ClusterTest,535171895000,1775873987,22590066688,33104523264,45678592,0,2884175,76075008,80982016,80982016,22590066688,33104523264,32768,quickpizza/quickpizza-8b95978b5-jgvvs,quickpizza,quickpizza-8b95978b5-jgvvs,quickpizza,flux,Neuronet-ClusterTest,36611.571,118143762.71186449,flux,flux-node3,flux-node3.av.it.pt,185,neuronet-lb,0.0433841306684127,34359738368,34359738368,0,0,274382848,2147483648,1873100800,87.22305297851562,running,0,0,0,0,9322075,right,pdu,71.219,70.054,166280.00789788,0.312,10.5,166280.00789788,1.571,0.991,-6.285,1575.91
2025-09-06 09:36:56,quickpizza,quickpizza-8b95978b5-jgvvs,quickpizza,neuronet-k8s-w2,flux,r4,Neuronet-ClusterTest,623065973000,353374258,22598967296,33104523264,35852288,0,3872154,55136256,58195968,58195968,22598967296,33104523264,32768,quickpizza/quickpizza-8b95978b5-jgvvs,quickpizza,quickpizza-8b95978b5-jgvvs,quickpizza,flux,Neuronet-ClusterTest,40644.882,67221849.99999991,flux,flux-node1,flux-node1.av.it.pt,302,neuronet-k8s-m3,0.280641926414479,34359738368,34359738368,0,0,518340608,4294967296,3776626688,87.93144226074219,running,0,0,0,0,5570864,left,pdu,66.198,67.999,147799.00702008,0.293,14.0,147799.00702008,1.671,0.988,-7.597,1046.28
2025-09-06 09:37:56,quickpizza,quickpizza-8b95978b5-jgvvs,quickpizza,neuronet-k8s-w2,flux,r4,Neuronet-ClusterTest,665897049000,1415066412,22597484544,33104523264,37826560,0,4438677,62484480,66244608,66244608,22597484544,33104523264,32768,quickpizza/quickpizza-8b95978b5-jgvvs,quickpizza,quickpizza-8b95978b5-jgvvs,quickpizza,flux,Neuronet-ClusterTest,45514.965,81168049.99999999,flux,flux-node4,flux-node4.av.it.pt,182,neuronet-w1,0.18292762014342,64424509440,64424509440,0,0,27576995840,34359738368,6782742528,19.740378856658936,running,0,0,0,0,5526601,left,pdu,89.916,90.103,210736.01000942,0.393,11.1,210736.01000942,1.628,0.994,-4.83,4251.86
2025-09-06 09:38:56,quickpizza,quickpizza-8b95978b5-jgvvs,quickpizza,neuronet-k8s-w2,flux,r4,Neuronet-ClusterTest,764631601000,1837277140,22589767680,33104523264,45940736,0,5280406,81457152,86421504,86421504,22589767680,33104523264,32768,quickpizza/quickpizza-8b95978b5-jgvvs,quickpizza,quickpizza-8b95978b5-jgvvs,quickpizza,flux,Neuronet-ClusterTest,52410.351,114923100.0000001,flux,flux-node3,flux-node3.av.it.pt,306,neuronet-k8s-lb,0.0657084024208517,34359738368,34359738368,0,0,334184448,2147483648,1813299200,84.43832397460938,running,0,0,0,0,5150978,left,pdu,72.936,73.942,179857.00854275,0.321,11.9,179857.00854275,1.67,0.986,-8.118,3286.31
2025-09-06 09:39:56,quickpizza,quickpizza-8b95978b5-jgvvs,quickpizza,neuronet-k8s-w2,flux,r4,Neuronet-ClusterTest,901059868000,1935795373,22589403136,33104523264,46071808,0,6132478,94191616,99397632,99397632,22589403136,33104523264,32768,quickpizza/quickpizza-8b95978b5-jgvvs,quickpizza,quickpizza-8b95978b5-jgvvs,quickpizza,flux,Neuronet-ClusterTest,59604.306,119899249.99999993,flux,flux-node1,flux-node1.av.it.pt,302,neuronet-k8s-m3,0.25691327018623,34359738368,34359738368,0,0,503644160,4294967296,3791323136,88.27362060546875,running,0,0,0,0,5571045,left,pdu,70.086,71.525,179858.0085428,0.33,15.2,179858.0085428,1.735,0.981,-8.046,2580.27
2025-09-06 09:40:56,quickpizza,quickpizza-8b95978b5-jgvvs,quickpizza,neuronet-k8s-w2,flux,r4,Neuronet-ClusterTest,1004550781000,1659384034,22593101824,33104523264,41959424,0,6913178,76795904,81006592,81006592,22593101824,33104523264,32768,quickpizza/quickpizza-8b95978b5-jgvvs,quickpizza,quickpizza-8b95978b5-jgvvs,quickpizza,flux,Neuronet-ClusterTest,66388.014,113061799.99999996,flux,flux-node3,flux-node3.av.it.pt,185,neuronet-lb,0.0120030304047025,34359738368,34359738368,0,0,276135936,2147483648,1871347712,87.14141845703125,running,0,0,0,0,9322375,left,pdu,64.297,66.818,147803.00702027,0.285,15.7,147803.00702027,1.714,0.98,-7.303,1758.89
2025-09-06 09:41:56,quickpizza,quickpizza-8b95978b5-jgvvs,quickpizza,neuronet-k8s-w2,flux,r4,Neuronet-ClusterTest,1071132828000,150631303,22590648320,33104523264,43864064,0,7726045,58028032,61014016,61014016,22590648320,33104523264,32768,quickpizza/quickpizza-8b95978b5-jgvvs,quickpizza,quickpizza-8b95978b5-jgvvs,quickpizza,flux,Neuronet-ClusterTest,70560.945,69548850.0000002,flux,flux-node5,flux-node5.av.it.pt,184,neuronet-w3,0.365525872401369,64424509440,64424509440,0,0,7187894272,34359738368,27171844096,79.08047437667847,running,0,0,0,0,9829111,left,pdu,60.286,63.594,147804.00702031,0.289,14.9,147804.00702031,1.64,0.981,-7.172,808.64
2025-09-06 09:42:56,quickpizza,quickpizza-8b95978b5-jgvvs,quickpizza,neuronet-k8s-w2,flux,r4,Neuronet-ClusterTest,1126948031000,1468664592,22588964864,33104523264,45756416,0,8492191,69246976,73551872,73551872,22588964864,33104523264,32768,quickpizza/quickpizza-8b95978b5-jgvvs,quickpizza,quickpizza-8b95978b5-jgvvs,quickpizza,flux,Neuronet-ClusterTest,75557.379,83273899.9999999,flux,flux-node1,flux-node1.av.it.pt,300,neuronet-k8s-m1,0.288932276892566,34359738368,34359738368,0,0,537825280,4294967296,3757142016,87.47777938842773,running,0,0,0,0,5571420,right,pdu,83.647,90.958,219279.01041519,0.364,8.3,219279.01041519,1.571,0.997,-0.926,3379.56
2025-09-06 09:43:56,quickpizza,quickpizza-8b95978b5-jgvvs,quickpizza,neuronet-k8s-w2,flux,r4,Neuronet-ClusterTest,1218906265000,1809473465,22592712704,33104523264,42315776,0,9288227,80027648,85360640,85360640,22592712704,33104523264,32768,quickpizza/quickpizza-8b95978b5-jgvvs,quickpizza,quickpizza-8b95978b5-jgvvs,quickpizza,flux,Neuronet-ClusterTest,82390.737,115819627.11864395,flux,flux-node5,flux-node5.av.it.pt,183,neuronet-w2,0.655538850686638,64424509440,64424509440,0,0,1526566912,34359738368,32833171456,95.55710554122923,running,0,0,0,0,9829244,left,pdu,81.87,82.553,184158.00874704,0.359,11.2,184158.00874704,1.721,0.991,-3.399,6718.47
2025-09-06 09:44:56,quickpizza,quickpizza-8b95978b5-jgvvs,quickpizza,neuronet-k8s-w2,flux,r4,Neuronet-ClusterTest,1330745623000,1886264325,22593630208,33104523264,41046016,0,10049246,95485952,100962304,100962304,22593630208,33104523264,32768,quickpizza/quickpizza-8b95978b5-jgvvs,quickpizza,quickpizza-8b95978b5-jgvvs,quickpizza,flux,Neuronet-ClusterTest,89480.613,118164600.00000006,flux,flux-node5,flux-node5.av.it.pt,305,neuronet-k8s-w3,0.466983218368279,34359738368,34359738368,0,0,1091256320,4294967296,3203710976,74.59220886230469,running,0,0,0,0,5528990,right,pdu,62.894,63.908,120180.00570824,0.277,15.8,120180.00570824,1.657,0.984,-8.476,2100.61
2025-09-06 09:45:56,quickpizza,quickpizza-8b95978b5-jgvvs,quickpizza,neuronet-k8s-w2,flux,r4,Neuronet-ClusterTest,1430454824000,1627940855,22597324800,33104523264,37072896,0,10813439,71847936,76910592,76910592,22597324800,33104523264,32768,quickpizza/quickpizza-8b95978b5-jgvvs,quickpizza,quickpizza-8b95978b5-jgvvs,quickpizza,flux,Neuronet-ClusterTest,96263.28,113044450.00000004,flux,flux-node1,flux-node1.av.it.pt,301,neuronet-k8s-m2,0.332596900205016,34359738368,34359738368,0,0,509837312,4294967296,3785129984,88.12942504882812,running,0,0,0,0,5571426,left,pdu,69.422,71.656,179866.00854318,0.306,16.1,179866.00854318,1.631,0.985,-7.883,2555.51
2025-09-06 09:46:56,quickpizza,quickpizza-8b95978b5-jgvvs,quickpizza,neuronet-k8s-w2,flux,r4,Neuronet-ClusterTest,1513534146000,209028488,22595092480,33104523264,39112704,0,11853146,59002880,62017536,62017536,22595092480,33104523264,32768,quickpizza/quickpizza-8b95978b5-jgvvs,quickpizza,quickpizza-8b95978b5-jgvvs,quickpizza,flux,Neuronet-ClusterTest,100404.744,69024400.00000012,flux,flux-node5,flux-node5.av.it.pt,181,neuronet-m3,0.356602268235066,64424509440,64424509440,0,0,430133248,4294967296,3864834048,89.98517990112305,running,0,0,0,0,9829453,left,pdu,77.747,79.262,179867.00854322,0.343,14.6,179867.00854322,1.695,0.983,-7.979,800.94
2025-09-06 09:47:56,quickpizza,quickpizza-8b95978b5-jgvvs,quickpizza,neuronet-k8s-w2,flux,r4,Neuronet-ClusterTest,1567280714000,1451928460,22593286144,33104523264,40955904,0,12638295,68071424,72032256,72032256,22593286144,33104523264,32768,quickpizza/quickpizza-8b95978b5-jgvvs,quickpizza,quickpizza-8b95978b5-jgvvs,quickpizza,flux,Neuronet-ClusterTest,105391.74,0.0,flux,flux-node1,flux-node1.av.it.pt,301,neuronet-k8s-m2,0.342914962485532,34359738368,34359738368,0,0,516907008,4294967296,3778060288,87.9648208618164,running,0,0,0,0,5571546,left,pdu,69.319,74.419,179868.00854327,0.305,14.1,179868.00854327,1.676,0.989,-7.895,4110.18
2025-09-06 09:48:56,quickpizza,quickpizza-8b95978b5-jgvvs,quickpizza,neuronet-k8s-w2,flux,r4,Neuronet-ClusterTest,56175669000,2228398494,22604345344,33104523264,29872128,0,70225,68603904,73224192,73224192,22604345344,33104523264,32768,quickpizza/quickpizza-8b95978b5-jgvvs,quickpizza,quickpizza-8b95978b5-jgvvs,quickpizza,flux,Neuronet-ClusterTest,106377.228,16424799.99999996,flux,flux-node5,flux-node5.av.it.pt,183,neuronet-w2,0.642996341149876,64424509440,64424509440,0,0,1512226816,34359738368,32847511552,95.59884071350098,running,0,0,0,0,9829544,left,pdu,67.617,70.825,179869.00854332,0.297,9.8,179869.00854332,1.545,0.988,-7.875,3843.51
2025-09-06 09:49:56,quickpizza,quickpizza-8b95978b5-jgvvs,quickpizza,neuronet-k8s-w2,flux,r4,Neuronet-ClusterTest,218862740000,2401368876,22590148608,33104523264,35409920,0,237749,159657984,167149568,167149568,22590148608,33104523264,32768,quickpizza/quickpizza-8b95978b5-jgvvs,quickpizza,quickpizza-8b95978b5-jgvvs,quickpizza,flux,Neuronet-ClusterTest,106377.228,0.0,flux,flux-node3,flux-node3.av.it.pt,185,neuronet-lb,0.0114412464212013,34359738368,34359738368,0,0,275943424,2147483648,1871540224,87.15038299560547,running,0,0,0,0,9322915,left,pdu,63.514,65.184,147813.00702074,0.283,16.1,147813.00702074,1.753,0.974,-7.327,4190.17
2025-09-06 09:50:56,quickpizza,quickpizza-8b95978b5-jgvvs,quickpizza,neuronet-k8s-w2,flux,r4,Neuronet-ClusterTest,345215837000,1987996813,22597828608,33104523264,37257216,0,542354,87228416,92971008,92971008,22597828608,33104523264,32768,quickpizza/quickpizza-8b95978b5-jgvvs,quickpizza,quickpizza-8b95978b5-jgvvs,quickpizza,flux,Neuronet-ClusterTest,106377.228,0.0,flux,flux-node3,flux-node3.av.it.pt,185,neuronet-lb,0.0107336427455661,34359738368,34359738368,0,0,275767296,2147483648,1871716352,87.15858459472656,running,0,0,0,0,9322975,right,pdu,70.805,73.429,166298.00789873,0.31,11.4,166298.00789873,1.607,0.992,-6.237,3712.4
2025-09-06 09:51:56,quickpizza,quickpizza-8b95978b5-jgvvs,quickpizza,neuronet-k8s-w2,flux,r4,Neuronet-ClusterTest,404477715000,158101166,22594768896,33104523264,39206912,0,1089366,59027456,62267392,62267392,22594768896,33104523264,32768,quickpizza/quickpizza-8b95978b5-jgvvs,quickpizza,quickpizza-8b95978b5-jgvvs,quickpizza,flux,Neuronet-ClusterTest,106377.228,0.0,flux,flux-node3,flux-node3.av.it.pt,185,neuronet-lb,0.0064268169764768,34359738368,34359738368,0,0,275894272,2147483648,1871589376,87.15267181396484,running,0,0,0,0,9323035,right,pdu,71.609,68.404,166300.00789883,0.297,10.7,166300.00789883,1.558,0.989,-6.508,808.0
2025-09-06 09:52:56,quickpizza,quickpizza-8b95978b5-jgvvs,quickpizza,neuronet-k8s-w2,flux,r4,Neuronet-ClusterTest,448037752000,1469094150,22593449984,33104523264,41185280,0,1548317,70352896,74199040,74199040,22593449984,33104523264,32768,quickpizza/quickpizza-8b95978b5-jgvvs,quickpizza,quickpizza-8b95978b5-jgvvs,quickpizza,flux,Neuronet-ClusterTest,106377.228,0.0,flux,flux-node4,flux-node4.av.it.pt,182,neuronet-w1,0.178126661071902,64424509440,64424509440,0,0,27594330112,34359738368,6765408256,19.689929485321045,running,0,0,0,0,5527501,left,pdu,73.819,74.69,179874.00854356,0.324,16.4,179874.00854356,1.671,0.988,-8.106,2841.83
2025-09-06 09:53:56,quickpizza,quickpizza-8b95978b5-jgvvs,quickpizza,neuronet-k8s-w2,flux,r4,Neuronet-ClusterTest,557738073000,2008962881,22595837952,33104523264,39239680,0,2298408,88555520,93790208,93790208,22595837952,33104523264,32768,quickpizza/quickpizza-8b95978b5-jgvvs,quickpizza,quickpizza-8b95978b5-jgvvs,quickpizza,flux,Neuronet-ClusterTest,106377.228,0.0,flux,flux-node1,flux-node1.av.it.pt,188,neuronet-m2,0.289920370991854,64424509440,64424509440,0,0,635990016,4294967296,3658977280,85.19220352172852,running,0,0,0,0,9829764,right,pdu,67.955,69.072,131037.00622392,0.3,11.6,131037.00622392,1.748,0.983,-7.235,1085.22
2025-09-06 09:54:56,quickpizza,quickpizza-8b95978b5-jgvvs,quickpizza,neuronet-k8s-w2,flux,r4,Neuronet-ClusterTest,683852685000,2054659123,22594260992,33104523264,40882176,0,2954729,110247936,116568064,116568064,22594260992,33104523264,32768,quickpizza/quickpizza-8b95978b5-jgvvs,quickpizza,quickpizza-8b95978b5-jgvvs,quickpizza,flux,Neuronet-ClusterTest,106377.228,0.0,flux,flux-node3,flux-node3.av.it.pt,185,neuronet-lb,0.0082598631648225,34359738368,34359738368,0,0,274898944,2147483648,1872584704,87.19902038574219,running,0,0,0,0,9323215,left,pdu,70.837,73.374,179877.0085437,0.315,15.4,179877.0085437,1.735,0.975,-7.879,2508.04
2025-09-06 09:55:56,quickpizza,quickpizza-8b95978b5-jgvvs,quickpizza,neuronet-k8s-w2,flux,r4,Neuronet-ClusterTest,776537800000,1732599850,22596530176,33104523264,37752832,0,3558041,77881344,83378176,83378176,22596530176,33104523264,32768,quickpizza/quickpizza-8b95978b5-jgvvs,quickpizza,quickpizza-8b95978b5-jgvvs,quickpizza,flux,Neuronet-ClusterTest,106377.228,0.0,flux,flux-node1,flux-node1.av.it.pt,302,neuronet-k8s-m3,0.269737740338789,34359738368,34359738368,0,0,518971392,4294967296,3775995904,87.91675567626953,running,0,0,0,0,5572005,left,pdu,75.962,70.638,179878.00854375,0.306,15.7,179878.00854375,1.682,0.977,-8.046,4210.73
2025-09-06 09:56:56,quickpizza,quickpizza-8b95978b5-jgvvs,quickpizza,neuronet-k8s-w2,flux,r4,Neuronet-ClusterTest,857004841000,548594155,22593904640,33104523264,39763968,0,4507290,60440576,63799296,63799296,22593904640,33104523264,32768,quickpizza/quickpizza-8b95978b5-jgvvs,quickpizza,quickpizza-8b95978b5-jgvvs,quickpizza,flux,Neuronet-ClusterTest,106377.228,0.0,flux,flux-node4,flux-node4.av.it.pt,179,neuronet-m1,0.301353128114143,64424509440,64424509440,0,0,319832064,4294967296,3975135232,92.55332946777344,running,0,0,0,0,8872918,left,pdu,88.644,87.463,210766.01001085,0.389,10.9,210766.01001085,1.624,0.993,-5.239,1042.69
2025-09-06 09:57:56,quickpizza,quickpizza-8b95978b5-jgvvs,quickpizza,neuronet-k8s-w2,flux,r4,Neuronet-ClusterTest,904317836000,1430158830,22592270336,33104523264,41689088,0,5134186,69382144,73207808,73207808,22592270336,33104523264,32768,quickpizza/quickpizza-8b95978b5-jgvvs,quickpizza,quickpizza-8b95978b5-jgvvs,quickpizza,flux,Neuronet-ClusterTest,106377.228,0.0,flux,flux-node4,flux-node4.av.it.pt,179,neuronet-m1,0.402039414534865,64424509440,64424509440,0,0,328130560,4294967296,3966836736,92.36011505126952,running,0,0,0,0,8872978,left,pdu,76.451,76.22,179880.00854384,0.337,14.2,179880.00854384,1.582,0.985,-8.209,2964.39
2025-09-06 09:58:56,quickpizza,quickpizza-8b95978b5-jgvvs,quickpizza,neuronet-k8s-w2,flux,r4,Neuronet-ClusterTest,1008560220000,1852044658,22595842048,33104523264,38154240,0,5984800,88571904,93929472,93929472,22595842048,33104523264,32768,quickpizza/quickpizza-8b95978b5-jgvvs,quickpizza,quickpizza-8b95978b5-jgvvs,quickpizza,flux,Neuronet-ClusterTest,106377.228,0.0,flux,flux-node5,flux-node5.av.it.pt,303,neuronet-k8s-w1,0.126633897413145,34359738368,34359738368,0,0,317378560,4294967296,3977588736,92.61045455932616,running,0,0,0,0,5529993,left,pdu,70.929,69.625,179882.00854394,0.312,13.8,179882.00854394,1.665,0.987,-7.808,2566.74
2025-09-06 09:59:56,quickpizza,quickpizza-8b95978b5-jgvvs,quickpizza,neuronet-k8s-w2,flux,r4,Neuronet-ClusterTest,1107676427000,1945009426,22596317184,33104523264,37629952,0,6654689,99532800,104701952,104701952,22596317184,33104523264,32768,quickpizza/quickpizza-8b95978b5-jgvvs,quickpizza,quickpizza-8b95978b5-jgvvs,quickpizza,flux,Neuronet-ClusterTest,106377.228,0.0,flux,flux-node3,flux-node3.av.it.pt,185,neuronet-lb,0.0135860806055423,34359738368,34359738368,0,0,274829312,2147483648,1872654336,87.20226287841797,running,0,0,0,0,9323515,left,pdu,66.428,68.265,179883.00854398,0.294,15.4,179883.00854398,1.737,0.981,-7.903,1629.57
2025-09-06 10:00:56,quickpizza,quickpizza-8b95978b5-jgvvs,quickpizza,neuronet-k8s-w2,flux,r4,Neuronet-ClusterTest,1225428958000,1682285313,22587867136,33104523264,45727744,0,7525025,76075008,81096704,81096704,22587867136,33104523264,32768,quickpizza/quickpizza-8b95978b5-jgvvs,quickpizza,quickpizza-8b95978b5-jgvvs,quickpizza,flux,Neuronet-ClusterTest,106377.228,0.0,flux,flux-node5,flux-node5.av.it.pt,305,neuronet-k8s-w3,0.409633787532636,34359738368,34359738368,0,0,1056894976,4294967296,3238072320,75.39224624633789,running,0,0,0,0,5529950,left,pdu,90.354,94.182,210772.01001113,0.395,12.0,210772.01001113,1.559,0.995,-5.275,1572.73
2025-09-06 10:01:56,quickpizza,quickpizza-8b95978b5-jgvvs,quickpizza,neuronet-k8s-w2,flux,r4,Neuronet-ClusterTest,1300462003000,133076413,22597615616,33104523264,35737600,0,8469594,61743104,64929792,64929792,22597615616,33104523264,32768,quickpizza/quickpizza-8b95978b5-jgvvs,quickpizza,quickpizza-8b95978b5-jgvvs,quickpizza,flux,Neuronet-ClusterTest,106377.228,0.0,flux,flux-node1,flux-node1.av.it.pt,302,neuronet-k8s-m3,0.273161030595488,34359738368,34359738368,0,0,499924992,4294967296,3795042304,88.36021423339844,running,0,0,0,0,5572364,right,pdu,68.237,68.969,166311.00789935,0.299,12.8,166311.00789935,1.638,0.989,-6.432,1044.4
2025-09-06 10:02:56,quickpizza,quickpizza-8b95978b5-jgvvs,quickpizza,neuronet-k8s-w2,flux,r4,Neuronet-ClusterTest,1354156532000,1456935982,22595735552,33104523264,37625856,0,9171689,68923392,72957952,72957952,22595735552,33104523264,32768,quickpizza/quickpizza-8b95978b5-jgvvs,quickpizza,quickpizza-8b95978b5-jgvvs,quickpizza,flux,Neuronet-ClusterTest,106377.228,0.0,flux,flux-node3,flux-node3.av.it.pt,185,neuronet-lb,0.0118547176497082,34359738368,34359738368,0,0,272445440,2147483648,1875038208,87.31327056884766,running,0,0,0,0,9323695,right,pdu,63.538,75.203,166313.00789944,0.279,14.8,166313.00789944,1.665,0.99,-6.301,2023.22
2025-09-06 10:03:56,quickpizza,quickpizza-8b95978b5-jgvvs,quickpizza,neuronet-k8s-w2,flux,r4,Neuronet-ClusterTest,1457318113000,1857952491,22588166144,33104523264,45240320,0,10074984,88858624,94150656,94150656,22588166144,33104523264,32768,quickpizza/quickpizza-8b95978b5-jgvvs,quickpizza,quickpizza-8b95978b5-jgvvs,quickpizza,flux,Neuronet-ClusterTest,106377.228,0.0,flux,flux-node1,flux-node1.av.it.pt,301,neuronet-k8s-m2,0.336931071023104,34359738368,34359738368,0,0,522645504,4294967296,3772321792,87.83121109008789,running,0,0,0,0,5572506,right,pdu,71.024,71.569,166314.00789949,0.31,13.5,166314.00789949,1.54,0.992,-6.321,1583.36
2025-09-06 10:04:56,quickpizza,quickpizza-8b95978b5-jgvvs,quickpizza,neuronet-k8s-w2,flux,r4,Neuronet-ClusterTest,1549036362000,1926230184,22588301312,33104523264,44929024,0,10706438,98779136,104914944,104914944,22588301312,33104523264,32768,quickpizza/quickpizza-8b95978b5-jgvvs,quickpizza,quickpizza-8b95978b5-jgvvs,quickpizza,flux,Neuronet-ClusterTest,106377.228,0.0,flux,flux-node3,flux-node3.av.it.pt,306,neuronet-k8s-lb,0.0156575378159828,34359738368,34359738368,0,0,331538432,2147483648,1815945216,84.56153869628906,running,0,0,0,0,5152538,right,pdu,71.302,75.179,166315.00789954,0.312,11.4,166315.00789954,1.573,0.992,-6.516,4300.53
2025-09-06 10:05:56,quickpizza,quickpizza-8b95978b5-jgvvs,quickpizza,neuronet-k8s-w2,flux,r4,Neuronet-ClusterTest,1660021722000,1677202693,22593961984,33104523264,40132608,0,11574988,78721024,83251200,83251200,22593961984,33104523264,32768,quickpizza/quickpizza-8b95978b5-jgvvs,quickpizza,quickpizza-8b95978b5-jgvvs,quickpizza,flux,Neuronet-ClusterTest,106377.228,0.0,flux,flux-node1,flux-node1.av.it.pt,302,neuronet-k8s-m3,0.267451559719827,34359738368,34359738368,0,0,513945600,4294967296,3781021696,88.03377151489258,running,0,0,0,0,5572605,left,pdu,65.065,66.07,179890.00854432,0.287,14.7,179890.00854432,1.652,0.984,-8.062,2396.36
2025-09-06 10:06:56,quickpizza,quickpizza-8b95978b5-jgvvs,quickpizza,neuronet-k8s-w2,flux,r4,Neuronet-ClusterTest,1740878980000,572021768,22591078400,33104523264,42053632,0,12580420,60260352,63492096,63492096,22591078400,33104523264,32768,quickpizza/quickpizza-8b95978b5-jgvvs,quickpizza,quickpizza-8b95978b5-jgvvs,quickpizza,flux,Neuronet-ClusterTest,106377.228,0.0,flux,flux-node4,flux-node4.av.it.pt,179,neuronet-m1,0.406073848538146,64424509440,64424509440,0,0,307372032,4294967296,3987595264,92.84343719482422,running,0,0,0,0,8873518,right,pdu,71.628,65.784,166317.00789963,0.314,8.7,166317.00789963,1.61,0.988,-6.44,804.96
2025-09-06 10:07:56,quickpizza,quickpizza-8b95978b5-jgvvs,quickpizza,neuronet-k8s-w2,flux,r4,Neuronet-ClusterTest,1799975858000,1465184764,22589853696,33104523264,43868160,0,13339455,69255168,73723904,73723904,22589853696,33104523264,32768,quickpizza/quickpizza-8b95978b5-jgvvs,quickpizza,quickpizza-8b95978b5-jgvvs,quickpizza,flux,Neuronet-ClusterTest,106377.228,0.0,flux,flux-node3,flux-node3.av.it.pt,185,neuronet-lb,0.0119364110658999,34359738368,34359738368,0,0,272560128,2147483648,1874923520,87.30792999267578,running,0,0,0,0,9323995,right,pdu,70.571,69.796,166319.00789973,0.309,10.1,166319.00789973,1.547,0.991,-6.416,3150.4
2025-09-06 10:08:56,quickpizza,quickpizza-8b95978b5-jgvvs,quickpizza,neuronet-k8s-w2,flux,r4,Neuronet-ClusterTest,1884062254000,1746131057,22594859008,33104523264,39346176,0,14073348,79327232,84037632,84037632,22594859008,33104523264,32768,quickpizza/quickpizza-8b95978b5-jgvvs,quickpizza,quickpizza-8b95978b5-jgvvs,quickpizza,flux,Neuronet-ClusterTest,106377.228,0.0,flux,flux-node3,flux-node3.av.it.pt,185,neuronet-lb,0.0,34359738368,34359738368,0,0,273174528,2147483648,1874309120,87.2793197631836,running,0,0,0,0,9324055,right,pdu,89.125,89.753,219319.01041709,0.388,8.3,219319.01041709,1.55,0.997,-0.608,2313.52
2025-09-06 10:09:56,quickpizza,quickpizza-8b95978b5-jgvvs,quickpizza,neuronet-k8s-w2,flux,r4,Neuronet-ClusterTest,2021168582000,1884089965,22595633152,33104523264,38498304,0,15007338,90689536,95920128,95920128,22595633152,33104523264,32768,quickpizza/quickpizza-8b95978b5-jgvvs,quickpizza,quickpizza-8b95978b5-jgvvs,quickpizza,flux,Neuronet-ClusterTest,106377.228,0.0,flux,flux-node1,flux-node1.av.it.pt,302,neuronet-k8s-m3,0.276943054595708,34359738368,34359738368,0,0,489648128,4294967296,3805319168,88.59949111938477,running,0,0,0,0,5572844,right,pdu,89.578,88.839,219321.01041719,0.39,9.7,219321.01041719,1.546,0.997,-0.747,2833.5
2025-09-06 10:10:56,quickpizza,quickpizza-8b95978b5-jgvvs,quickpizza,neuronet-k8s-w2,flux,r4,Neuronet-ClusterTest,2120200796000,1590980694,22587432960,33104523264,45998080,0,15880907,74420224,78770176,78770176,22587432960,33104523264,32768,quickpizza/quickpizza-8b95978b5-jgvvs,quickpizza,quickpizza-8b95978b5-jgvvs,quickpizza,flux,Neuronet-ClusterTest,106377.228,0.0,flux,flux-node3,flux-node3.av.it.pt,185,neuronet-lb,0.0128268956503888,34359738368,34359738368,0,0,273813504,2147483648,1873670144,87.24956512451172,running,0,0,0,0,9324175,left,pdu,65.868,66.806,147835.00702179,0.275,13.3,147835.00702179,1.67,0.984,-7.915,6518.03
2025-09-06 10:11:56,quickpizza,quickpizza-8b95978b5-jgvvs,quickpizza,neuronet-k8s-w2,flux,r4,Neuronet-ClusterTest,2183430117000,500302713,22596505600,33104523264,36315136,0,16677894,62320640,65540096,65540096,22596505600,33104523264,32768,quickpizza/quickpizza-8b95978b5-jgvvs,quickpizza,quickpizza-8b95978b5-jgvvs,quickpizza,flux,Neuronet-ClusterTest,106377.228,0.0,flux,flux-node5,flux-node5.av.it.pt,184,neuronet-w3,0.611675001873221,64424509440,64424509440,0,0,7090548736,34359738368,27269189632,79.36378717422485,running,0,0,0,0,9830910,left,pdu,68.376,68.877,179898.0085447,0.3,11.4,179898.0085447,1.697,0.987,-8.086,811.07
2025-09-06 10:12:56,quickpizza,quickpizza-8b95978b5-jgvvs,quickpizza,neuronet-k8s-w2,flux,r4,Neuronet-ClusterTest,2232976569000,1416978448,22595018752,33104523264,38207488,0,17326698,67686400,71872512,71872512,22595018752,33104523264,32768,quickpizza/quickpizza-8b95978b5-jgvvs,quickpizza,quickpizza-8b95978b5-jgvvs,quickpizza,flux,Neuronet-ClusterTest,106377.228,0.0,flux,flux-node3,flux-node3.av.it.pt,306,neuronet-k8s-lb,0.0142937589881846,34359738368,34359738368,0,0,330616832,2147483648,1816866816,84.60445404052734,running,0,0,0,0,5153018,right,pdu,87.09,85.317,219325.01041738,0.379,8.8,219325.01041738,1.629,0.997,-1.033,3188.45
2025-09-06 10:13:56,quickpizza,quickpizza-8b95978b5-jgvvs,quickpizza,neuronet-k8s-w2,flux,r4,Neuronet-ClusterTest,2318140803000,1760103500,22587564032,33104523264,45985792,0,18076459,83423232,88489984,88489984,22587564032,33104523264,32768,quickpizza/quickpizza-8b95978b5-jgvvs,quickpizza,quickpizza-8b95978b5-jgvvs,quickpizza,flux,Neuronet-ClusterTest,106377.228,0.0,flux,flux-node5,flux-node5.av.it.pt,304,neuronet-k8s-w2,0.684146937922869,34359738368,34359738368,0,0,728911872,4294967296,3566055424,83.0286979675293,running,0,0,0,0,5530747,right,pdu,86.108,91.737,219327.01041747,0.376,6.5,219327.01041747,1.618,0.996,-1.021,4099.84
2025-09-06 10:14:56,quickpizza,quickpizza-8b95978b5-jgvvs,quickpizza,neuronet-k8s-w2,flux,r4,Neuronet-ClusterTest,2444880474000,1864154141,22587949056,33104523264,45539328,0,18936482,99635200,104742912,104742912,22587949056,33104523264,32768,quickpizza/quickpizza-8b95978b5-jgvvs,quickpizza,quickpizza-8b95978b5-jgvvs,quickpizza,flux,Neuronet-ClusterTest,106377.228,0.0,flux,flux-node4,flux-node4.av.it.pt,182,neuronet-w1,0.184465169371857,64424509440,64424509440,0,0,27594440704,34359738368,6765297664,19.689607620239254,running,0,0,0,0,5528821,left,pdu,62.5,62.437,147839.00702198,0.278,15.2,147839.00702198,1.672,0.977,-7.426,5593.67
2025-09-06 10:15:56,quickpizza,quickpizza-8b95978b5-jgvvs,quickpizza,neuronet-k8s-w2,flux,r4,Neuronet-ClusterTest,2560472362000,1657972421,22591545344,33104523264,41259008,0,19840890,74821632,79843328,79843328,22591545344,33104523264,32768,quickpizza/quickpizza-8b95978b5-jgvvs,quickpizza,quickpizza-8b95978b5-jgvvs,quickpizza,flux,Neuronet-ClusterTest,106377.228,0.0,flux,flux-node5,flux-node5.av.it.pt,303,neuronet-k8s-w1,0.057736500448295,34359738368,34359738368,0,0,410914816,4294967296,3884052480,90.43264389038086,running,0,0,0,0,5531012,left,pdu,70.825,76.626,179903.00854493,0.293,14.2,179903.00854493,1.645,0.99,-7.796,2785.76
2025-09-06 10:16:56,quickpizza,quickpizza-8b95978b5-jgvvs,quickpizza,neuronet-k8s-w2,flux,r4,Neuronet-ClusterTest,2625184473000,627880337,22589476864,33104523264,43110400,0,20710907,61747200,64995328,64995328,22589476864,33104523264,32768,quickpizza/quickpizza-8b95978b5-jgvvs,quickpizza,quickpizza-8b95978b5-jgvvs,quickpizza,flux,Neuronet-ClusterTest,106377.228,0.0,flux,flux-node5,flux-node5.av.it.pt,184,neuronet-w3,0.356086221590084,64424509440,64424509440,0,0,7193899008,34359738368,27165839360,79.06299829483032,running,0,0,0,0,9831210,left,pdu,64.862,74.356,179904.00854498,0.286,13.5,179904.00854498,1.729,0.972,-7.768,1048.72
2025-09-06 10:17:56,quickpizza,quickpizza-8b95978b5-jgvvs,quickpizza,neuronet-k8s-w2,flux,r4,Neuronet-ClusterTest,2662305883000,1350999644,22587678720,33104523264,45006848,0,21242364,68063232,72060928,72060928,22587678720,33104523264,32768,quickpizza/quickpizza-8b95978b5-jgvvs,quickpizza,quickpizza-8b95978b5-jgvvs,quickpizza,flux,Neuronet-ClusterTest,106377.228,0.0,flux,flux-node5,flux-node5.av.it.pt,304,neuronet-k8s-w2,0.409857264513423,34359738368,34359738368,0,0,740352000,4294967296,3554615296,82.76233673095703,running,0,0,0,0,5530988,left,pdu,69.028,72.495,179905.00854503,0.306,15.8,179905.00854503,1.719,0.978,-7.692,3756.74
2025-09-06 10:18:56,quickpizza,quickpizza-8b95978b5-jgvvs,quickpizza,neuronet-k8s-w2,flux,r4,Neuronet-ClusterTest,2786630138000,1838030409,22591037440,33104523264,41656320,0,22383217,90103808,95285248,95285248,22591037440,33104523264,32768,quickpizza/quickpizza-8b95978b5-jgvvs,quickpizza,quickpizza-8b95978b5-jgvvs,quickpizza,flux,Neuronet-ClusterTest,106377.228,0.0,flux,flux-node3,flux-node3.av.it.pt,306,neuronet-k8s-lb,0.0160230046089417,34359738368,34359738368,0,0,329682944,2147483648,1817800704,84.64794158935547,running,0,0,0,0,5153378,left,pdu,62.015,65.669,147843.00702217,0.274,16.1,147843.00702217,1.606,0.988,-7.676,1643.29
2025-09-06 10:19:56,quickpizza,quickpizza-8b95978b5-jgvvs,quickpizza,neuronet-k8s-w2,flux,r4,Neuronet-ClusterTest,2895680198000,1886035945,22591950848,33104523264,40632320,0,23093298,86233088,91160576,91160576,22591950848,33104523264,32768,quickpizza/quickpizza-8b95978b5-jgvvs,quickpizza,quickpizza-8b95978b5-jgvvs,quickpizza,flux,Neuronet-ClusterTest,106377.228,0.0,flux,flux-node3,flux-node3.av.it.pt,185,neuronet-lb,0.0108844874715498,34359738368,34359738368,0,0,272670720,2147483648,1874812928,87.30278015136719,running,0,0,0,0,9324715,left,pdu,64.993,66.766,147844.00702221,0.289,15.5,147844.00702221,1.621,0.986,-7.796,3393.76
2025-09-06 10:20:56,quickpizza,quickpizza-8b95978b5-jgvvs,quickpizza,neuronet-k8s-w2,flux,r4,Neuronet-ClusterTest,2990619529000,1660552944,22594830336,33104523264,37548032,0,23831327,79323136,84123648,84123648,22594830336,33104523264,32768,quickpizza/quickpizza-8b95978b5-jgvvs,quickpizza,quickpizza-8b95978b5-jgvvs,quickpizza,flux,Neuronet-ClusterTest,106377.228,0.0,flux,flux-node1,flux-node1.av.it.pt,302,neuronet-k8s-m3,0.269997042652412,34359738368,34359738368,0,0,504242176,4294967296,3790725120,88.25969696044922,running,0,0,0,0,5573504,left,pdu,67.422,68.209,179909.00854522,0.297,14.9,179909.00854522,1.595,0.986,-7.812,3890.57
2025-09-06 10:21:56,quickpizza,quickpizza-8b95978b5-jgvvs,quickpizza,neuronet-k8s-w2,flux,r4,Neuronet-ClusterTest,3067571905000,326814545,22592794624,33104523264,39563264,0,24751761,61698048,64995328,64995328,22592794624,33104523264,32768,quickpizza/quickpizza-8b95978b5-jgvvs,quickpizza,quickpizza-8b95978b5-jgvvs,quickpizza,flux,Neuronet-ClusterTest,106377.228,0.0,flux,flux-node3,flux-node3.av.it.pt,311,neuronet-5g-core,0.149704727008208,85899345920,85899345920,0,0,8712597504,17179869184,8467271680,49.28600788116455,running,0,0,0,0,1280604,left,pdu,68.738,59.395,147846.00702231,0.28,15.9,147846.00702231,1.766,0.961,-7.275,802.34
2025-09-06 10:22:56,quickpizza,quickpizza-8b95978b5-jgvvs,quickpizza,neuronet-k8s-w2,flux,r4,Neuronet-ClusterTest,3126760305000,1453804175,22591504384,33104523264,41472000,0,25530006,70873088,75079680,75079680,22591504384,33104523264,32768,quickpizza/quickpizza-8b95978b5-jgvvs,quickpizza,quickpizza-8b95978b5-jgvvs,quickpizza,flux,Neuronet-ClusterTest,106377.228,0.0,flux,flux-node5,flux-node5.av.it.pt,184,neuronet-w3,0.378877973545285,64424509440,64424509440,0,0,7066341376,34359738368,27293396992,79.43423986434937,running,0,0,0,0,9831570,left,pdu,79.711,81.607,184211.00874955,0.349,9.4,184211.00874955,1.72,0.994,-3.371,1575.99
2025-09-06 10:23:56,quickpizza,quickpizza-8b95978b5-jgvvs,quickpizza,neuronet-k8s-w2,flux,r4,Neuronet-ClusterTest,3211249888000,1765772402,22596071424,33104523264,37535744,0,26271239,85979136,90959872,90959872,22596071424,33104523264,32768,quickpizza/quickpizza-8b95978b5-jgvvs,quickpizza,quickpizza-8b95978b5-jgvvs,quickpizza,flux,Neuronet-ClusterTest,106377.228,0.0,flux,flux-node5,flux-node5.av.it.pt,184,neuronet-w3,0.392004736976029,64424509440,64424509440,0,0,7180836864,34359738368,27178901504,79.10101413726807,running,0,0,0,0,9831630,right,pdu,60.035,60.787,131066.0062253,0.264,13.9,131066.0062253,1.617,0.987,-7.251,1575.05
2025-09-06 10:24:56,quickpizza,quickpizza-8b95978b5-jgvvs,quickpizza,neuronet-k8s-w2,flux,r4,Neuronet-ClusterTest,3311714354000,1889841096,22585581568,33104523264,36012032,0,26982104,93843456,99647488,99647488,22585581568,33104523264,32768,quickpizza/quickpizza-8b95978b5-jgvvs,quickpizza,quickpizza-8b95978b5-jgvvs,quickpizza,flux,Neuronet-ClusterTest,106377.228,0.0,flux,flux-node5,flux-node5.av.it.pt,303,neuronet-k8s-w1,0.163102242628157,34359738368,34359738368,0,0,385220608,4294967296,3909746688,91.0308837890625,running,0,0,0,0,5531551,right,pdu,68.452,69.068,166339.00790068,0.299,12.0,166339.00790068,1.579,0.991,-6.09,1575.35
2025-09-06 10:25:56,quickpizza,quickpizza-8b95978b5-jgvvs,quickpizza,neuronet-k8s-w2,flux,r4,Neuronet-ClusterTest,3443563014000,1656855308,22589120512,33104523264,43618304,0,28030375,75726848,80322560,80322560,22589120512,33104523264,32768,quickpizza/quickpizza-8b95978b5-jgvvs,quickpizza,quickpizza-8b95978b5-jgvvs,quickpizza,flux,Neuronet-ClusterTest,106377.228,0.0,flux,flux-node3,flux-node3.av.it.pt,306,neuronet-k8s-lb,0.0159647277808335,34359738368,34359738368,0,0,331350016,2147483648,1816133632,84.5703125,running,0,0,0,0,5153798,right,pdu,67.001,67.641,166340.00790073,0.293,12.4,166340.00790073,1.615,0.99,-6.325,1574.81
2025-09-06 10:26:56,quickpizza,quickpizza-8b95978b5-jgvvs,quickpizza,neuronet-k8s-w2,flux,r4,Neuronet-ClusterTest,3501713011000,801453420,22586585088,33104523264,45465600,0,28679858,64561152,68157440,68157440,22586585088,33104523264,32768,quickpizza/quickpizza-8b95978b5-jgvvs,quickpizza,quickpizza-8b95978b5-jgvvs,quickpizza,flux,Neuronet-ClusterTest,106377.228,0.0,flux,flux-node4,flux-node4.av.it.pt,179,neuronet-m1,0.431432215320275,64424509440,64424509440,0,0,423624704,4294967296,3871342592,90.13671875,running,0,0,0,0,8874719,left,pdu,66.166,61.025,147852.00702259,0.292,16.5,147852.00702259,1.793,0.975,-7.573,810.9
2025-09-06 10:27:56,quickpizza,quickpizza-8b95978b5-jgvvs,quickpizza,neuronet-k8s-w2,flux,r4,Neuronet-ClusterTest,3559251503000,1524506360,22597033984,33104523264,35528704,0,29238688,76210176,80031744,80031744,22597033984,33104523264,32768,quickpizza/quickpizza-8b95978b5-jgvvs,quickpizza,quickpizza-8b95978b5-jgvvs,quickpizza,flux,Neuronet-ClusterTest,106377.228,0.0,flux,flux-node3,flux-node3.av.it.pt,306,neuronet-k8s-lb,0.0113380742187257,34359738368,34359738368,0,0,330911744,2147483648,1816571904,84.5907211303711,running,0,0,0,0,5153919,left,pdu,72.583,75.111,179917.0085456,0.319,18.2,179917.0085456,1.732,0.982,-7.716,2833.18
2025-09-06 10:28:56,quickpizza,quickpizza-8b95978b5-jgvvs,quickpizza,neuronet-k8s-w2,flux,r4,Neuronet-ClusterTest,13740238000,2558616705,22610595840,33104523264,22872064,0,0,0,0,136499200,22610595840,33104523264,32768,quickpizza/quickpizza-8b95978b5-jgvvs,,,,,,,,flux,flux-node4,flux-node4.av.it.pt,179,neuronet-m1,0.339484053932216,64424509440,64424509440,0,0,591880192,4294967296,3703087104,86.2192153930664,running,0,0,0,0,8874838,left,pdu,65.327,70.535,147853.00702264,0.29,18.2,147853.00702264,1.69,0.986,-7.39,4232.12
2025-09-06 10:29:56,quickpizza,quickpizza-8b95978b5-jgvvs,quickpizza,neuronet-k8s-w2,flux,r4,Neuronet-ClusterTest,142952536000,2462304537,22593142784,33104523264,40062976,0,69976,172101632,179593216,179593216,22593142784,33104523264,32768,quickpizza/quickpizza-8b95978b5-jgvvs,quickpizza,quickpizza-8b95978b5-jgvvs,quickpizza,flux,Neuronet-ClusterTest,9164.325,133045600.0,flux,flux-node5,flux-node5.av.it.pt,184,neuronet-w3,0.307712700397748,64424509440,64424509440,0,0,7184187392,34359738368,27175550976,79.09126281738281,running,0,0,0,0,9831991,left,pdu,70.714,78.451,179920.00854574,0.312,15.4,179920.00854574,1.622,0.989,-7.661,3528.49
2025-09-06 10:30:56,quickpizza,quickpizza-8b95978b5-jgvvs,quickpizza,neuronet-k8s-w2,flux,r4,Neuronet-ClusterTest,279685923000,1872378496,22591860736,33104523264,40370176,0,198188,70299648,75333632,75333632,22591860736,33104523264,32768,quickpizza/quickpizza-8b95978b5-jgvvs,quickpizza,quickpizza-8b95978b5-jgvvs,quickpizza,flux,Neuronet-ClusterTest,16569.018,123411550.0,flux,flux-node1,flux-node1.av.it.pt,300,neuronet-k8s-m1,0.389051740169082,34359738368,34359738368,0,0,557727744,4294967296,3737239552,87.01438903808594,running,0,0,0,0,5574300,right,pdu,66.862,67.406,166345.00790096,0.293,8.4,166345.00790096,1.605,0.99,-6.456,1393.6
2025-09-06 10:31:56,quickpizza,quickpizza-8b95978b5-jgvvs,quickpizza,neuronet-k8s-w2,flux,r4,Neuronet-ClusterTest,337020814000,244632110,22589607936,33104523264,42119168,0,641079,55963648,59293696,59293696,22589607936,33104523264,32768,quickpizza/quickpizza-8b95978b5-jgvvs,quickpizza,quickpizza-8b95978b5-jgvvs,quickpizza,flux,Neuronet-ClusterTest,19857.411,54806550.0,flux,flux-node1,flux-node1.av.it.pt,300,neuronet-k8s-m1,0.30554863849663,34359738368,34359738368,0,0,563089408,4294967296,3731877888,86.88955307006836,running,0,0,0,0,5574360,right,pdu,62.063,68.269,166345.00790096,0.273,13.0,166345.00790096,1.566,0.989,-6.305,809.61
2025-09-06 10:32:56,quickpizza,quickpizza-8b95978b5-jgvvs,quickpizza,neuronet-k8s-w2,flux,r4,Neuronet-ClusterTest,384531463000,1555334447,22587830272,33104523264,44118016,0,1057906,67469312,71426048,71426048,22587830272,33104523264,32768,quickpizza/quickpizza-8b95978b5-jgvvs,quickpizza,quickpizza-8b95978b5-jgvvs,quickpizza,flux,Neuronet-ClusterTest,24203.463,72434199.99999999,flux,flux-node4,flux-node4.av.it.pt,179,neuronet-m1,0.495164660761734,64424509440,64424509440,0,0,482349056,4294967296,3812618240,88.76943588256836,running,0,0,0,0,8875078,left,pdu,73.103,74.531,179924.00854593,0.323,15.6,179924.00854593,1.656,0.98,-8.094,3682.38
2025-09-06 10:33:56,quickpizza,quickpizza-8b95978b5-jgvvs,quickpizza,neuronet-k8s-w2,flux,r4,Neuronet-ClusterTest,491677342000,2024774173,22590926848,33104523264,41103360,0,1733644,107180032,113631232,113631232,22590926848,33104523264,32768,quickpizza/quickpizza-8b95978b5-jgvvs,quickpizza,quickpizza-8b95978b5-jgvvs,quickpizza,flux,Neuronet-ClusterTest,31211.214,116795850.0,flux,flux-node1,flux-node1.av.it.pt,302,neuronet-k8s-m3,0.271629223683207,34359738368,34359738368,0,0,489320448,4294967296,3805646848,88.60712051391602,running,0,0,0,0,5574285,left,pdu,68.508,72.658,179932.00854631,0.301,14.1,179932.00854631,1.724,0.988,-7.859,1577.29
2025-09-06 10:34:56,quickpizza,quickpizza-8b95978b5-jgvvs,quickpizza,neuronet-k8s-w2,flux,r4,Neuronet-ClusterTest,607616575000,2032809482,22588878848,33104523264,42835968,0,2299663,87228416,92712960,92712960,22588878848,33104523264,32768,quickpizza/quickpizza-8b95978b5-jgvvs,quickpizza,quickpizza-8b95978b5-jgvvs,quickpizza,flux,Neuronet-ClusterTest,38512.782,121692800.0,flux,flux-node5,flux-node5.av.it.pt,183,neuronet-w2,0.628655569837811,64424509440,64424509440,0,0,1373118464,34359738368,32986619904,96.00369930267334,running,0,0,0,0,9832304,left,pdu,74.228,66.289,179926.00854603,0.327,12.6,179926.00854603,1.722,0.976,-7.835,3652.23
2025-09-06 10:35:56,quickpizza,quickpizza-8b95978b5-jgvvs,quickpizza,neuronet-k8s-w2,flux,r4,Neuronet-ClusterTest,721841312000,1716131642,22591397888,33104523264,40148992,0,3098193,70578176,76058624,76058624,22591397888,33104523264,32768,quickpizza/quickpizza-8b95978b5-jgvvs,quickpizza,quickpizza-8b95978b5-jgvvs,quickpizza,flux,Neuronet-ClusterTest,45367.047,114237750.0,flux,flux-node4,flux-node4.av.it.pt,182,neuronet-w1,0.181043870147466,64424509440,64424509440,0,0,27575005184,34359738368,6784733184,19.746172428131104,running,0,0,0,0,5530082,right,pdu,66.715,65.152,166350.0079012,0.292,11.2,166350.0079012,1.609,0.989,-6.531,4417.68
2025-09-06 10:36:56,quickpizza,quickpizza-8b95978b5-jgvvs,quickpizza,neuronet-k8s-w2,flux,r4,Neuronet-ClusterTest,785309495000,786823455,22589198336,33104523264,42225664,0,3859994,58404864,61956096,61956096,22589198336,33104523264,32768,quickpizza/quickpizza-8b95978b5-jgvvs,quickpizza,quickpizza-8b95978b5-jgvvs,quickpizza,flux,Neuronet-ClusterTest,49391.622,67076250.00000008,flux,flux-node5,flux-node5.av.it.pt,184,neuronet-w3,0.363184829635401,64424509440,64424509440,0,0,7197949952,34359738368,27161788416,79.05120849609375,running,0,0,0,0,9832410,right,pdu,47.818,46.626,120226.00571043,0.209,15.8,120226.00571043,1.753,0.963,-8.567,1045.95
2025-09-06 10:37:56,quickpizza,quickpizza-8b95978b5-jgvvs,quickpizza,neuronet-k8s-w2,flux,r4,Neuronet-ClusterTest,836566387000,1427845970,22587219968,33104523264,44158976,0,4540914,67670016,71864320,71864320,22587219968,33104523264,32768,quickpizza/quickpizza-8b95978b5-jgvvs,quickpizza,quickpizza-8b95978b5-jgvvs,quickpizza,flux,Neuronet-ClusterTest,54262.557,81182249.99999997,flux,flux-node3,flux-node3.av.it.pt,185,neuronet-lb,0.0124009948229277,34359738368,34359738368,0,0,268861440,2147483648,1878622208,87.48016357421875,running,0,0,0,0,9325795,left,pdu,61.359,62.807,147863.00702312,0.273,15.6,147863.00702312,1.696,0.97,-7.263,3756.76
2025-09-06 10:38:56,quickpizza,quickpizza-8b95978b5-jgvvs,quickpizza,neuronet-k8s-w2,flux,r4,Neuronet-ClusterTest,924378004000,1781487796,22592225280,33104523264,40517632,0,5358422,80617472,85704704,85704704,22592225280,33104523264,32768,quickpizza/quickpizza-8b95978b5-jgvvs,quickpizza,quickpizza-8b95978b5-jgvvs,quickpizza,flux,Neuronet-ClusterTest,61085.094,113708949.99999994,flux,flux-node4,flux-node4.av.it.pt,182,neuronet-w1,0.100979066195341,64424509440,64424509440,0,0,27577122816,34359738368,6782615552,19.740009307861328,running,0,0,0,0,5530261,left,pdu,71.811,75.179,179931.00854626,0.34,14.1,179931.00854626,1.732,0.985,-7.931,2737.18
2025-09-06 10:39:56,quickpizza,quickpizza-8b95978b5-jgvvs,quickpizza,neuronet-k8s-w2,flux,r4,Neuronet-ClusterTest,1040000501000,1908662936,22592913408,33104523264,40042496,0,6141259,88899584,94076928,94076928,22592913408,33104523264,32768,quickpizza/quickpizza-8b95978b5-jgvvs,quickpizza,quickpizza-8b95978b5-jgvvs,quickpizza,flux,Neuronet-ClusterTest,68244.546,119324200.00000007,flux,flux-node3,flux-node3.av.it.pt,311,neuronet-5g-core,0.147892329220027,85899345920,85899345920,0,0,8736911360,17179869184,8442957824,49.14448261260986,running,0,0,0,0,1281684,right,pdu,95.605,93.244,219367.01041937,0.416,5.6,219367.01041937,1.672,0.996,-0.524,5090.66
2025-09-06 10:40:56,quickpizza,quickpizza-8b95978b5-jgvvs,quickpizza,neuronet-k8s-w2,flux,r4,Neuronet-ClusterTest,1166462088000,1615017388,22595141632,33104523264,36765696,0,7088211,73641984,78446592,78446592,22595141632,33104523264,32768,quickpizza/quickpizza-8b95978b5-jgvvs,quickpizza,quickpizza-8b95978b5-jgvvs,quickpizza,flux,Neuronet-ClusterTest,74967.501,113948389.8305085,flux,flux-node4,flux-node4.av.it.pt,182,neuronet-w1,0.183945818448698,64424509440,64424509440,0,0,27596070912,34359738368,6763667456,19.684863090515137,running,0,0,0,0,5530380,right,pdu,70.396,72.07,166356.00790149,0.308,11.6,166356.00790149,1.56,0.992,-6.027,4115.8
2025-09-06 10:41:56,quickpizza,quickpizza-8b95978b5-jgvvs,quickpizza,neuronet-k8s-w2,flux,r4,Neuronet-ClusterTest,1228711059000,422746605,22592512000,33104523264,38686720,0,7891474,61300736,64700416,64700416,22592512000,33104523264,32768,quickpizza/quickpizza-8b95978b5-jgvvs,quickpizza,quickpizza-8b95978b5-jgvvs,quickpizza,flux,Neuronet-ClusterTest,79118.1,69176650.00000004,flux,flux-node5,flux-node5.av.it.pt,304,neuronet-k8s-w2,0.577078671359578,34359738368,34359738368,0,0,762327040,4294967296,3532640256,82.25069046020508,running,0,0,0,0,5532428,left,pdu,61.371,64.731,147867.00702331,0.273,15.2,147867.00702331,1.688,0.982,-7.557,1046.91
2025-09-06 10:42:56,quickpizza,quickpizza-8b95978b5-jgvvs,quickpizza,neuronet-k8s-w2,flux,r4,Neuronet-ClusterTest,1286501439000,1472039758,22591070208,33104523264,40550400,0,8649298,72105984,76451840,76451840,22591070208,33104523264,32768,quickpizza/quickpizza-8b95978b5-jgvvs,quickpizza,quickpizza-8b95978b5-jgvvs,quickpizza,flux,Neuronet-ClusterTest,84122.682,83409699.99999991,flux,flux-node1,flux-node1.av.it.pt,301,neuronet-k8s-m2,0.23576719800655,34359738368,34359738368,0,0,464596992,4294967296,3830370304,89.18275833129883,running,0,0,0,0,5574846,left,pdu,69.04,70.122,179936.0085465,0.304,12.0,179936.0085465,1.684,0.984,-7.704,2536.66
2025-09-06 10:43:56,quickpizza,quickpizza-8b95978b5-jgvvs,quickpizza,neuronet-k8s-w2,flux,r4,Neuronet-ClusterTest,1373350580000,1835073023,22583951360,33104523264,36880384,0,9412099,91779072,96329728,96329728,22583951360,33104523264,32768,quickpizza/quickpizza-8b95978b5-jgvvs,quickpizza,quickpizza-8b95978b5-jgvvs,quickpizza,flux,Neuronet-ClusterTest,90983.091,114340150.0,flux,flux-node3,flux-node3.av.it.pt,185,neuronet-lb,0.0292779126933658,34359738368,34359738368,0,0,267960320,2147483648,1879523328,87.52212524414062,running,0,0,0,0,9326155,right,pdu,93.021,92.564,219373.01041966,0.405,7.7,219373.01041966,1.614,0.997,-0.54,2200.36
2025-09-06 10:44:56,quickpizza,quickpizza-8b95978b5-jgvvs,quickpizza,neuronet-k8s-w2,flux,r4,Neuronet-ClusterTest,1509008792000,1908098967,22584664064,33104523264,35336192,0,10317296,88936448,93921280,93921280,22584664064,33104523264,32768,quickpizza/quickpizza-8b95978b5-jgvvs,quickpizza,quickpizza-8b95978b5-jgvvs,quickpizza,flux,Neuronet-ClusterTest,98104.629,118692300.0,flux,flux-node1,flux-node1.av.it.pt,302,neuronet-k8s-m3,0.273986112922426,34359738368,34359738368,0,0,507875328,4294967296,3787091968,88.17510604858398,running,0,0,0,0,5574945,left,pdu,69.279,67.852,179939.00854664,0.305,13.6,179939.00854664,1.695,0.978,-7.899,1572.67
2025-09-06 10:45:56,quickpizza,quickpizza-8b95978b5-jgvvs,quickpizza,neuronet-k8s-w2,flux,r4,Neuronet-ClusterTest,1609730370000,1559563984,22588436480,33104523264,42975232,0,11175661,74371072,79441920,79441920,22588436480,33104523264,32768,quickpizza/quickpizza-8b95978b5-jgvvs,quickpizza,quickpizza-8b95978b5-jgvvs,quickpizza,flux,Neuronet-ClusterTest,104868.663,112733900.0,flux,flux-node4,flux-node4.av.it.pt,182,neuronet-w1,0.178382164556101,64424509440,64424509440,0,0,27597467648,34359738368,6762270720,19.68079805374145,running,0,0,0,0,5530681,right,pdu,67.478,68.054,166362.00790177,0.295,11.1,166362.00790177,1.575,0.991,-6.281,3864.24
2025-09-06 10:46:56,quickpizza,quickpizza-8b95978b5-jgvvs,quickpizza,neuronet-k8s-w2,flux,r4,Neuronet-ClusterTest,1671653462000,269697500,22586097664,33104523264,44789760,0,11983721,64131072,67485696,67485696,22586097664,33104523264,32768,quickpizza/quickpizza-8b95978b5-jgvvs,quickpizza,quickpizza-8b95978b5-jgvvs,quickpizza,flux,Neuronet-ClusterTest,109053.984,69755349.99999994,flux,flux-node4,flux-node4.av.it.pt,179,neuronet-m1,0.402637950204306,64424509440,64424509440,0,0,422039552,4294967296,3872927744,90.17362594604492,running,0,0,0,0,8875919,right,pdu,67.406,62.445,166363.00790182,0.295,9.8,166363.00790182,1.6,0.989,-6.364,1142.03
2025-09-06 10:47:56,quickpizza,quickpizza-8b95978b5-jgvvs,quickpizza,neuronet-k8s-w2,flux,r4,Neuronet-ClusterTest,1731794261000,1505575070,22595178496,33104523264,35971072,0,12819487,76845056,81432576,81432576,22595178496,33104523264,32768,quickpizza/quickpizza-8b95978b5-jgvvs,quickpizza,quickpizza-8b95978b5-jgvvs,quickpizza,flux,Neuronet-ClusterTest,114013.317,0.0,flux,flux-node1,flux-node1.av.it.pt,302,neuronet-k8s-m3,0.305228071027581,34359738368,34359738368,0,0,475049984,4294967296,3819917312,88.93938064575195,running,0,0,0,0,5575125,right,pdu,73.386,72.702,166364.00790187,0.321,9.7,166364.00790187,1.586,0.989,-6.229,4193.0
2025-09-06 10:48:56,quickpizza,quickpizza-8b95978b5-jgvvs,quickpizza,neuronet-k8s-w2,flux,r4,Neuronet-ClusterTest,1831433772000,1780176365,22587838464,33104523264,43532288,0,13724315,93683712,99258368,99258368,22587838464,33104523264,32768,quickpizza/quickpizza-8b95978b5-jgvvs,quickpizza,quickpizza-8b95978b5-jgvvs,quickpizza,flux,Neuronet-ClusterTest,120825.951,113543900.00000007,flux,flux-node5,flux-node5.av.it.pt,304,neuronet-k8s-w2,0.653786880925475,34359738368,34359738368,0,0,713592832,4294967296,3581374464,83.38537216186523,running,0,0,0,0,5532847,right,pdu,90.58,94.449,219380.01041999,0.394,7.3,219380.01041999,1.576,0.997,-0.862,2795.33
2025-09-06 10:49:56,quickpizza,quickpizza-8b95978b5-jgvvs,quickpizza,neuronet-k8s-w2,flux,r4,Neuronet-ClusterTest,32648941000,2608253338,22609289216,33104523264,22077440,0,47541,134586368,139571200,139571200,22609289216,33104523264,32768,quickpizza/quickpizza-8b95978b5-jgvvs,quickpizza,quickpizza-8b95978b5-jgvvs,quickpizza,flux,Neuronet-ClusterTest,122660.808,30580950.000000063,flux,flux-node5,flux-node5.av.it.pt,184,neuronet-w3,0.370371903809031,64424509440,64424509440,0,0,7200690176,34359738368,27159048192,79.0432333946228,running,0,0,0,0,9833189,left,pdu,74.646,72.714,179945.00854693,0.328,11.2,179945.00854693,1.602,0.989,-7.975,3818.54
2025-09-06 10:50:56,quickpizza,quickpizza-8b95978b5-jgvvs,quickpizza,neuronet-k8s-w2,flux,r4,Neuronet-ClusterTest,177602149000,1901905948,22596616192,33104523264,34230272,0,328618,72298496,77115392,77115392,22596616192,33104523264,32768,quickpizza/quickpizza-8b95978b5-jgvvs,quickpizza,quickpizza-8b95978b5-jgvvs,quickpizza,flux,Neuronet-ClusterTest,122660.808,0.0,flux,flux-node5,flux-node5.av.it.pt,183,neuronet-w2,0.619441892959744,64424509440,64424509440,0,0,1337647104,34359738368,33022091264,96.10693454742432,running,0,0,0,0,9833264,right,pdu,53.321,58.02,131091.00622649,0.235,14.7,131091.00622649,1.603,0.982,-7.283,2558.95
2025-09-06 10:51:56,quickpizza,quickpizza-8b95978b5-jgvvs,quickpizza,neuronet-k8s-w2,flux,r4,Neuronet-ClusterTest,235605970000,474847961,22594465792,33104523264,36114432,0,841144,53800960,57421824,57421824,22594465792,33104523264,32768,quickpizza/quickpizza-8b95978b5-jgvvs,quickpizza,quickpizza-8b95978b5-jgvvs,quickpizza,flux,Neuronet-ClusterTest,122660.808,0.0,flux,flux-node4,flux-node4.av.it.pt,182,neuronet-w1,0.167447341279195,64424509440,64424509440,0,0,27602104320,34359738368,6757634048,19.667303562164307,running,0,0,0,0,5531041,right,pdu,66.945,64.818,166369.0079021,0.293,11.9,166369.0079021,1.588,0.99,-6.245,815.88
2025-09-06 10:52:56,quickpizza,quickpizza-8b95978b5-jgvvs,quickpizza,neuronet-k8s-w2,flux,r4,Neuronet-ClusterTest,263587668000,1209375425,22604013568,33104523264,26562560,0,1097170,53669888,57221120,57221120,22604013568,33104523264,32768,quickpizza/quickpizza-8b95978b5-jgvvs,quickpizza,quickpizza-8b95978b5-jgvvs,quickpizza,flux,Neuronet-ClusterTest,122660.808,0.0,flux,flux-node5,flux-node5.av.it.pt,184,neuronet-w3,0.399049095123469,64424509440,64424509440,0,0,7189991424,34359738368,27169746944,79.07437086105347,running,0,0,0,0,9833370,right,pdu,68.885,70.424,166370.00790215,0.301,11.2,166370.00790215,1.622,0.991,-6.221,4574.86
2025-09-06 10:53:56,quickpizza,quickpizza-8b95978b5-jgvvs,quickpizza,neuronet-k8s-w2,flux,r4,Neuronet-ClusterTest,373039176000,1975252064,22594318336,33104523264,36274176,0,1893026,87732224,92495872,92495872,22594318336,33104523264,32768,quickpizza/quickpizza-8b95978b5-jgvvs,quickpizza,quickpizza-8b95978b5-jgvvs,quickpizza,flux,Neuronet-ClusterTest,122660.808,0.0,flux,flux-node3,flux-node3.av.it.pt,306,neuronet-k8s-lb,0.0133458794315974,34359738368,34359738368,0,0,329310208,2147483648,1818173440,84.66529846191406,running,0,0,0,0,5155478,right,pdu,67.955,67.299,166371.0079022,0.297,13.2,166371.0079022,1.587,0.991,-6.392,4140.06
2025-09-06 10:54:56,quickpizza,quickpizza-8b95978b5-jgvvs,quickpizza,neuronet-k8s-w2,flux,r4,Neuronet-ClusterTest,509627011000,1965502428,22593863680,33104523264,38195200,0,2555377,92184576,97288192,97288192,22593863680,33104523264,32768,quickpizza/quickpizza-8b95978b5-jgvvs,quickpizza,quickpizza-8b95978b5-jgvvs,quickpizza,flux,Neuronet-ClusterTest,122660.808,0.0,flux,flux-node5,flux-node5.av.it.pt,304,neuronet-k8s-w2,0.748041209572295,34359738368,34359738368,0,0,706715648,4294967296,3588251648,83.54549407958984,running,0,0,0,0,5533208,left,pdu,76.96,71.728,179951.00854721,0.341,13.1,179951.00854721,1.678,0.979,-7.712,1574.88
2025-09-06 10:55:56,quickpizza,quickpizza-8b95978b5-jgvvs,quickpizza,neuronet-k8s-w2,flux,r4,Neuronet-ClusterTest,615375772000,1796590216,22594928640,33104523264,36245504,0,3239900,81588224,86577152,86577152,22594928640,33104523264,32768,quickpizza/quickpizza-8b95978b5-jgvvs,quickpizza,quickpizza-8b95978b5-jgvvs,quickpizza,flux,Neuronet-ClusterTest,122660.808,0.0,flux,flux-node5,flux-node5.av.it.pt,183,neuronet-w2,0.625867424413187,64424509440,64424509440,0,0,1362796544,34359738368,32996941824,96.03374004364014,running,0,0,0,0,9833564,left,pdu,92.536,90.628,210857.01001517,0.405,8.4,210857.01001517,1.608,0.994,-4.603,4834.84
2025-09-06 10:56:56,quickpizza,quickpizza-8b95978b5-jgvvs,quickpizza,neuronet-k8s-w2,flux,r4,Neuronet-ClusterTest,689074966000,1005860240,22592106496,33104523264,38227968,0,4112543,55980032,59191296,59191296,22592106496,33104523264,32768,quickpizza/quickpizza-8b95978b5-jgvvs,quickpizza,quickpizza-8b95978b5-jgvvs,quickpizza,flux,Neuronet-ClusterTest,122660.808,0.0,flux,flux-node3,flux-node3.av.it.pt,311,neuronet-5g-core,0.149344784723108,85899345920,85899345920,0,0,8731762688,17179869184,8448106496,49.17445182800293,running,0,0,0,0,1282704,left,pdu,89.193,90.501,184258.00875179,0.389,10.3,184258.00875179,1.596,0.996,-2.914,812.13
2025-09-06 10:57:56,quickpizza,quickpizza-8b95978b5-jgvvs,quickpizza,neuronet-k8s-w2,flux,r4,Neuronet-ClusterTest,723357290000,1319436550,22590763008,33104523264,40226816,0,4619286,63143936,66957312,66957312,22590763008,33104523264,32768,quickpizza/quickpizza-8b95978b5-jgvvs,quickpizza,quickpizza-8b95978b5-jgvvs,quickpizza,flux,Neuronet-ClusterTest,122660.808,0.0,flux,flux-node3,flux-node3.av.it.pt,306,neuronet-k8s-lb,0.0146463178511336,34359738368,34359738368,0,0,329039872,2147483648,1818443776,84.67788696289062,running,0,0,0,0,5155718,right,pdu,94.743,94.997,219394.01042066,0.413,7.3,219394.01042066,1.589,0.997,-0.632,2890.34
2025-09-06 10:58:56,quickpizza,quickpizza-8b95978b5-jgvvs,quickpizza,neuronet-k8s-w2,flux,r4,Neuronet-ClusterTest,821647002000,1781052693,22595125248,33104523264,36466688,0,5519246,81874944,86712320,86712320,22595125248,33104523264,32768,quickpizza/quickpizza-8b95978b5-jgvvs,quickpizza,quickpizza-8b95978b5-jgvvs,quickpizza,flux,Neuronet-ClusterTest,122660.808,0.0,flux,flux-node3,flux-node3.av.it.pt,311,neuronet-5g-core,0.141109279432643,85899345920,85899345920,0,0,8718426112,17179869184,8461443072,49.2520809173584,running,0,0,0,0,1282825,left,pdu,73.342,70.173,179956.00854745,0.322,12.6,179956.00854745,1.705,0.985,-7.772,4474.36
2025-09-06 10:59:56,quickpizza,quickpizza-8b95978b5-jgvvs,quickpizza,neuronet-k8s-w2,flux,r4,Neuronet-ClusterTest,942843097000,1964053538,22595059712,33104523264,36089856,0,6276203,102522880,107884544,107884544,22595059712,33104523264,32768,quickpizza/quickpizza-8b95978b5-jgvvs,quickpizza,quickpizza-8b95978b5-jgvvs,quickpizza,flux,Neuronet-ClusterTest,122660.808,0.0,flux,flux-node5,flux-node5.av.it.pt,305,neuronet-k8s-w3,0.478870524726955,34359738368,34359738368,0,0,1087279104,4294967296,3207688192,74.68481063842773,running,0,0,0,0,5533489,right,pdu,66.782,71.032,166378.00790253,0.292,6.9,166378.00790253,1.572,0.99,-6.428,1860.78
2025-09-06 11:00:56,quickpizza,quickpizza-8b95978b5-jgvvs,quickpizza,neuronet-k8s-w2,flux,r4,Neuronet-ClusterTest,57198806000,1764085955,22601089024,33104523264,29589504,0,90289,48349184,51884032,51884032,22601089024,33104523264,32768,quickpizza/quickpizza-8b95978b5-jgvvs,quickpizza,quickpizza-8b95978b5-jgvvs,quickpizza,flux,Neuronet-ClusterTest,122660.808,0.0,flux,flux-node1,flux-node1.av.it.pt,301,neuronet-k8s-m2,0.32554656545587,34359738368,34359738368,0,0,485883904,4294967296,3809083392,88.6871337890625,running,0,0,0,0,5575926,right,pdu,91.988,92.258,219399.01042089,0.401,5.6,219399.01042089,1.583,0.997,-0.628,806.34
2025-09-06 11:01:56,quickpizza,quickpizza-8b95978b5-jgvvs,quickpizza,neuronet-k8s-w2,flux,r4,Neuronet-ClusterTest,111853864000,256007237,22598733824,33104523264,31301632,0,399689,48644096,51326976,51326976,22598733824,33104523264,32768,quickpizza/quickpizza-8b95978b5-jgvvs,quickpizza,quickpizza-8b95978b5-jgvvs,quickpizza,flux,Neuronet-ClusterTest,122660.808,0.0,flux,flux-node4,flux-node4.av.it.pt,182,neuronet-w1,0.182322292487341,64424509440,64424509440,0,0,27581067264,34359738368,6778671104,19.728529453277588,running,0,0,0,0,5531641,left,pdu,66.206,64.508,147888.0070243,0.291,16.7,147888.0070243,1.58,0.987,-7.72,802.87
2025-09-06 11:02:56,quickpizza,quickpizza-8b95978b5-jgvvs,quickpizza,neuronet-k8s-w2,flux,r4,Neuronet-ClusterTest,147396521000,1295696968,22597165056,33104523264,33292288,0,717152,53977088,57028608,57028608,22597165056,33104523264,32768,quickpizza/quickpizza-8b95978b5-jgvvs,quickpizza,quickpizza-8b95978b5-jgvvs,quickpizza,flux,Neuronet-ClusterTest,122660.808,0.0,flux,flux-node5,flux-node5.av.it.pt,303,neuronet-k8s-w1,0.10976777065867,34359738368,34359738368,0,0,624263168,4294967296,3670704128,85.46524047851562,running,0,0,0,0,5533831,left,pdu,57.785,61.375,147889.00702435,0.256,17.4,147889.00702435,1.723,0.975,-7.299,4460.69
2025-09-06 11:04:56,quickpizza,quickpizza-8b95978b5-jgvvs,quickpizza,neuronet-k8s-w2,flux,r4,Neuronet-ClusterTest,67960358000,2447313322,22601519104,33104523264,29216768,0,73510,160329728,166871040,166871040,22601519104,33104523264,32768,quickpizza/quickpizza-8b95978b5-jgvvs,quickpizza,quickpizza-8b95978b5-jgvvs,quickpizza,flux,Neuronet-ClusterTest,122660.808,0.0,flux,flux-node3,flux-node3.av.it.pt,185,neuronet-lb,0.0432544723470915,34359738368,34359738368,0,0,264458240,2147483648,1883025408,87.6852035522461,running,0,0,0,0,9327415,left,pdu,59.3,65.275,147891.00702445,0.263,14.5,147891.00702445,1.616,0.987,-7.342,2644.6
2025-09-06 11:05:56,quickpizza,quickpizza-8b95978b5-jgvvs,quickpizza,neuronet-k8s-w2,flux,r4,Neuronet-ClusterTest,232916839000,1947591167,22600208384,33104523264,29835264,0,253710,73392128,78381056,78381056,22600208384,33104523264,32768,quickpizza/quickpizza-8b95978b5-jgvvs,quickpizza,quickpizza-8b95978b5-jgvvs,quickpizza,flux,Neuronet-ClusterTest,122660.808,0.0,flux,flux-node3,flux-node3.av.it.pt,311,neuronet-5g-core,0.172827856281463,85899345920,85899345920,0,0,8705642496,17179869184,8474226688,49.326491355896,running,0,0,0,0,1283244,left,pdu,57.654,64.918,147892.00702449,0.259,18.2,147892.00702449,1.737,0.984,-7.128,2270.41
2025-09-06 11:06:56,quickpizza,quickpizza-8b95978b5-jgvvs,quickpizza,neuronet-k8s-w2,flux,r4,Neuronet-ClusterTest,284077138000,85373664,22598082560,33104523264,31637504,0,696624,58957824,62259200,62259200,22598082560,33104523264,32768,quickpizza/quickpizza-8b95978b5-jgvvs,quickpizza,quickpizza-8b95978b5-jgvvs,quickpizza,flux,Neuronet-ClusterTest,122660.808,0.0,flux,flux-node1,flux-node1.av.it.pt,300,neuronet-k8s-m1,0.307483235119406,34359738368,34359738368,0,0,540704768,4294967296,3754262528,87.41073608398438,running,0,0,0,0,5576460,right,pdu,68.993,69.672,166387.00790296,0.298,11.2,166387.00790296,1.638,0.99,-6.289,806.83
2025-09-06 11:07:56,quickpizza,quickpizza-8b95978b5-jgvvs,quickpizza,neuronet-k8s-w2,flux,r4,Neuronet-ClusterTest,306341462000,1039105242,22596259840,33104523264,33570816,0,893729,57602048,60923904,60923904,22596259840,33104523264,32768,quickpizza/quickpizza-8b95978b5-jgvvs,quickpizza,quickpizza-8b95978b5-jgvvs,quickpizza,flux,Neuronet-ClusterTest,122660.808,0.0,flux,flux-node5,flux-node5.av.it.pt,181,neuronet-m3,0.340652849510812,64424509440,64424509440,0,0,418045952,4294967296,3876921344,90.26660919189452,running,0,0,0,0,9834313,right,pdu,75.652,76.28,166388.00790301,0.331,8.9,166388.00790301,1.561,0.991,-6.325,2033.86
2025-09-06 11:08:56,quickpizza,quickpizza-8b95978b5-jgvvs,quickpizza,neuronet-k8s-w2,flux,r4,Neuronet-ClusterTest,445091964000,2046667738,22595821568,33104523264,34119680,0,1732842,91643904,97091584,97091584,22595821568,33104523264,32768,quickpizza/quickpizza-8b95978b5-jgvvs,quickpizza,quickpizza-8b95978b5-jgvvs,quickpizza,flux,Neuronet-ClusterTest,122660.808,0.0,flux,flux-node3,flux-node3.av.it.pt,306,neuronet-k8s-lb,0.0215861977747345,34359738368,34359738368,0,0,325963776,2147483648,1821519872,84.82112884521484,running,0,0,0,0,5156379,right,pdu,56.883,60.89,131109.00622734,0.251,11.4,131109.00622734,1.6,0.988,-7.609,4496.01
2025-09-06 11:09:56,quickpizza,quickpizza-8b95978b5-jgvvs,quickpizza,neuronet-k8s-w2,flux,r4,Neuronet-ClusterTest,568471930000,1980537267,22594248704,33104523264,35500032,0,2363819,96665600,102780928,102780928,22594248704,33104523264,32768,quickpizza/quickpizza-8b95978b5-jgvvs,quickpizza,quickpizza-8b95978b5-jgvvs,quickpizza,flux,Neuronet-ClusterTest,122660.808,0.0,flux,flux-node5,flux-node5.av.it.pt,304,neuronet-k8s-w2,0.744207147941066,34359738368,34359738368,0,0,704225280,4294967296,3590742016,83.60347747802734,running,0,0,0,0,5534107,right,pdu,90.791,91.228,219413.01042156,0.396,8.7,219413.01042156,1.685,0.995,-0.461,3284.35
2025-09-06 11:10:56,quickpizza,quickpizza-8b95978b5-jgvvs,quickpizza,neuronet-k8s-w2,flux,r4,Neuronet-ClusterTest,674484067000,1746295617,22585925632,33104523264,32014336,0,3062492,77856768,82628608,82628608,22597480448,33104523264,32768,quickpizza/quickpizza-8b95978b5-jgvvs,quickpizza,quickpizza-8b95978b5-jgvvs,quickpizza,flux,Neuronet-ClusterTest,122660.808,0.0,flux,flux-node5,flux-node5.av.it.pt,181,neuronet-m3,0.0,64424509440,64424509440,0,0,669323264,4294967296,3625644032,84.41610336303711,running,0,0,0,0,9834493,left,pdu,64.914,62.846,147897.00702473,0.291,12.7,147897.00702473,1.636,0.979,-7.235,6258.35
2025-09-06 11:11:56,quickpizza,quickpizza-8b95978b5-jgvvs,quickpizza,neuronet-k8s-w2,flux,r4,Neuronet-ClusterTest,736360128000,901273814,22595440640,33104523264,33976320,0,3826339,58712064,62214144,62214144,22595440640,33104523264,32768,quickpizza/quickpizza-8b95978b5-jgvvs,quickpizza,quickpizza-8b95978b5-jgvvs,quickpizza,flux,Neuronet-ClusterTest,122660.808,0.0,flux,flux-node1,flux-node1.av.it.pt,300,neuronet-k8s-m1,0.277454186238736,34359738368,34359738368,0,0,530178048,4294967296,3764789248,87.65583038330078,running,0,0,0,0,5576760,left,pdu,65.12,66.389,179972.00854821,0.289,15.0,179972.00854821,1.697,0.985,-7.915,809.27
2025-09-06 11:12:56,quickpizza,quickpizza-8b95978b5-jgvvs,quickpizza,neuronet-k8s-w2,flux,r4,Neuronet-ClusterTest,776706830000,1323824933,22594236416,33104523264,35917824,0,4395301,63479808,67158016,67158016,22594236416,33104523264,32768,quickpizza/quickpizza-8b95978b5-jgvvs,quickpizza,quickpizza-8b95978b5-jgvvs,quickpizza,flux,Neuronet-ClusterTest,122660.808,0.0,flux,flux-node5,flux-node5.av.it.pt,304,neuronet-k8s-w2,0.437358246519532,34359738368,34359738368,0,0,751149056,4294967296,3543818240,82.51094818115234,running,0,0,0,0,5534288,left,pdu,67.386,70.813,179974.00854831,0.313,15.4,179974.00854831,1.636,0.984,-7.672,1577.56
2025-09-06 11:13:56,quickpizza,quickpizza-8b95978b5-jgvvs,quickpizza,neuronet-k8s-w2,flux,r4,Neuronet-ClusterTest,901870713000,1877330328,22586957824,33104523264,32473088,0,5516971,93863936,98762752,98762752,22586957824,33104523264,32768,quickpizza/quickpizza-8b95978b5-jgvvs,quickpizza,quickpizza-8b95978b5-jgvvs,quickpizza,flux,Neuronet-ClusterTest,122660.808,0.0,flux,flux-node1,flux-node1.av.it.pt,302,neuronet-k8s-m3,0.23680597238835,34359738368,34359738368,0,0,482877440,4294967296,3812089856,88.75713348388672,running,0,0,0,0,5576684,left,pdu,64.922,70.889,179975.00854835,0.286,11.9,179975.00854835,1.622,0.988,-7.847,2057.27
2025-09-06 11:14:56,quickpizza,quickpizza-8b95978b5-jgvvs,quickpizza,neuronet-k8s-w2,flux,r4,Neuronet-ClusterTest,1012715186000,1936658656,22586990592,33104523264,31846400,0,6189107,88166400,93335552,93335552,22586990592,33104523264,32768,quickpizza/quickpizza-8b95978b5-jgvvs,quickpizza,quickpizza-8b95978b5-jgvvs,quickpizza,flux,Neuronet-ClusterTest,122660.808,0.0,flux,flux-node1,flux-node1.av.it.pt,301,neuronet-k8s-m2,0.335268865998225,34359738368,34359738368,0,0,503107584,4294967296,3791859712,88.28611373901367,running,0,0,0,0,5576766,right,pdu,71.112,70.161,166396.00790339,0.311,10.0,166396.00790339,1.561,0.991,-6.476,3002.28
2025-09-06 11:15:56,quickpizza,quickpizza-8b95978b5-jgvvs,quickpizza,neuronet-k8s-w2,flux,r4,Neuronet-ClusterTest,1119865027000,1656404666,22589992960,33104523264,39854080,0,7013511,77008896,81973248,81973248,22589992960,33104523264,32768,quickpizza/quickpizza-8b95978b5-jgvvs,quickpizza,quickpizza-8b95978b5-jgvvs,quickpizza,flux,Neuronet-ClusterTest,122660.808,0.0,flux,flux-node3,flux-node3.av.it.pt,311,neuronet-5g-core,0.146741280917016,85899345920,85899345920,0,0,8721203200,17179869184,8458665984,49.23591613769531,running,0,0,0,0,1283844,right,pdu,98.38,92.159,219422.01042199,0.428,7.7,219422.01042199,1.588,0.997,-0.485,2108.84
2025-09-06 11:16:56,quickpizza,quickpizza-8b95978b5-jgvvs,quickpizza,neuronet-k8s-w2,flux,r4,Neuronet-ClusterTest,1182364044000,970856133,22587236352,33104523264,41881600,0,7843556,60542976,63975424,63975424,22587236352,33104523264,32768,quickpizza/quickpizza-8b95978b5-jgvvs,quickpizza,quickpizza-8b95978b5-jgvvs,quickpizza,flux,Neuronet-ClusterTest,122660.808,0.0,flux,flux-node5,flux-node5.av.it.pt,183,neuronet-w2,0.609980368552512,64424509440,64424509440,0,0,1556680704,34359738368,32803057664,95.46946287155151,running,0,0,0,0,9834824,left,pdu,74.678,75.469,179979.00854854,0.328,16.5,179979.00854854,1.776,0.978,-7.979,1040.34
2025-09-06 11:17:56,quickpizza,quickpizza-8b95978b5-jgvvs,quickpizza,neuronet-k8s-w2,flux,r4,Neuronet-ClusterTest,1232700087000,1443906179,22597054464,33104523264,32567296,0,8582856,69709824,73916416,73916416,22597054464,33104523264,32768,quickpizza/quickpizza-8b95978b5-jgvvs,quickpizza,quickpizza-8b95978b5-jgvvs,quickpizza,flux,Neuronet-ClusterTest,122660.808,0.0,flux,flux-node3,flux-node3.av.it.pt,311,neuronet-5g-core,0.109752518420549,85899345920,85899345920,0,0,8702439424,17179869184,8477429760,49.34513568878174,running,0,0,0,0,1283964,right,pdu,99.828,98.814,219425.01042213,0.434,8.8,219425.01042213,1.599,0.997,-0.294,4602.04
2025-09-06 11:18:56,quickpizza,quickpizza-8b95978b5-jgvvs,quickpizza,neuronet-k8s-w2,flux,r4,Neuronet-ClusterTest,1323227271000,1771476832,22589702144,33104523264,40337408,0,9401567,81563648,86970368,86970368,22589702144,33104523264,32768,quickpizza/quickpizza-8b95978b5-jgvvs,quickpizza,quickpizza-8b95978b5-jgvvs,quickpizza,flux,Neuronet-ClusterTest,122660.808,0.0,flux,flux-node5,flux-node5.av.it.pt,303,neuronet-k8s-w1,0.0641684892827725,34359738368,34359738368,0,0,592306176,4294967296,3702661120,86.20929718017578,running,0,0,0,0,5534792,right,pdu,60.071,62.035,131118.00622777,0.265,13.0,131118.00622777,1.72,0.989,-7.716,2290.89
2025-09-06 11:19:56,quickpizza,quickpizza-8b95978b5-jgvvs,quickpizza,neuronet-k8s-w2,flux,r4,Neuronet-ClusterTest,1433749761000,1904290932,22589878272,33104523264,40083456,0,10210953,91246592,96018432,96018432,22589878272,33104523264,32768,quickpizza/quickpizza-8b95978b5-jgvvs,quickpizza,quickpizza-8b95978b5-jgvvs,quickpizza,flux,Neuronet-ClusterTest,122660.808,0.0,flux,flux-node3,flux-node3.av.it.pt,306,neuronet-k8s-lb,0.0181727197540152,34359738368,34359738368,0,0,326656000,2147483648,1820827648,84.78889465332031,running,0,0,0,0,5157039,left,pdu,77.822,73.895,179982.00854869,0.343,17.2,179982.00854869,1.697,0.977,-7.847,2456.21
2025-09-06 11:20:56,quickpizza,quickpizza-8b95978b5-jgvvs,quickpizza,neuronet-k8s-w2,flux,r4,Neuronet-ClusterTest,1554259483000,1641456653,22592835584,33104523264,36368384,0,11198239,74358784,79585280,79585280,22592835584,33104523264,32768,quickpizza/quickpizza-8b95978b5-jgvvs,quickpizza,quickpizza-8b95978b5-jgvvs,quickpizza,flux,Neuronet-ClusterTest,122660.808,0.0,flux,flux-node5,flux-node5.av.it.pt,304,neuronet-k8s-w2,0.622837877988998,34359738368,34359738368,0,0,720601088,4294967296,3574366208,83.22219848632812,running,0,0,0,0,5534767,right,pdu,71.795,69.716,166403.00790372,0.314,11.4,166403.00790372,1.573,0.991,-6.428,3409.16
2025-09-06 11:21:56,quickpizza,quickpizza-8b95978b5-jgvvs,quickpizza,neuronet-k8s-w2,flux,r4,Neuronet-ClusterTest,1621826857000,562237839,22590431232,33104523264,38371328,0,12106110,60354560,63995904,63995904,22590431232,33104523264,32768,quickpizza/quickpizza-8b95978b5-jgvvs,quickpizza,quickpizza-8b95978b5-jgvvs,quickpizza,flux,Neuronet-ClusterTest,122660.808,0.0,flux,flux-node1,flux-node1.av.it.pt,300,neuronet-k8s-m1,0.30616904558535,34359738368,34359738368,0,0,549662720,4294967296,3745304576,87.20216751098633,running,0,0,0,0,5577360,left,pdu,62.504,67.557,179985.00854883,0.276,15.2,179985.00854883,1.626,0.987,-7.641,803.36
2025-09-06 11:22:56,quickpizza,quickpizza-8b95978b5-jgvvs,quickpizza,neuronet-k8s-w2,flux,r4,Neuronet-ClusterTest,1660934891000,1329276559,22588739584,33104523264,40230912,0,12721915,65601536,69632000,69632000,22588739584,33104523264,32768,quickpizza/quickpizza-8b95978b5-jgvvs,quickpizza,quickpizza-8b95978b5-jgvvs,quickpizza,flux,Neuronet-ClusterTest,122660.808,0.0,flux,flux-node5,flux-node5.av.it.pt,303,neuronet-k8s-w1,0.162796664396194,34359738368,34359738368,0,0,580317184,4294967296,3714650112,86.48843765258789,running,0,0,0,0,5535032,right,pdu,71.485,68.849,166406.00790386,0.313,10.2,166406.00790386,1.625,0.987,-6.217,1547.65
2025-09-06 11:23:56,quickpizza,quickpizza-8b95978b5-jgvvs,quickpizza,neuronet-k8s-w2,flux,r4,Neuronet-ClusterTest,1765098472000,1800876566,22592593920,33104523264,36446208,0,13683013,92377088,98226176,98226176,22592593920,33104523264,32768,quickpizza/quickpizza-8b95978b5-jgvvs,quickpizza,quickpizza-8b95978b5-jgvvs,quickpizza,flux,Neuronet-ClusterTest,122660.808,0.0,flux,flux-node4,flux-node4.av.it.pt,182,neuronet-w1,0.180971737917014,64424509440,64424509440,0,0,27584995328,34359738368,6774743040,19.717097282409668,running,0,0,0,0,5532961,left,pdu,60.54,64.691,147911.0070254,0.268,14.7,147911.0070254,1.606,0.987,-7.331,2496.53
2025-09-06 11:24:56,quickpizza,quickpizza-8b95978b5-jgvvs,quickpizza,neuronet-k8s-w2,flux,r4,Neuronet-ClusterTest,1889617065000,1877166231,22593921024,33104523264,35196928,0,14539476,92975104,98263040,98263040,22593921024,33104523264,32768,quickpizza/quickpizza-8b95978b5-jgvvs,quickpizza,quickpizza-8b95978b5-jgvvs,quickpizza,flux,Neuronet-ClusterTest,122660.808,0.0,flux,flux-node4,flux-node4.av.it.pt,179,neuronet-m1,0.405043660588702,64424509440,64424509440,0,0,563707904,4294967296,3731259392,86.87515258789062,running,0,0,0,0,8878198,right,pdu,76.63,77.139,166408.00790396,0.335,8.3,166408.00790396,1.582,0.993,-6.078,2436.81
2025-09-06 11:25:56,quickpizza,quickpizza-8b95978b5-jgvvs,quickpizza,neuronet-k8s-w2,flux,r4,Neuronet-ClusterTest,1989417970000,1624265957,22586216448,33104523264,42475520,0,15403430,78028800,83030016,83030016,22586216448,33104523264,32768,quickpizza/quickpizza-8b95978b5-jgvvs,quickpizza,quickpizza-8b95978b5-jgvvs,quickpizza,flux,Neuronet-ClusterTest,122660.808,0.0,flux,flux-node4,flux-node4.av.it.pt,179,neuronet-m1,0.408070902934158,64424509440,64424509440,0,0,470024192,4294967296,3824943104,89.056396484375,running,0,0,0,0,8878258,left,pdu,77.095,66.202,179990.00854907,0.318,13.5,179990.00854907,1.663,0.982,-8.03,2794.52
2025-09-06 11:26:56,quickpizza,quickpizza-8b95978b5-jgvvs,quickpizza,neuronet-k8s-w2,flux,r4,Neuronet-ClusterTest,2061177723000,239095754,22595784704,33104523264,32710656,0,16357691,62169088,65515520,65515520,22595784704,33104523264,32768,quickpizza/quickpizza-8b95978b5-jgvvs,quickpizza,quickpizza-8b95978b5-jgvvs,quickpizza,flux,Neuronet-ClusterTest,122660.808,0.0,flux,flux-node3,flux-node3.av.it.pt,185,neuronet-lb,0.010897948186003,34359738368,34359738368,0,0,263835648,2147483648,1883648000,87.71419525146484,running,0,0,0,0,9328735,right,pdu,47.62,47.48,120270.00571252,0.215,18.8,120270.00571252,1.655,0.976,-8.336,807.62
2025-09-06 11:27:56,quickpizza,quickpizza-8b95978b5-jgvvs,quickpizza,neuronet-k8s-w2,flux,r4,Neuronet-ClusterTest,2106412305000,1394312415,22593921024,33104523264,34603008,0,17021487,68603904,72785920,72785920,22593921024,33104523264,32768,quickpizza/quickpizza-8b95978b5-jgvvs,quickpizza,quickpizza-8b95978b5-jgvvs,quickpizza,flux,Neuronet-ClusterTest,122660.808,0.0,flux,flux-node5,flux-node5.av.it.pt,183,neuronet-w2,0.627860320133057,64424509440,64424509440,0,0,1503924224,34359738368,32855814144,95.62300443649292,running,0,0,0,0,9835484,left,pdu,99.915,99.688,210906.0100175,0.433,11.0,210906.0100175,1.542,0.995,-4.583,3472.61
2025-09-06 11:28:56,quickpizza,quickpizza-8b95978b5-jgvvs,quickpizza,neuronet-k8s-w2,flux,r4,Neuronet-ClusterTest,2217441381000,1837661334,22587760640,33104523264,42270720,0,17985433,90390528,96071680,96071680,22587760640,33104523264,32768,quickpizza/quickpizza-8b95978b5-jgvvs,quickpizza,quickpizza-8b95978b5-jgvvs,quickpizza,flux,Neuronet-ClusterTest,122660.808,0.0,flux,flux-node5,flux-node5.av.it.pt,184,neuronet-w3,0.379114649672143,64424509440,64424509440,0,0,7168532480,34359738368,27191205888,79.13682460784912,running,0,0,0,0,9835530,left,pdu,61.518,65.021,147915.00702559,0.272,15.5,147915.00702559,1.662,0.987,-7.263,2906.73
2025-09-06 11:29:56,quickpizza,quickpizza-8b95978b5-jgvvs,quickpizza,neuronet-k8s-w2,flux,r4,Neuronet-ClusterTest,2339284498000,1878497440,22588067840,33104523264,41959424,0,18801988,95358976,100265984,100265984,22588067840,33104523264,32768,quickpizza/quickpizza-8b95978b5-jgvvs,quickpizza,quickpizza-8b95978b5-jgvvs,quickpizza,flux,Neuronet-ClusterTest,122660.808,0.0,flux,flux-node5,flux-node5.av.it.pt,183,neuronet-w2,0.636360088901322,64424509440,64424509440,0,0,1501089792,34359738368,32858648576,95.63125371932983,running,0,0,0,0,9835604,left,pdu,78.133,77.417,179995.0085493,0.344,13.7,179995.0085493,1.658,0.984,-7.438,2385.68
2025-09-06 11:30:56,quickpizza,quickpizza-8b95978b5-jgvvs,quickpizza,neuronet-k8s-w2,flux,r4,Neuronet-ClusterTest,2442782686000,1618417947,22591156224,33104523264,37888000,0,19600326,73879552,78733312,78733312,22591156224,33104523264,32768,quickpizza/quickpizza-8b95978b5-jgvvs,quickpizza,quickpizza-8b95978b5-jgvvs,quickpizza,flux,Neuronet-ClusterTest,122660.808,0.0,flux,flux-node3,flux-node3.av.it.pt,306,neuronet-k8s-lb,0.0164178342421032,34359738368,34359738368,0,0,325750784,2147483648,1821732864,84.83104705810547,running,0,0,0,0,5157698,right,pdu,67.812,69.382,166415.00790429,0.297,11.6,166415.00790429,1.556,0.992,-6.42,1938.36
2025-09-06 11:31:56,quickpizza,quickpizza-8b95978b5-jgvvs,quickpizza,neuronet-k8s-w2,flux,r4,Neuronet-ClusterTest,2503012664000,321361849,22588551168,33104523264,39714816,0,20449004,62312448,65605632,65605632,22588551168,33104523264,32768,quickpizza/quickpizza-8b95978b5-jgvvs,quickpizza,quickpizza-8b95978b5-jgvvs,quickpizza,flux,Neuronet-ClusterTest,122660.808,0.0,flux,flux-node3,flux-node3.av.it.pt,306,neuronet-k8s-lb,0.0149829754415059,34359738368,34359738368,0,0,325271552,2147483648,1822212096,84.85336303710938,running,0,0,0,0,5157759,left,pdu,69.867,64.79,179997.0085494,0.307,14.7,179997.0085494,1.8,0.981,-8.102,1044.23
2025-09-06 11:32:56,quickpizza,quickpizza-8b95978b5-jgvvs,quickpizza,neuronet-k8s-w2,flux,r4,Neuronet-ClusterTest,2542848192000,1318661913,22587183104,33104523264,41615360,0,21052459,67457024,71127040,71127040,22587183104,33104523264,32768,quickpizza/quickpizza-8b95978b5-jgvvs,quickpizza,quickpizza-8b95978b5-jgvvs,quickpizza,flux,Neuronet-ClusterTest,122660.808,0.0,flux,flux-node1,flux-node1.av.it.pt,300,neuronet-k8s-m1,0.311410594222718,34359738368,34359738368,0,0,525049856,4294967296,3769917440,87.77523040771484,running,0,0,0,0,5578020,right,pdu,50.808,49.357,120275.00571276,0.218,17.9,120275.00571276,1.659,0.974,-7.955,4676.8
2025-09-06 11:33:56,quickpizza,quickpizza-8b95978b5-jgvvs,quickpizza,neuronet-k8s-w2,flux,r4,Neuronet-ClusterTest,2643192626000,1888229107,22591959040,33104523264,37294080,0,21995387,92659712,98078720,98078720,22591959040,33104523264,32768,quickpizza/quickpizza-8b95978b5-jgvvs,quickpizza,quickpizza-8b95978b5-jgvvs,quickpizza,flux,Neuronet-ClusterTest,122660.808,0.0,flux,flux-node5,flux-node5.av.it.pt,305,neuronet-k8s-w3,0.354708224889884,34359738368,34359738368,0,0,1121918976,4294967296,3173048320,73.87828826904297,running,0,0,0,0,5535530,left,pdu,76.61,76.697,180000.00854954,0.336,14.9,180000.00854954,1.798,0.986,-7.923,1574.05
2025-09-06 11:34:56,quickpizza,quickpizza-8b95978b5-jgvvs,quickpizza,neuronet-k8s-w2,flux,r4,Neuronet-ClusterTest,2758245814000,1944830546,22591799296,33104523264,37363712,0,22799542,100327424,105590784,105590784,22591799296,33104523264,32768,quickpizza/quickpizza-8b95978b5-jgvvs,quickpizza,quickpizza-8b95978b5-jgvvs,quickpizza,flux,Neuronet-ClusterTest,122660.808,0.0,flux,flux-node5,flux-node5.av.it.pt,305,neuronet-k8s-w3,0.507756699934212,34359738368,34359738368,0,0,1114660864,4294967296,3180306432,74.04727935791016,running,0,0,0,0,5535590,left,pdu,60.886,67.792,147921.00702587,0.295,14.0,147921.00702587,1.691,0.987,-7.406,1839.12
2025-09-06 11:35:56,quickpizza,quickpizza-8b95978b5-jgvvs,quickpizza,neuronet-k8s-w2,flux,r4,Neuronet-ClusterTest,2881831558000,1643112358,22594695168,33104523264,33935360,0,23825799,78950400,84017152,84017152,22594695168,33104523264,32768,quickpizza/quickpizza-8b95978b5-jgvvs,quickpizza,quickpizza-8b95978b5-jgvvs,quickpizza,flux,Neuronet-ClusterTest,122660.808,0.0,flux,flux-node1,flux-node1.av.it.pt,300,neuronet-k8s-m1,0.32031206024814,34359738368,34359738368,0,0,507863040,4294967296,3787104256,88.1753921508789,running,0,0,0,0,5578200,right,pdu,97.005,95.657,219453.01042346,0.422,5.1,219453.01042346,1.559,0.997,0.671,3746.85
2025-09-06 11:36:56,quickpizza,quickpizza-8b95978b5-jgvvs,quickpizza,neuronet-k8s-w2,flux,r4,Neuronet-ClusterTest,2943755012000,1083262056,22591905792,33104523264,36024320,0,24639663,63049728,66977792,66977792,22591905792,33104523264,32768,quickpizza/quickpizza-8b95978b5-jgvvs,quickpizza,quickpizza-8b95978b5-jgvvs,quickpizza,flux,Neuronet-ClusterTest,122660.808,0.0,flux,flux-node4,flux-node4.av.it.pt,179,neuronet-m1,0.344384098720051,64424509440,64424509440,0,0,364060672,4294967296,3930906624,91.52355194091795,running,0,0,0,0,8878919,left,pdu,70.857,73.473,180004.00854973,0.313,17.4,180004.00854973,1.698,0.987,-7.967,1047.79
2025-09-06 11:37:56,quickpizza,quickpizza-8b95978b5-jgvvs,quickpizza,neuronet-k8s-w2,flux,r4,Neuronet-ClusterTest,2990121615000,1383915054,22590218240,33104523264,37974016,0,25345258,67907584,71823360,71823360,22590218240,33104523264,32768,quickpizza/quickpizza-8b95978b5-jgvvs,quickpizza,quickpizza-8b95978b5-jgvvs,quickpizza,flux,Neuronet-ClusterTest,122660.808,0.0,flux,flux-node1,flux-node1.av.it.pt,300,neuronet-k8s-m1,0.31081117787657,34359738368,34359738368,0,0,498970624,4294967296,3795996672,88.3824348449707,running,0,0,0,0,5578320,left,pdu,72.662,81.854,180005.00854978,0.321,14.6,180005.00854978,1.715,0.983,-7.907,4347.42
2025-09-06 11:38:56,quickpizza,quickpizza-8b95978b5-jgvvs,quickpizza,neuronet-k8s-w2,flux,r4,Neuronet-ClusterTest,3105296177000,1789216905,22594232320,33104523264,33980416,0,26435341,79876096,84369408,84369408,22594232320,33104523264,32768,quickpizza/quickpizza-8b95978b5-jgvvs,quickpizza,quickpizza-8b95978b5-jgvvs,quickpizza,flux,Neuronet-ClusterTest,122660.808,0.0,flux,flux-node4,flux-node4.av.it.pt,182,neuronet-w1,0.132476973502735,64424509440,64424509440,0,0,27579527168,34359738368,6780211200,19.733011722564697,running,0,0,0,0,5533861,right,pdu,72.575,69.903,166425.00790476,0.297,10.5,166425.00790476,1.563,0.991,-6.257,1577.92
2025-09-06 11:39:56,quickpizza,quickpizza-8b95978b5-jgvvs,quickpizza,neuronet-k8s-w2,flux,r4,Neuronet-ClusterTest,3205519833000,1853563784,22594846720,33104523264,33337344,0,27154747,91435008,96788480,96788480,22594846720,33104523264,32768,quickpizza/quickpizza-8b95978b5-jgvvs,quickpizza,quickpizza-8b95978b5-jgvvs,quickpizza,flux,Neuronet-ClusterTest,122660.808,0.0,flux,flux-node5,flux-node5.av.it.pt,304,neuronet-k8s-w2,0.614229074113433,34359738368,34359738368,0,0,708038656,4294967296,3586928640,83.51469039916992,running,0,0,0,0,5535908,left,pdu,76.308,73.934,180008.00854992,0.335,15.2,180008.00854992,1.563,0.989,-8.201,2873.23
2025-09-06 11:40:56,quickpizza,quickpizza-8b95978b5-jgvvs,quickpizza,neuronet-k8s-w2,flux,r4,Neuronet-ClusterTest,3314534974000,1691234701,22587031552,33104523264,40816640,0,28020976,78389248,83492864,83492864,22587031552,33104523264,32768,quickpizza/quickpizza-8b95978b5-jgvvs,quickpizza,quickpizza-8b95978b5-jgvvs,quickpizza,flux,Neuronet-ClusterTest,122660.808,0.0,flux,flux-node1,flux-node1.av.it.pt,188,neuronet-m2,0.276238847898171,64424509440,64424509440,0,0,655609856,4294967296,3639357440,84.73539352416992,running,0,0,0,0,9836185,right,pdu,65.669,73.696,166427.00790486,0.288,10.3,166427.00790486,1.591,0.991,-6.186,3358.16
2025-09-06 11:41:56,quickpizza,quickpizza-8b95978b5-jgvvs,quickpizza,neuronet-k8s-w2,flux,r4,Neuronet-ClusterTest,3379896524000,467573968,22596399104,33104523264,31191040,0,28733012,63754240,67137536,67137536,22596399104,33104523264,32768,quickpizza/quickpizza-8b95978b5-jgvvs,quickpizza,quickpizza-8b95978b5-jgvvs,quickpizza,flux,Neuronet-ClusterTest,122660.808,0.0,flux,flux-node1,flux-node1.av.it.pt,188,neuronet-m2,0.333014192959497,64424509440,64424509440,0,0,543965184,4294967296,3751002112,87.33482360839844,running,0,0,0,0,9836244,left,pdu,67.808,67.303,180010.00855002,0.304,13.4,180010.00855002,1.74,0.98,-8.364,815.64
2025-09-06 11:42:56,quickpizza,quickpizza-8b95978b5-jgvvs,quickpizza,neuronet-k8s-w2,flux,r4,Neuronet-ClusterTest,3420468371000,1380946572,22594519040,33104523264,33148928,0,29145110,71630848,75288576,75288576,22594519040,33104523264,32768,quickpizza/quickpizza-8b95978b5-jgvvs,quickpizza,quickpizza-8b95978b5-jgvvs,quickpizza,flux,Neuronet-ClusterTest,122660.808,0.0,flux,flux-node1,flux-node1.av.it.pt,302,neuronet-k8s-m3,0.279153814984624,34359738368,34359738368,0,0,472838144,4294967296,3822129152,88.99087905883789,running,0,0,0,0,5578425,left,pdu,90.099,93.721,210929.01001859,0.394,9.5,210929.01001859,1.712,0.989,-4.663,3314.68
2025-09-06 11:43:56,quickpizza,quickpizza-8b95978b5-jgvvs,quickpizza,neuronet-k8s-w2,flux,r4,Neuronet-ClusterTest,3523464194000,1880910283,22585720832,33104523264,31363072,0,29819154,103133184,108527616,108527616,22585720832,33104523264,32768,quickpizza/quickpizza-8b95978b5-jgvvs,quickpizza,quickpizza-8b95978b5-jgvvs,quickpizza,flux,Neuronet-ClusterTest,122660.808,0.0,flux,flux-node5,flux-node5.av.it.pt,303,neuronet-k8s-w1,0.152940128394701,34359738368,34359738368,0,0,570241024,4294967296,3724726272,86.72304153442383,running,0,0,0,0,5536292,right,pdu,71.561,67.367,166430.007905,0.313,7.9,166430.007905,1.65,0.988,-6.142,4013.69
2025-09-06 11:44:57,quickpizza,quickpizza-8b95978b5-jgvvs,quickpizza,neuronet-k8s-w2,flux,r4,Neuronet-ClusterTest,3654069778000,2052775641,22586073088,33104523264,42745856,0,30467514,106917888,112926720,112926720,22583943168,33104523264,32768,quickpizza/quickpizza-8b95978b5-jgvvs,quickpizza,quickpizza-8b95978b5-jgvvs,quickpizza,flux,Neuronet-ClusterTest,122660.808,0.0,flux,flux-node5,flux-node5.av.it.pt,184,neuronet-w3,0.347195602949535,64424509440,64424509440,0,0,7175442432,34359738368,27184295936,79.1167140007019,running,0,0,0,0,9836490,left,pdu,63.288,61.769,147932.00702639,0.282,15.1,147932.00702639,1.731,0.984,-7.398,2139.63
2025-09-06 11:45:56,quickpizza,quickpizza-8b95978b5-jgvvs,quickpizza,neuronet-k8s-w2,flux,r4,Neuronet-ClusterTest,3745598724000,1889924713,22586986496,33104523264,41324544,0,30996379,93478912,99020800,99020800,22586986496,33104523264,32768,quickpizza/quickpizza-8b95978b5-jgvvs,quickpizza,quickpizza-8b95978b5-jgvvs,quickpizza,flux,Neuronet-ClusterTest,122660.808,0.0,flux,flux-node3,flux-node3.av.it.pt,306,neuronet-k8s-lb,0.0166026455918213,34359738368,34359738368,0,0,324411392,2147483648,1823072256,84.89341735839844,running,0,0,0,0,5158598,right,pdu,89.614,98.571,219468.01042417,0.39,8.5,219468.01042417,1.555,0.997,-0.632,2731.33
2025-09-06 11:46:56,quickpizza,quickpizza-8b95978b5-jgvvs,quickpizza,neuronet-k8s-w2,flux,r4,Neuronet-ClusterTest,3826553450000,608669646,22596235264,33104523264,31129600,0,31763335,64540672,68026368,68026368,22596235264,33104523264,32768,quickpizza/quickpizza-8b95978b5-jgvvs,quickpizza,quickpizza-8b95978b5-jgvvs,quickpizza,flux,Neuronet-ClusterTest,122660.808,0.0,flux,flux-node3,flux-node3.av.it.pt,306,neuronet-k8s-lb,0.016009958656724,34359738368,34359738368,0,0,324755456,2147483648,1822728192,84.87739562988281,running,0,0,0,0,5158658,right,pdu,57.082,57.865,131144.00622901,0.251,12.6,131144.00622901,1.612,0.986,-7.223,803.59
2025-09-06 11:47:56,quickpizza,quickpizza-8b95978b5-jgvvs,quickpizza,neuronet-k8s-w2,flux,r4,Neuronet-ClusterTest,3880494707000,1462037699,22594859008,33104523264,33112064,0,32341571,74952704,78995456,78995456,22594859008,33104523264,32768,quickpizza/quickpizza-8b95978b5-jgvvs,quickpizza,quickpizza-8b95978b5-jgvvs,quickpizza,flux,Neuronet-ClusterTest,122660.808,0.0,flux,flux-node5,flux-node5.av.it.pt,305,neuronet-k8s-w3,0.252952555250482,34359738368,34359738368,0,0,1096265728,4294967296,3198701568,74.4755744934082,running,0,0,0,0,5536370,right,pdu,63.14,63.785,120288.00571337,0.279,11.9,120288.00571337,1.658,0.984,-8.273,2336.67
2025-09-06 11:48:56,quickpizza,quickpizza-8b95978b5-jgvvs,quickpizza,neuronet-k8s-w2,flux,r4,Neuronet-ClusterTest,3972353385000,1934020626,22586540032,33104523264,42049536,0,32957042,94363648,99639296,99639296,22586540032,33104523264,32768,quickpizza/quickpizza-8b95978b5-jgvvs,quickpizza,quickpizza-8b95978b5-jgvvs,quickpizza,flux,Neuronet-ClusterTest,122660.808,0.0,flux,flux-node5,flux-node5.av.it.pt,305,neuronet-k8s-w3,0.455686142749042,34359738368,34359738368,0,0,1120182272,4294967296,3174785024,73.9187240600586,running,0,0,0,0,5536430,left,pdu,74.932,75.58,180019.00855044,0.329,14.7,180019.00855044,1.626,0.99,-7.024,3318.52
2025-09-06 11:49:56,quickpizza,quickpizza-8b95978b5-jgvvs,quickpizza,neuronet-k8s-w2,flux,r4,Neuronet-ClusterTest,4091390835000,2016917307,22585331712,33104523264,43143168,0,33592427,98967552,104763392,104763392,22585331712,33104523264,32768,quickpizza/quickpizza-8b95978b5-jgvvs,quickpizza,quickpizza-8b95978b5-jgvvs,quickpizza,flux,Neuronet-ClusterTest,122660.808,0.0,flux,flux-node3,flux-node3.av.it.pt,311,neuronet-5g-core,0.145640984400032,85899345920,85899345920,0,0,8721174528,17179869184,8458694656,49.23608303070069,running,0,0,0,0,1285884,left,pdu,59.825,57.253,147936.00702658,0.263,14.8,147936.00702658,1.811,0.975,-7.593,1868.61
2025-09-06 11:50:56,quickpizza,quickpizza-8b95978b5-jgvvs,quickpizza,neuronet-k8s-w2,flux,r4,Neuronet-ClusterTest,4208266897000,1850715086,22587031552,33104523264,40804352,0,34198899,83828736,89337856,89337856,22587031552,33104523264,32768,quickpizza/quickpizza-8b95978b5-jgvvs,quickpizza,quickpizza-8b95978b5-jgvvs,quickpizza,flux,Neuronet-ClusterTest,122660.808,0.0,flux,flux-node5,flux-node5.av.it.pt,303,neuronet-k8s-w1,0.160636170163101,34359738368,34359738368,0,0,549154816,4294967296,3745812480,87.21399307250977,running,0,0,0,0,5536712,right,pdu,71.636,68.973,166438.00790538,0.287,10.4,166438.00790538,1.568,0.99,-6.325,4230.71
2025-09-06 11:51:56,quickpizza,quickpizza-8b95978b5-jgvvs,quickpizza,neuronet-k8s-w2,flux,r4,Neuronet-ClusterTest,4275768273000,184812553,22584393728,33104523264,30642176,0,34815024,68120576,71475200,71475200,22584393728,33104523264,32768,quickpizza/quickpizza-8b95978b5-jgvvs,quickpizza,quickpizza-8b95978b5-jgvvs,quickpizza,flux,Neuronet-ClusterTest,122660.808,0.0,flux,flux-node4,flux-node4.av.it.pt,182,neuronet-w1,0.182452213505889,64424509440,64424509440,0,0,27595067392,34359738368,6764670976,19.68778371810913,running,0,0,0,0,5534641,left,pdu,93.403,95.283,184334.0087554,0.408,8.0,184334.0087554,1.605,0.996,-3.375,804.18
2025-09-06 11:52:56,quickpizza,quickpizza-8b95978b5-jgvvs,quickpizza,neuronet-k8s-w2,flux,r4,Neuronet-ClusterTest,4308597840000,1279172888,22594854912,33104523264,32641024,0,35176734,69849088,73273344,73273344,22594854912,33104523264,32768,quickpizza/quickpizza-8b95978b5-jgvvs,quickpizza,quickpizza-8b95978b5-jgvvs,quickpizza,flux,Neuronet-ClusterTest,122660.808,0.0,flux,flux-node5,flux-node5.av.it.pt,184,neuronet-w3,0.394747008429365,64424509440,64424509440,0,0,7180369920,34359738368,27179368448,79.10237312316895,running,0,0,0,0,9836970,right,pdu,53.726,49.532,120293.00571361,0.238,13.4,120293.00571361,1.649,0.975,-8.364,1595.19
2025-09-06 11:53:56,quickpizza,quickpizza-8b95978b5-jgvvs,quickpizza,neuronet-k8s-w2,flux,r4,Neuronet-ClusterTest,4438334012000,1878809678,22586290176,33104523264,41529344,0,36081299,95707136,100708352,100708352,22586290176,33104523264,32768,quickpizza/quickpizza-8b95978b5-jgvvs,quickpizza,quickpizza-8b95978b5-jgvvs,quickpizza,flux,Neuronet-ClusterTest,122660.808,0.0,flux,flux-node1,flux-node1.av.it.pt,188,neuronet-m2,0.322854797198011,64424509440,64424509440,0,0,603381760,4294967296,3691585536,85.95142364501953,running,0,0,0,0,9836966,left,pdu,80.514,83.209,180025.00855073,0.353,11.5,180025.00855073,1.679,0.99,-7.843,4552.27
2025-09-06 11:54:56,quickpizza,quickpizza-8b95978b5-jgvvs,quickpizza,neuronet-k8s-w2,flux,r4,Neuronet-ClusterTest,4530620043000,1948377185,22585024512,33104523264,42520576,0,36591317,105496576,111857664,111857664,22585024512,33104523264,32768,quickpizza/quickpizza-8b95978b5-jgvvs,quickpizza,quickpizza-8b95978b5-jgvvs,quickpizza,flux,Neuronet-ClusterTest,122660.808,0.0,flux,flux-node3,flux-node3.av.it.pt,185,neuronet-lb,0.0110658507849765,34359738368,34359738368,0,0,262213632,2147483648,1885270016,87.78972625732422,running,0,0,0,0,9330415,left,pdu,56.934,63.522,147941.00702682,0.254,18.8,147941.00702682,1.747,0.967,-6.989,2428.61
2025-09-06 11:55:56,quickpizza,quickpizza-8b95978b5-jgvvs,quickpizza,neuronet-k8s-w2,flux,r4,Neuronet-ClusterTest,4647131215000,1775013099,22587355136,33104523264,39714816,0,37245418,85467136,90456064,90456064,22587355136,33104523264,32768,quickpizza/quickpizza-8b95978b5-jgvvs,quickpizza,quickpizza-8b95978b5-jgvvs,quickpizza,flux,Neuronet-ClusterTest,122660.808,0.0,flux,flux-node3,flux-node3.av.it.pt,306,neuronet-k8s-lb,0.014467453526212,34359738368,34359738368,0,0,321695744,2147483648,1825787904,85.0198745727539,running,0,0,0,0,5159199,right,pdu,57.125,60.938,131152.00622939,0.251,12.8,131152.00622939,1.624,0.985,-7.263,2697.69
2025-09-06 11:56:56,quickpizza,quickpizza-8b95978b5-jgvvs,quickpizza,neuronet-k8s-w2,flux,r4,Neuronet-ClusterTest,4718753551000,392486888,22584946688,33104523264,41791488,0,37958736,67452928,70914048,70914048,22584946688,33104523264,32768,quickpizza/quickpizza-8b95978b5-jgvvs,quickpizza,quickpizza-8b95978b5-jgvvs,quickpizza,flux,Neuronet-ClusterTest,122660.808,0.0,flux,flux-node1,flux-node1.av.it.pt,302,neuronet-k8s-m3,0.291730747550765,34359738368,34359738368,0,0,469581824,4294967296,3825385472,89.06669616699219,running,0,0,0,0,5579265,left,pdu,61.415,60.588,147943.00702692,0.271,15.4,147943.00702692,1.61,0.983,-7.804,807.77
2025-09-06 11:57:56,quickpizza,quickpizza-8b95978b5-jgvvs,quickpizza,neuronet-k8s-w2,flux,r4,Neuronet-ClusterTest,4753182823000,1326052228,22594899968,33104523264,31997952,0,38369822,72261632,76120064,76120064,22594899968,33104523264,32768,quickpizza/quickpizza-8b95978b5-jgvvs,quickpizza,quickpizza-8b95978b5-jgvvs,quickpizza,flux,Neuronet-ClusterTest,122660.808,0.0,flux,flux-node5,flux-node5.av.it.pt,184,neuronet-w3,0.605289225695093,64424509440,64424509440,0,0,7192453120,34359738368,27167285248,79.06720638275146,running,0,0,0,0,9837270,left,pdu,72.269,73.091,180031.00855101,0.317,15.1,180031.00855101,1.671,0.988,-7.752,4406.05
2025-09-06 11:58:56,quickpizza,quickpizza-8b95978b5-jgvvs,quickpizza,neuronet-k8s-w2,flux,r4,Neuronet-ClusterTest,4865400192000,2053920623,22585417728,33104523264,41676800,0,39118328,116633600,122642432,122642432,22585417728,33104523264,32768,quickpizza/quickpizza-8b95978b5-jgvvs,quickpizza,quickpizza-8b95978b5-jgvvs,quickpizza,flux,Neuronet-ClusterTest,122660.808,0.0,flux,flux-node3,flux-node3.av.it.pt,306,neuronet-k8s-lb,0.0147523562381667,34359738368,34359738368,0,0,323567616,2147483648,1823916032,84.93270874023438,running,0,0,0,0,5159378,left,pdu,98.241,98.79,210954.01001978,0.43,11.4,210954.01001978,1.572,0.994,-4.492,1572.49
2025-09-06 11:59:56,quickpizza,quickpizza-8b95978b5-jgvvs,quickpizza,neuronet-k8s-w2,flux,r4,Neuronet-ClusterTest,5006836628000,2072658914,22583656448,33104523264,43106304,0,39721324,97148928,102633472,102633472,22583656448,33104523264,32768,quickpizza/quickpizza-8b95978b5-jgvvs,quickpizza,quickpizza-8b95978b5-jgvvs,quickpizza,flux,Neuronet-ClusterTest,122660.808,0.0,flux,flux-node1,flux-node1.av.it.pt,188,neuronet-m2,0.352625375654933,64424509440,64424509440,0,0,604119040,4294967296,3690848256,85.93425750732422,running,0,0,0,0,9837324,left,pdu,65.077,65.951,180033.00855111,0.286,14.0,180033.00855111,1.646,0.986,-7.502,2381.02
2025-09-06 12:00:56,quickpizza,quickpizza-8b95978b5-jgvvs,quickpizza,neuronet-k8s-w2,flux,r4,Neuronet-ClusterTest,5094300890000,1688194331,22587555840,33104523264,39043072,0,40229770,84975616,90079232,90079232,22587555840,33104523264,32768,quickpizza/quickpizza-8b95978b5-jgvvs,quickpizza,quickpizza-8b95978b5-jgvvs,quickpizza,flux,Neuronet-ClusterTest,122660.808,0.0,flux,flux-node1,flux-node1.av.it.pt,302,neuronet-k8s-m3,0.275254011131318,34359738368,34359738368,0,0,488558592,4294967296,3806408704,88.62485885620117,running,0,0,0,0,5579504,right,pdu,61.828,60.02,131157.00622962,0.272,14.6,131157.00622962,1.637,0.984,-7.1,3971.68
2025-09-06 12:01:56,quickpizza,quickpizza-8b95978b5-jgvvs,quickpizza,neuronet-k8s-w2,flux,r4,Neuronet-ClusterTest,5166810560000,543114433,22585442304,33104523264,41070592,0,40908558,68759552,72269824,72269824,22585442304,33104523264,32768,quickpizza/quickpizza-8b95978b5-jgvvs,quickpizza,quickpizza-8b95978b5-jgvvs,quickpizza,flux,Neuronet-ClusterTest,122660.808,0.0,flux,flux-node1,flux-node1.av.it.pt,300,neuronet-k8s-m1,0.316231794820633,34359738368,34359738368,0,0,535511040,4294967296,3759456256,87.53166198730469,running,0,0,0,0,5579760,left,pdu,82.864,89.869,210958.01001997,0.391,11.2,210958.01001997,1.63,0.99,-4.965,808.33
2025-09-06 12:02:56,quickpizza,quickpizza-8b95978b5-jgvvs,quickpizza,neuronet-k8s-w2,flux,r4,Neuronet-ClusterTest,5224719200000,1479088006,22584160256,33104523264,30916608,0,41504502,80187392,84623360,84623360,22584160256,33104523264,32768,quickpizza/quickpizza-8b95978b5-jgvvs,quickpizza,quickpizza-8b95978b5-jgvvs,quickpizza,flux,Neuronet-ClusterTest,122660.808,0.0,flux,flux-node1,flux-node1.av.it.pt,188,neuronet-m2,0.305297301314463,64424509440,64424509440,0,0,546480128,4294967296,3748487168,87.2762680053711,running,0,0,0,0,9837504,right,pdu,67.112,67.864,166452.00790605,0.294,12.2,166452.00790605,1.593,0.988,-6.349,5009.31
2025-09-06 12:03:56,quickpizza,quickpizza-8b95978b5-jgvvs,quickpizza,neuronet-k8s-w2,flux,r4,Neuronet-ClusterTest,5318409470000,1929359924,22588051456,33104523264,39723008,0,42111961,95272960,100769792,100769792,22588051456,33104523264,32768,quickpizza/quickpizza-8b95978b5-jgvvs,quickpizza,quickpizza-8b95978b5-jgvvs,quickpizza,flux,Neuronet-ClusterTest,122660.808,0.0,flux,flux-node3,flux-node3.av.it.pt,185,neuronet-lb,0.0141549684590494,34359738368,34359738368,0,0,261324800,2147483648,1886158848,87.83111572265625,running,0,0,0,0,9330957,left,pdu,65.705,67.148,147950.00702725,0.292,16.3,147950.00702725,1.725,0.978,-8.13,4053.67
2025-09-06 12:04:56,quickpizza,quickpizza-8b95978b5-jgvvs,quickpizza,neuronet-k8s-w2,flux,r4,Neuronet-ClusterTest,5434888215000,2081903854,22587322368,33104523264,40726528,0,42735978,115781632,122212352,122212352,22587322368,33104523264,32768,quickpizza/quickpizza-8b95978b5-jgvvs,quickpizza,quickpizza-8b95978b5-jgvvs,quickpizza,flux,Neuronet-ClusterTest,122660.808,0.0,flux,flux-node3,flux-node3.av.it.pt,306,neuronet-k8s-lb,0.0145505496239362,34359738368,34359738368,0,0,317956096,2147483648,1829527552,85.19401550292969,running,0,0,0,0,5159738,right,pdu,69.688,71.489,166455.00790619,0.306,11.7,166455.00790619,1.605,0.99,-6.456,3189.44
2025-09-06 12:05:56,quickpizza,quickpizza-8b95978b5-jgvvs,quickpizza,neuronet-k8s-w2,flux,r4,Neuronet-ClusterTest,5528235900000,1759303069,22588612608,33104523264,38350848,0,43317876,87146496,92577792,92577792,22588612608,33104523264,32768,quickpizza/quickpizza-8b95978b5-jgvvs,quickpizza,quickpizza-8b95978b5-jgvvs,quickpizza,flux,Neuronet-ClusterTest,122660.808,0.0,flux,flux-node1,flux-node1.av.it.pt,300,neuronet-k8s-m1,0.307373249107676,34359738368,34359738368,0,0,541122560,4294967296,3753844736,87.40100860595703,running,0,0,0,0,5580001,left,pdu,62.592,59.141,147952.00702734,0.278,18.2,147952.00702734,1.845,0.955,-7.561,3370.88
2025-09-06 12:06:56,quickpizza,quickpizza-8b95978b5-jgvvs,quickpizza,neuronet-k8s-w2,flux,r4,Neuronet-ClusterTest,5612051158000,186441808,22585851904,33104523264,40419328,0,44120309,69767168,73117696,73117696,22585851904,33104523264,32768,quickpizza/quickpizza-8b95978b5-jgvvs,quickpizza,quickpizza-8b95978b5-jgvvs,quickpizza,flux,Neuronet-ClusterTest,122660.808,0.0,flux,flux-node1,flux-node1.av.it.pt,300,neuronet-k8s-m1,0.30461015496177,34359738368,34359738368,0,0,538480640,4294967296,3756486656,87.46252059936523,running,0,0,0,0,5580059,left,pdu,64.786,65.836,147953.00702739,0.286,16.9,147953.00702739,1.798,0.984,-7.474,810.02
2025-09-06 12:07:56,quickpizza,quickpizza-8b95978b5-jgvvs,quickpizza,neuronet-k8s-w2,flux,r4,Neuronet-ClusterTest,5663022689000,1459733755,22584320000,33104523264,42426368,0,44648359,79097856,83206144,83206144,22584320000,33104523264,32768,quickpizza/quickpizza-8b95978b5-jgvvs,quickpizza,quickpizza-8b95978b5-jgvvs,quickpizza,flux,Neuronet-ClusterTest,122660.808,0.0,flux,flux-node3,flux-node3.av.it.pt,311,neuronet-5g-core,0.151626378240299,85899345920,85899345920,0,0,8698433536,17179869184,8481435648,49.36845302581787,running,0,0,0,0,1286964,left,pdu,71.31,70.285,180043.00855158,0.315,12.6,180043.00855158,1.618,0.987,-7.486,3219.86
2025-09-06 12:08:56,quickpizza,quickpizza-8b95978b5-jgvvs,quickpizza,neuronet-k8s-w2,flux,r4,Neuronet-ClusterTest,5748841601000,1872038782,22587383808,33104523264,40132608,0,45193425,102846464,108187648,108187648,22587383808,33104523264,32768,quickpizza/quickpizza-8b95978b5-jgvvs,quickpizza,quickpizza-8b95978b5-jgvvs,quickpizza,flux,Neuronet-ClusterTest,122660.808,0.0,flux,flux-node3,flux-node3.av.it.pt,306,neuronet-k8s-lb,0.0155393302512507,34359738368,34359738368,0,0,323588096,2147483648,1823895552,84.93175506591797,running,0,0,0,0,5159978,right,pdu,88.251,95.554,219504.01042588,0.384,7.1,219504.01042588,1.561,0.996,-0.894,3311.63
2025-09-06 12:09:56,quickpizza,quickpizza-8b95978b5-jgvvs,quickpizza,neuronet-k8s-w2,flux,r4,Neuronet-ClusterTest,5894682163000,1948258879,22584651776,33104523264,42283008,0,45692581,106041344,111587328,111587328,22584651776,33104523264,32768,quickpizza/quickpizza-8b95978b5-jgvvs,quickpizza,quickpizza-8b95978b5-jgvvs,quickpizza,flux,Neuronet-ClusterTest,122660.808,0.0,flux,flux-node5,flux-node5.av.it.pt,303,neuronet-k8s-w1,0.157254287226488,34359738368,34359738368,0,0,502915072,4294967296,3792052224,88.29059600830078,running,0,0,0,0,5537852,left,pdu,78.657,79.798,180046.00855173,0.346,13.3,180046.00855173,1.662,0.986,-8.142,2382.37
2025-09-06 12:10:56,quickpizza,quickpizza-8b95978b5-jgvvs,quickpizza,neuronet-k8s-w2,flux,r4,Neuronet-ClusterTest,6009845278000,1735164305,22587072512,33104523264,39366656,0,46351857,89858048,94547968,94547968,22587072512,33104523264,32768,quickpizza/quickpizza-8b95978b5-jgvvs,quickpizza,quickpizza-8b95978b5-jgvvs,quickpizza,flux,Neuronet-ClusterTest,122660.808,0.0,flux,flux-node1,flux-node1.av.it.pt,300,neuronet-k8s-m1,0.308597166454779,34359738368,34359738368,0,0,533483520,4294967296,3761483776,87.5788688659668,running,0,0,0,0,5580300,right,pdu,66.214,69.768,166462.00790652,0.29,12.9,166462.00790652,1.605,0.992,-6.249,3631.74
2025-09-06 12:11:56,quickpizza,quickpizza-8b95978b5-jgvvs,quickpizza,neuronet-k8s-w2,flux,r4,Neuronet-ClusterTest,6067232829000,728940422,22595334144,33104523264,30629888,0,46940579,70991872,75231232,75231232,22595334144,33104523264,32768,quickpizza/quickpizza-8b95978b5-jgvvs,quickpizza,quickpizza-8b95978b5-jgvvs,quickpizza,flux,Neuronet-ClusterTest,122660.808,0.0,flux,flux-node3,flux-node3.av.it.pt,311,neuronet-5g-core,0.144851262748436,85899345920,85899345920,0,0,8717557760,17179869184,8462311424,49.25713539123535,running,0,0,0,0,1287204,right,pdu,65.788,66.385,166463.00790657,0.288,12.3,166463.00790657,1.593,0.99,-5.975,801.52
2025-09-06 12:12:56,quickpizza,quickpizza-8b95978b5-jgvvs,quickpizza,neuronet-k8s-w2,flux,r4,Neuronet-ClusterTest,6124396480000,1524190070,22593597440,33104523264,32534528,0,47555574,80064512,84373504,84373504,22593597440,33104523264,32768,quickpizza/quickpizza-8b95978b5-jgvvs,quickpizza,quickpizza-8b95978b5-jgvvs,quickpizza,flux,Neuronet-ClusterTest,122660.808,0.0,flux,flux-node3,flux-node3.av.it.pt,306,neuronet-k8s-lb,0.0211847144927694,34359738368,34359738368,0,0,321888256,2147483648,1825595392,85.01091003417969,running,0,0,0,0,5160219,left,pdu,81.87,74.073,180050.00855192,0.36,15.5,180050.00855192,1.657,0.983,-8.13,4055.85
2025-09-06 12:13:56,quickpizza,quickpizza-8b95978b5-jgvvs,quickpizza,neuronet-k8s-w2,flux,r4,Neuronet-ClusterTest,6221986098000,1911175549,22585061376,33104523264,41332736,0,48187395,100163584,105111552,105111552,22585061376,33104523264,32768,quickpizza/quickpizza-8b95978b5-jgvvs,quickpizza,quickpizza-8b95978b5-jgvvs,quickpizza,flux,Neuronet-ClusterTest,122660.808,0.0,flux,flux-node5,flux-node5.av.it.pt,184,neuronet-w3,0.330437952178994,64424509440,64424509440,0,0,7169810432,34359738368,27189927936,79.13310527801514,running,0,0,0,0,9838230,right,pdu,91.685,98.162,219512.01042626,0.399,8.4,219512.01042626,1.614,0.996,-0.727,1573.28
2025-09-06 12:14:56,quickpizza,quickpizza-8b95978b5-jgvvs,quickpizza,neuronet-k8s-w2,flux,r4,Neuronet-ClusterTest,6338764608000,2001493041,22594293760,33104523264,31858688,0,48715896,107663360,113672192,113672192,22594293760,33104523264,32768,quickpizza/quickpizza-8b95978b5-jgvvs,quickpizza,quickpizza-8b95978b5-jgvvs,quickpizza,flux,Neuronet-ClusterTest,122660.808,0.0,flux,flux-node3,flux-node3.av.it.pt,185,neuronet-lb,0.0367395877008676,34359738368,34359738368,0,0,257306624,2147483648,1890177024,88.01822662353516,running,0,0,0,0,9331615,right,pdu,66.361,70.042,166467.00790676,0.291,9.4,166467.00790676,1.601,0.99,-6.297,4662.83
2025-09-06 12:15:56,quickpizza,quickpizza-8b95978b5-jgvvs,quickpizza,neuronet-k8s-w2,flux,r4,Neuronet-ClusterTest,6455072562000,1693094020,22584778752,33104523264,41050112,0,49394615,85147648,90243072,90243072,22584778752,33104523264,32768,quickpizza/quickpizza-8b95978b5-jgvvs,quickpizza,quickpizza-8b95978b5-jgvvs,quickpizza,flux,Neuronet-ClusterTest,122660.808,0.0,flux,flux-node4,flux-node4.av.it.pt,179,neuronet-m1,0.400377124268622,64424509440,64424509440,0,0,466796544,4294967296,3828170752,89.13154602050781,running,0,0,0,0,8881258,right,pdu,90.66,95.633,219515.0104264,0.395,7.8,219515.0104264,1.614,0.996,-0.914,4698.27
2025-09-06 12:16:56,quickpizza,quickpizza-8b95978b5-jgvvs,quickpizza,neuronet-k8s-w2,flux,r4,Neuronet-ClusterTest,6519635351000,111257374,22593429504,33104523264,32231424,0,50038458,71659520,75026432,75026432,22593429504,33104523264,32768,quickpizza/quickpizza-8b95978b5-jgvvs,quickpizza,quickpizza-8b95978b5-jgvvs,quickpizza,flux,Neuronet-ClusterTest,122660.808,0.0,flux,flux-node5,flux-node5.av.it.pt,303,neuronet-k8s-w1,0.162380630676204,34359738368,34359738368,0,0,498143232,4294967296,3796824064,88.40169906616211,running,0,0,0,0,5538271,right,pdu,68.555,65.673,166469.00790685,0.3,11.0,166469.00790685,1.61,0.989,-6.357,808.38
2025-09-06 12:17:56,quickpizza,quickpizza-8b95978b5-jgvvs,quickpizza,neuronet-k8s-w2,flux,r4,Neuronet-ClusterTest,6554281064000,1275993085,22591479808,33104523264,34136064,0,50390656,76345344,80863232,80863232,22591479808,33104523264,32768,quickpizza/quickpizza-8b95978b5-jgvvs,quickpizza,quickpizza-8b95978b5-jgvvs,quickpizza,flux,Neuronet-ClusterTest,122660.808,0.0,flux,flux-node3,flux-node3.av.it.pt,185,neuronet-lb,0.0122336357559077,34359738368,34359738368,0,0,260698112,2147483648,1886785536,87.86029815673828,running,0,0,0,0,9331795,right,pdu,57.431,52.275,131173.00623038,0.244,12.6,131173.00623038,1.637,0.984,-7.14,4942.92
2025-09-06 12:18:56,quickpizza,quickpizza-8b95978b5-jgvvs,quickpizza,neuronet-k8s-w2,flux,r4,Neuronet-ClusterTest,294577000,0,22602493952,33104523264,23035904,0,0,0,0,7380992,22602493952,33104523264,32768,quickpizza/quickpizza-8b95978b5-jgvvs,,,,,,,,flux,flux-node3,flux-node3.av.it.pt,185,neuronet-lb,0.0178103532733685,34359738368,34359738368,0,0,260317184,2147483648,1887166464,87.87803649902344,running,0,0,0,0,9331856,left,pdu,67.291,67.076,180057.00855225,0.296,14.3,180057.00855225,1.672,0.986,-7.991,2760.33
2025-09-06 12:19:56,quickpizza,quickpizza-8b95978b5-jgvvs,quickpizza,neuronet-k8s-w2,flux,r4,Neuronet-ClusterTest,111771262000,2492158194,22588436480,33104523264,39563264,0,61482,142938112,149635072,149635072,22588436480,33104523264,32768,quickpizza/quickpizza-8b95978b5-jgvvs,quickpizza,quickpizza-8b95978b5-jgvvs,quickpizza,flux,Neuronet-ClusterTest,7864.629,130570750.0,flux,flux-node1,flux-node1.av.it.pt,301,neuronet-k8s-m2,0.215188183999754,34359738368,34359738368,0,0,459857920,4294967296,3835109376,89.29309844970703,running,0,0,0,0,5580666,left,pdu,73.795,71.943,180058.0085523,0.325,12.2,180058.0085523,1.747,0.985,-7.983,2271.51
2025-09-06 12:20:56,quickpizza,quickpizza-8b95978b5-jgvvs,quickpizza,neuronet-k8s-w2,flux,r4,Neuronet-ClusterTest,247186869000,2039477887,22586490880,33104523264,39792640,0,187952,78426112,83890176,83890176,22586490880,33104523264,32768,quickpizza/quickpizza-8b95978b5-jgvvs,quickpizza,quickpizza-8b95978b5-jgvvs,quickpizza,flux,Neuronet-ClusterTest,15228.462,122730550.0,flux,flux-node1,flux-node1.av.it.pt,301,neuronet-k8s-m2,0.321885297379368,34359738368,34359738368,0,0,456536064,4294967296,3838431232,89.37044143676758,running,0,0,0,0,5580726,right,pdu,69.748,70.34,166473.00790704,0.305,11.5,166473.00790704,1.581,0.991,-6.368,2183.22
2025-09-06 12:21:56,quickpizza,quickpizza-8b95978b5-jgvvs,quickpizza,neuronet-k8s-w2,flux,r4,Neuronet-ClusterTest,314715928000,85624978,22583808000,33104523264,41615360,0,703626,57380864,60588032,60588032,22583808000,33104523264,32768,quickpizza/quickpizza-8b95978b5-jgvvs,quickpizza,quickpizza-8b95978b5-jgvvs,quickpizza,flux,Neuronet-ClusterTest,18577.281,0.0,flux,flux-node1,flux-node1.av.it.pt,188,neuronet-m2,0.34007989157964,64424509440,64424509440,0,0,495640576,4294967296,3799326720,88.45996856689453,running,0,0,0,0,9838644,left,pdu,84.076,84.633,184376.00875739,0.368,9.0,184376.00875739,1.634,0.993,-3.2,811.04
2025-09-06 12:22:56,quickpizza,quickpizza-8b95978b5-jgvvs,quickpizza,neuronet-k8s-w2,flux,r4,Neuronet-ClusterTest,357895936000,1428956167,22582390784,33104523264,43569152,0,1093945,64274432,68247552,68247552,22582390784,33104523264,32768,quickpizza/quickpizza-8b95978b5-jgvvs,quickpizza,quickpizza-8b95978b5-jgvvs,quickpizza,flux,Neuronet-ClusterTest,22972.11,73247150.00000001,flux,flux-node5,flux-node5.av.it.pt,303,neuronet-k8s-w1,0.158030069676674,34359738368,34359738368,0,0,498352128,4294967296,3796615168,88.39683532714844,running,0,0,0,0,5538632,left,pdu,60.373,68.627,147970.0070282,0.268,17.7,147970.0070282,1.771,0.98,-7.525,2844.61
2025-09-06 12:23:56,quickpizza,quickpizza-8b95978b5-jgvvs,quickpizza,neuronet-k8s-w2,flux,r4,Neuronet-ClusterTest,462900340000,1961786256,22585380864,33104523264,40964096,0,1721875,83894272,89141248,89141248,22585380864,33104523264,32768,quickpizza/quickpizza-8b95978b5-jgvvs,quickpizza,quickpizza-8b95978b5-jgvvs,quickpizza,flux,Neuronet-ClusterTest,30016.95,119404067.79661018,flux,flux-node4,flux-node4.av.it.pt,179,neuronet-m1,0.391518482161502,64424509440,64424509440,0,0,529645568,4294967296,3765321728,87.66822814941406,running,0,0,0,0,8881738,right,pdu,69.39,69.915,166477.00790723,0.303,9.7,166477.00790723,1.557,0.992,-6.48,3502.82
2025-09-06 12:24:56,quickpizza,quickpizza-8b95978b5-jgvvs,quickpizza,neuronet-k8s-w2,flux,r4,Neuronet-ClusterTest,590992648000,1997325950,22583255040,33104523264,42995712,0,2391734,94158848,100265984,100265984,22583255040,33104523264,32768,quickpizza/quickpizza-8b95978b5-jgvvs,quickpizza,quickpizza-8b95978b5-jgvvs,quickpizza,flux,Neuronet-ClusterTest,37310.436,121558100.0,flux,flux-node3,flux-node3.av.it.pt,311,neuronet-5g-core,0.148714336336075,85899345920,85899345920,0,0,8696373248,17179869184,8483495936,49.38044548034668,running,0,0,0,0,1287984,left,pdu,71.016,76.602,180065.00855263,0.316,12.6,180065.00855263,1.691,0.978,-8.126,2410.28
2025-09-06 12:25:56,quickpizza,quickpizza-8b95978b5-jgvvs,quickpizza,neuronet-k8s-w2,flux,r4,Neuronet-ClusterTest,697149624000,1787845983,22585176064,33104523264,40407040,0,3098829,78163968,83341312,83341312,22585176064,33104523264,32768,quickpizza/quickpizza-8b95978b5-jgvvs,quickpizza,quickpizza-8b95978b5-jgvvs,quickpizza,flux,Neuronet-ClusterTest,44188.383,114632450.0,flux,flux-node5,flux-node5.av.it.pt,303,neuronet-k8s-w1,0.155276695161692,34359738368,34359738368,0,0,490950656,4294967296,3804016640,88.56916427612305,running,0,0,0,0,5538811,right,pdu,96.226,87.34,219530.01042712,0.419,5.9,219530.01042712,1.57,0.997,-0.552,3039.68
2025-09-06 12:26:56,quickpizza,quickpizza-8b95978b5-jgvvs,quickpizza,neuronet-k8s-w2,flux,r4,Neuronet-ClusterTest,766673448000,92235353,22582738944,33104523264,42373120,0,3950684,57815040,61018112,61018112,22582738944,33104523264,32768,quickpizza/quickpizza-8b95978b5-jgvvs,quickpizza,quickpizza-8b95978b5-jgvvs,quickpizza,flux,Neuronet-ClusterTest,48182.886,66575049.99999995,flux,flux-node3,flux-node3.av.it.pt,185,neuronet-lb,0.0131694910393676,34359738368,34359738368,0,0,260272128,2147483648,1887211520,87.88013458251953,running,0,0,0,0,9332335,right,pdu,98.492,99.959,219532.01042721,0.402,6.3,219532.01042721,1.52,0.998,-1.065,865.08
2025-09-06 12:27:56,quickpizza,quickpizza-8b95978b5-jgvvs,quickpizza,neuronet-k8s-w2,flux,r4,Neuronet-ClusterTest,809680557000,1375898790,22581067776,33104523264,44298240,0,4522558,65748992,69894144,69894144,22581067776,33104523264,32768,quickpizza/quickpizza-8b95978b5-jgvvs,quickpizza,quickpizza-8b95978b5-jgvvs,quickpizza,flux,Neuronet-ClusterTest,53030.904,80800300.00000006,flux,flux-node1,flux-node1.av.it.pt,302,neuronet-k8s-m3,0.295269230086808,34359738368,34359738368,0,0,466407424,4294967296,3828559872,89.14060592651367,running,0,0,0,0,5581125,left,pdu,66.118,62.791,147975.00702844,0.292,14.6,147975.00702844,1.605,0.989,-7.331,2153.48
2025-09-06 12:28:56,quickpizza,quickpizza-8b95978b5-jgvvs,quickpizza,neuronet-k8s-w2,flux,r4,Neuronet-ClusterTest,915915411000,1846752818,22584459264,33104523264,41070592,0,5420140,82116608,86827008,86827008,22584459264,33104523264,32768,quickpizza/quickpizza-8b95978b5-jgvvs,quickpizza,quickpizza-8b95978b5-jgvvs,quickpizza,flux,Neuronet-ClusterTest,59866.23,113922100.0,flux,flux-node5,flux-node5.av.it.pt,305,neuronet-k8s-w3,0.507850617819458,34359738368,34359738368,0,0,1095020544,4294967296,3199946752,74.50456619262695,running,0,0,0,0,5538829,right,pdu,68.48,69.215,166483.00790752,0.3,10.6,166483.00790752,1.627,0.989,-6.201,1575.13
2025-09-06 12:29:56,quickpizza,quickpizza-8b95978b5-jgvvs,quickpizza,neuronet-k8s-w2,flux,r4,Neuronet-ClusterTest,1048992183000,1993209365,22583640064,33104523264,41697280,0,6201567,94724096,100347904,100347904,22583640064,33104523264,32768,quickpizza/quickpizza-8b95978b5-jgvvs,quickpizza,quickpizza-8b95978b5-jgvvs,quickpizza,flux,Neuronet-ClusterTest,67141.182,0.0,flux,flux-node5,flux-node5.av.it.pt,305,neuronet-k8s-w3,0.505466703000059,34359738368,34359738368,0,0,1096601600,4294967296,3198365696,74.46775436401367,running,0,0,0,0,5538890,left,pdu,84.1,90.218,211001.01002201,0.369,8.9,211001.01002201,1.549,0.993,-4.945,3563.04
2025-09-06 12:30:56,quickpizza,quickpizza-8b95978b5-jgvvs,quickpizza,neuronet-k8s-w2,flux,r4,Neuronet-ClusterTest,1154277300000,1552872877,22575599616,33104523264,49446912,0,7070956,70512640,75333632,75333632,22575599616,33104523264,32768,quickpizza/quickpizza-8b95978b5-jgvvs,quickpizza,quickpizza-8b95978b5-jgvvs,quickpizza,flux,Neuronet-ClusterTest,73894.254,112551200.0,flux,flux-node1,flux-node1.av.it.pt,301,neuronet-k8s-m2,0.334470168792754,34359738368,34359738368,0,0,488022016,4294967296,3806945280,88.6373519897461,running,0,0,0,0,5581326,left,pdu,84.124,84.482,211003.0100221,0.368,11.0,211003.0100221,1.631,0.992,-4.742,1582.79
2025-09-06 12:31:56,quickpizza,quickpizza-8b95978b5-jgvvs,quickpizza,neuronet-k8s-w2,flux,r4,Neuronet-ClusterTest,1213891246000,218101173,22585950208,33104523264,38854656,0,7871538,59998208,63221760,63221760,22585950208,33104523264,32768,quickpizza/quickpizza-8b95978b5-jgvvs,quickpizza,quickpizza-8b95978b5-jgvvs,quickpizza,flux,Neuronet-ClusterTest,77992.086,68297199.99999993,flux,flux-node3,flux-node3.av.it.pt,306,neuronet-k8s-lb,0.0,34359738368,34359738368,0,0,322441216,2147483648,1825042432,84.98516082763672,running,0,0,0,0,5161358,left,pdu,90.02,87.296,184390.00875806,0.393,11.8,184390.00875806,1.606,0.995,-3.804,811.44
2025-09-06 12:32:56,quickpizza,quickpizza-8b95978b5-jgvvs,quickpizza,neuronet-k8s-w2,flux,r4,Neuronet-ClusterTest,1256315422000,1386562491,22584004608,33104523264,40796160,0,8494247,66727936,70594560,70594560,22584004608,33104523264,32768,quickpizza/quickpizza-8b95978b5-jgvvs,quickpizza,quickpizza-8b95978b5-jgvvs,quickpizza,flux,Neuronet-ClusterTest,83021.13,83817400.00000015,flux,flux-node5,flux-node5.av.it.pt,184,neuronet-w3,0.357837738667334,64424509440,64424509440,0,0,7176216576,34359738368,27183521792,79.1144609451294,running,0,0,0,0,9839370,left,pdu,65.907,67.689,147981.00702872,0.294,14.0,147981.00702872,1.767,0.973,-7.454,4988.38
2025-09-06 12:33:56,quickpizza,quickpizza-8b95978b5-jgvvs,quickpizza,neuronet-k8s-w2,flux,r4,Neuronet-ClusterTest,1363516360000,1778044597,22576484352,33104523264,48340992,0,9459706,84082688,89411584,89411584,22576484352,33104523264,32768,quickpizza/quickpizza-8b95978b5-jgvvs,quickpizza,quickpizza-8b95978b5-jgvvs,quickpizza,flux,Neuronet-ClusterTest,89822.388,113354300.00000004,flux,flux-node3,flux-node3.av.it.pt,306,neuronet-k8s-lb,0.0155773653013045,34359738368,34359738368,0,0,322555904,2147483648,1824927744,84.97982025146484,running,0,0,0,0,5161478,left,pdu,68.897,69.883,180076.00855315,0.303,12.2,180076.00855315,1.652,0.985,-7.672,3712.98
2025-09-06 12:34:56,quickpizza,quickpizza-8b95978b5-jgvvs,quickpizza,neuronet-k8s-w2,flux,r4,Neuronet-ClusterTest,1483489443000,1892040665,22578995200,33104523264,47190016,0,10284764,95006720,100372480,100372480,22578995200,33104523264,32768,quickpizza/quickpizza-8b95978b5-jgvvs,quickpizza,quickpizza-8b95978b5-jgvvs,quickpizza,flux,Neuronet-ClusterTest,96957.165,118912949.99999978,flux,flux-node5,flux-node5.av.it.pt,305,neuronet-k8s-w3,0.534580530464675,34359738368,34359738368,0,0,1090895872,4294967296,3204071424,74.60060119628906,running,0,0,0,0,5539190,right,pdu,67.637,68.229,166490.00790785,0.296,11.5,166490.00790785,1.537,0.991,-6.46,1575.83
2025-09-06 12:35:56,quickpizza,quickpizza-8b95978b5-jgvvs,quickpizza,neuronet-k8s-w2,flux,r4,Neuronet-ClusterTest,1574241084000,1683186180,22581960704,33104523264,43511808,0,10968920,78340096,83873792,83873792,22581960704,33104523264,32768,quickpizza/quickpizza-8b95978b5-jgvvs,quickpizza,quickpizza-8b95978b5-jgvvs,quickpizza,flux,Neuronet-ClusterTest,103735.77,112976750.00000018,flux,flux-node5,flux-node5.av.it.pt,305,neuronet-k8s-w3,0.497041978170492,34359738368,34359738368,0,0,1084198912,4294967296,3210768384,74.75652694702148,running,0,0,0,0,5539250,right,pdu,69.16,69.45,166491.0079079,0.302,11.2,166491.0079079,1.624,0.99,-6.492,2204.95
2025-09-06 12:36:56,quickpizza,quickpizza-8b95978b5-jgvvs,quickpizza,neuronet-k8s-w2,flux,r4,Neuronet-ClusterTest,1657644472000,553655901,22579085312,33104523264,45428736,0,12031656,61071360,64815104,64815104,22579085312,33104523264,32768,quickpizza/quickpizza-8b95978b5-jgvvs,quickpizza,quickpizza-8b95978b5-jgvvs,quickpizza,flux,Neuronet-ClusterTest,107904.897,69485449.99999988,flux,flux-node1,flux-node1.av.it.pt,302,neuronet-k8s-m3,0.282678480136671,34359738368,34359738368,0,0,461582336,4294967296,3833384960,89.25294876098633,running,0,0,0,0,5581664,right,pdu,57.26,56.966,120332.00571546,0.199,16.2,120332.00571546,1.654,0.977,-8.396,807.24
2025-09-06 12:37:56,quickpizza,quickpizza-8b95978b5-jgvvs,quickpizza,neuronet-k8s-w2,flux,r4,Neuronet-ClusterTest,1701126486000,1417038464,22577823744,33104523264,47374336,0,12683930,68444160,72257536,72257536,22577823744,33104523264,32768,quickpizza/quickpizza-8b95978b5-jgvvs,quickpizza,quickpizza-8b95978b5-jgvvs,quickpizza,flux,Neuronet-ClusterTest,112923.783,85065864.40677963,flux,flux-node1,flux-node1.av.it.pt,302,neuronet-k8s-m3,0.278584060468797,34359738368,34359738368,0,0,452894720,4294967296,3842072576,89.4552230834961,running,0,0,0,0,5581725,right,pdu,64.786,67.951,166493.00790799,0.284,10.3,166493.00790799,1.565,0.991,-6.201,5072.76
2025-09-06 12:38:56,quickpizza,quickpizza-8b95978b5-jgvvs,quickpizza,neuronet-k8s-w2,flux,r4,Neuronet-ClusterTest,1820520187000,1822887306,22582788096,33104523264,42782720,0,13767509,87740416,92655616,92655616,22582788096,33104523264,32768,quickpizza/quickpizza-8b95978b5-jgvvs,quickpizza,quickpizza-8b95978b5-jgvvs,quickpizza,flux,Neuronet-ClusterTest,119738.448,113577750.00000012,flux,flux-node4,flux-node4.av.it.pt,182,neuronet-w1,0.180015748471554,64424509440,64424509440,0,0,27571126272,34359738368,6788612096,19.75746154785156,running,0,0,0,0,5537461,right,pdu,71.613,69.613,166495.00790809,0.313,9.7,166495.00790809,1.627,0.991,-6.285,1573.81
2025-09-06 12:39:56,quickpizza,quickpizza-8b95978b5-jgvvs,quickpizza,neuronet-k8s-w2,flux,r4,Neuronet-ClusterTest,1935475877000,1892798501,22583586816,33104523264,41955328,0,14597936,98951168,104181760,104181760,22583586816,33104523264,32768,quickpizza/quickpizza-8b95978b5-jgvvs,quickpizza,quickpizza-8b95978b5-jgvvs,quickpizza,flux,Neuronet-ClusterTest,126825.552,118118399.99999988,flux,flux-node5,flux-node5.av.it.pt,181,neuronet-m3,0.347627223106918,64424509440,64424509440,0,0,654364672,4294967296,3640602624,84.76438522338867,running,0,0,0,0,9839833,left,pdu,67.371,63.566,147988.00702905,0.276,15.3,147988.00702905,1.676,0.981,-7.434,5304.02
2025-09-06 12:40:56,quickpizza,quickpizza-8b95978b5-jgvvs,quickpizza,neuronet-k8s-w2,flux,r4,Neuronet-ClusterTest,236168000,0,22586568704,33104523264,15216640,0,0,0,0,7102464,22586568704,33104523264,0,quickpizza/quickpizza-8b95978b5-jgvvs,quickpizza,quickpizza-8b95978b5-jgvvs,quickpizza,flux,Neuronet-ClusterTest,133171.806,105770900.00000024,flux,flux-node3,flux-node3.av.it.pt,185,neuronet-lb,0.0128850028388071,34359738368,34359738368,0,0,258883584,2147483648,1888600064,87.94479370117188,running,0,0,0,0,9333175,left,pdu,70.412,71.704,180085.00855358,0.311,11.2,180085.00855358,1.765,0.981,-7.291,3814.83
2025-09-06 12:41:56,quickpizza,quickpizza-8b95978b5-jgvvs,quickpizza,neuronet-k8s-w2,flux,r4,Neuronet-ClusterTest,27841472000,59388383,22607314944,33104523264,16953344,0,35773,37519360,39522304,39522304,22607314944,33104523264,32768,quickpizza/quickpizza-8b95978b5-jgvvs,quickpizza,quickpizza-8b95978b5-jgvvs,quickpizza,flux,Neuronet-ClusterTest,133171.806,0.0,flux,flux-node5,flux-node5.av.it.pt,181,neuronet-m3,0.398991400522564,64424509440,64424509440,0,0,428584960,4294967296,3866382336,90.0212287902832,running,0,0,0,0,9839954,left,pdu,59.197,58.891,147990.00702915,0.261,17.2,147990.00702915,1.724,0.973,-7.374,801.18
2025-09-06 12:42:56,quickpizza,quickpizza-8b95978b5-jgvvs,quickpizza,neuronet-k8s-w2,flux,r4,Neuronet-ClusterTest,47620031000,834433638,22605672448,33104523264,18968576,0,83751,38146048,40505344,40505344,22605672448,33104523264,32768,quickpizza/quickpizza-8b95978b5-jgvvs,quickpizza,quickpizza-8b95978b5-jgvvs,quickpizza,flux,Neuronet-ClusterTest,133171.806,0.0,flux,flux-node4,flux-node4.av.it.pt,182,neuronet-w1,0.186191382153153,64424509440,64424509440,0,0,27582619648,34359738368,6777118720,19.724011421203613,running,0,0,0,0,5537700,left,pdu,86.147,93.129,184405.00875877,0.405,10.2,184405.00875877,1.657,0.995,-3.236,1034.05
2025-09-06 12:43:56,quickpizza,quickpizza-8b95978b5-jgvvs,quickpizza,neuronet-k8s-w2,flux,r4,Neuronet-ClusterTest,166376125000,2120734968,22595629056,33104523264,29327360,0,651441,83812352,88662016,88662016,22595629056,33104523264,32768,quickpizza/quickpizza-8b95978b5-jgvvs,quickpizza,quickpizza-8b95978b5-jgvvs,quickpizza,flux,Neuronet-ClusterTest,133171.806,0.0,flux,flux-node5,flux-node5.av.it.pt,304,neuronet-k8s-w2,0.740649337512044,34359738368,34359738368,0,0,718516224,4294967296,3576451072,83.2707405090332,running,0,0,0,0,5539747,left,pdu,87.165,88.127,211023.01002305,0.381,9.9,211023.01002305,1.586,0.993,-5.227,2667.46
